project,bug_id,bug_info,bug_url,num_of_failing_tests,num_of_modified_sources,prompt
Cli,5,"Summary of configuration for Project: Cli
--------------------------------------------------------------------------------
    Script dir: /Users/likhithasurakasi/defects4j/framework
      Base dir: /Users/likhithasurakasi/defects4j
    Major root: /Users/likhithasurakasi/defects4j/major
      Repo dir: /Users/likhithasurakasi/defects4j/project_repos
--------------------------------------------------------------------------------
    Project ID: Cli
       Program: commons-cli
    Build file: /Users/likhithasurakasi/defects4j/framework/projects/Cli/Cli.build.xml
--------------------------------------------------------------------------------
           Vcs: Vcs::Git
    Repository: /Users/likhithasurakasi/defects4j/project_repos/commons-cli.git
     Commit db: /Users/likhithasurakasi/defects4j/framework/projects/Cli/active-bugs.csv
Number of bugs: 39
--------------------------------------------------------------------------------

Summary for Bug: Cli-5
--------------------------------------------------------------------------------
Revision ID (fixed version):
3880640ee6268a2ecb2912e1ae896153dc2229e5
--------------------------------------------------------------------------------
Revision date (fixed version):
2007-06-06 07:10:30 +0000
--------------------------------------------------------------------------------
Bug report id:
CLI-133
--------------------------------------------------------------------------------
Bug report url:
https://issues.apache.org/jira/browse/CLI-133
--------------------------------------------------------------------------------
Root cause in triggering tests:
 - org.apache.commons.cli.UtilTest::testStripLeadingHyphens
   --> java.lang.NullPointerException
 - org.apache.commons.cli.bug.BugCLI133Test::testOrder
   --> java.lang.NullPointerException
--------------------------------------------------------------------------------
List of modified sources:
 - org.apache.commons.cli.Util
--------------------------------------------------------------------------------
",https://issues.apache.org/jira/browse/CLI-133,1,1,"
            Bug report URL: https://issues.apache.org/jira/browse/CLI-133

            Original files:
            {'org.apache.commons.cli.Util.java': '/**\n * Licensed to the Apache Software Foundation (ASF) under one or more\n * contributor license agreements.  See the NOTICE file distributed with\n * this work for additional information regarding copyright ownership.\n * The ASF licenses this file to You under the Apache License, Version 2.0\n * (the ""License""); you may not use this file except in compliance with\n * the License.  You may obtain a copy of the License at\n *\n *     http://www.apache.org/licenses/LICENSE-2.0\n *\n * Unless required by applicable law or agreed to in writing, software\n * distributed under the License is distributed on an ""AS IS"" BASIS,\n * WITHOUT WARRANTIES OR CONDITIONS OF ANY KIND, either express or implied.\n * See the License for the specific language governing permissions and\n * limitations under the License.\n */\npackage org.apache.commons.cli;\n\n/**\n * Contains useful helper methods for classes within this package.\n *\n * @author John Keyes (john at integralsource.com)\n */\nclass Util {\n\n    /**\n     * <p>Remove the hyphens from the begining of <code>str</code> and\n     * return the new String.</p>\n     *\n     * @param str The string from which the hyphens should be removed.\n     *\n     * @return the new String.\n     */\n    static String stripLeadingHyphens(String str)\n    {\n        if (str.startsWith(""--""))\n        {\n            return str.substring(2, str.length());\n        }\n        else if (str.startsWith(""-""))\n        {\n            return str.substring(1, str.length());\n        }\n\n        return str;\n    }\n\n    /**\n     * Remove the leading and trailing quotes from <code>str</code>.\n     * E.g. if str is \'""one two""\', then \'one two\' is returned.\n     *\n     * @param str The string from which the leading and trailing quotes\n     * should be removed.\n     *\n     * @return The string without the leading and trailing quotes.\n     */\n    static String stripLeadingAndTrailingQuotes(String str)\n    {\n        if (str.startsWith(""\\"""")) {\n            str = str.substring(1, str.length());\n        }\n        if (str.endsWith(""\\"""")) {\n            str = str.substring(0, str.length()-1);\n        }\n        return str;\n    }\n}\n'}

            Instruction: Given bug report URL and Original files, fix the bug by rewriting the files in orignal files

            STRICTLY follow this format for each file. Do NOT add any extra text, explanations, or quotes. Repeat the format for multiple files.

            ---FILE_START---
            FILENAME: <full_file_name>
            CONTENT:
            <full file content here>
            ---FILE_END---
            
            "
Cli,12,"Summary of configuration for Project: Cli
--------------------------------------------------------------------------------
    Script dir: /Users/likhithasurakasi/defects4j/framework
      Base dir: /Users/likhithasurakasi/defects4j
    Major root: /Users/likhithasurakasi/defects4j/major
      Repo dir: /Users/likhithasurakasi/defects4j/project_repos
--------------------------------------------------------------------------------
    Project ID: Cli
       Program: commons-cli
    Build file: /Users/likhithasurakasi/defects4j/framework/projects/Cli/Cli.build.xml
--------------------------------------------------------------------------------
           Vcs: Vcs::Git
    Repository: /Users/likhithasurakasi/defects4j/project_repos/commons-cli.git
     Commit db: /Users/likhithasurakasi/defects4j/framework/projects/Cli/active-bugs.csv
Number of bugs: 39
--------------------------------------------------------------------------------

Summary for Bug: Cli-12
--------------------------------------------------------------------------------
Revision ID (fixed version):
aa050a69b2395f496f953f4f9c4f63a475dcf430
--------------------------------------------------------------------------------
Revision date (fixed version):
2008-06-01 10:01:50 +0000
--------------------------------------------------------------------------------
Bug report id:
cli-1
--------------------------------------------------------------------------------
Bug report url:
https://issues.apache.org/jira/browse/CLI-1
--------------------------------------------------------------------------------
Root cause in triggering tests:
 - org.apache.commons.cli.GnuParserTest::testShortWithEqual
   --> junit.framework.ComparisonFailure: expected:<[]bar> but was:<[=]bar>
 - org.apache.commons.cli.GnuParserTest::testLongWithEqualSingleDash
   --> junit.framework.ComparisonFailure: expected:<[]bar> but was:<[oo=]bar>
 - org.apache.commons.cli.GnuParserTest::testLongWithEqual
   --> org.apache.commons.cli.UnrecognizedOptionException: Unrecognized option: --foo=bar
--------------------------------------------------------------------------------
List of modified sources:
 - org.apache.commons.cli.GnuParser
--------------------------------------------------------------------------------
",https://issues.apache.org/jira/browse/CLI-1,1,1,"
            Bug report URL: https://issues.apache.org/jira/browse/CLI-1

            Original files:
            {'org.apache.commons.cli.GnuParser.java': '/**\n * Licensed to the Apache Software Foundation (ASF) under one or more\n * contributor license agreements.  See the NOTICE file distributed with\n * this work for additional information regarding copyright ownership.\n * The ASF licenses this file to You under the Apache License, Version 2.0\n * (the ""License""); you may not use this file except in compliance with\n * the License.  You may obtain a copy of the License at\n *\n *     http://www.apache.org/licenses/LICENSE-2.0\n *\n * Unless required by applicable law or agreed to in writing, software\n * distributed under the License is distributed on an ""AS IS"" BASIS,\n * WITHOUT WARRANTIES OR CONDITIONS OF ANY KIND, either express or implied.\n * See the License for the specific language governing permissions and\n * limitations under the License.\n */\n\npackage org.apache.commons.cli;\n\nimport java.util.ArrayList;\nimport java.util.List;\n\n/**\n * The class GnuParser provides an implementation of the \n * {@link Parser#flatten(Options,String[],boolean) flatten} method.\n *\n * @author John Keyes (john at integralsource.com)\n * @see Parser\n * @version $Revision$\n */\npublic class GnuParser extends Parser {\n\n    /**\n     * <p>This flatten method does so using the following rules:\n     * <ol>\n     *  <li>If an {@link Option} exists for the first character of \n     *  the <code>arguments</code> entry <b>AND</b> an {@link Option} \n     *  does not exist for the whole <code>argument</code> then\n     *  add the first character as an option to the processed tokens\n     *  list e.g. ""-D"" and add the rest of the entry to the also.</li>\n     *  <li>Otherwise just add the token to the processed tokens list.\n     *  </li>\n     * </ol>\n     * </p>\n     *\n     * @param options The Options to parse the arguments by.\n     * @param arguments The arguments that have to be flattened.\n     * @param stopAtNonOption specifies whether to stop \n     * flattening when a non option has been encountered\n     * @return a String array of the flattened arguments\n     */\n    protected String[] flatten(Options options, String[] arguments, boolean stopAtNonOption)\n    {\n        List tokens = new ArrayList();\n\n        boolean eatTheRest = false;\n\n        for (int i = 0; i < arguments.length; i++)\n        {\n            String arg = arguments[i];\n\n            if (""--"".equals(arg))\n            {\n                eatTheRest = true;\n                tokens.add(""--"");\n            }\n            else if (""-"".equals(arg))\n            {\n                tokens.add(""-"");\n            }\n            else if (arg.startsWith(""-""))\n            {\n                String opt = Util.stripLeadingHyphens(arg);\n\n                if (options.hasOption(opt))\n                {\n                    tokens.add(arg);\n                }\n                else\n                {\n                    if (options.hasOption(arg.substring(0, 2)))\n                    {\n                        // the format is --foo=value or -foo=value\n                        // the format is a special properties option (-Dproperty=value)\n                        tokens.add(arg.substring(0, 2)); // -D\n                        tokens.add(arg.substring(2)); // property=value\n                    }\n                    else\n                    {\n                        eatTheRest = stopAtNonOption;\n                        tokens.add(arg);\n                    }\n                }\n            }\n            else\n            {\n                tokens.add(arg);\n            }\n\n            if (eatTheRest)\n            {\n                for (i++; i < arguments.length; i++)\n                {\n                    tokens.add(arguments[i]);\n                }\n            }\n        }\n\n        return (String[]) tokens.toArray(new String[tokens.size()]);\n    }\n}\n\n'}

            Instruction: Given bug report URL and Original files, fix the bug by rewriting the files in orignal files

            STRICTLY follow this format for each file. Do NOT add any extra text, explanations, or quotes. Repeat the format for multiple files.

            ---FILE_START---
            FILENAME: <full_file_name>
            CONTENT:
            <full file content here>
            ---FILE_END---
            
            "
Cli,29,"Summary of configuration for Project: Cli
--------------------------------------------------------------------------------
    Script dir: /Users/likhithasurakasi/defects4j/framework
      Base dir: /Users/likhithasurakasi/defects4j
    Major root: /Users/likhithasurakasi/defects4j/major
      Repo dir: /Users/likhithasurakasi/defects4j/project_repos
--------------------------------------------------------------------------------
    Project ID: Cli
       Program: commons-cli
    Build file: /Users/likhithasurakasi/defects4j/framework/projects/Cli/Cli.build.xml
--------------------------------------------------------------------------------
           Vcs: Vcs::Git
    Repository: /Users/likhithasurakasi/defects4j/project_repos/commons-cli.git
     Commit db: /Users/likhithasurakasi/defects4j/framework/projects/Cli/active-bugs.csv
Number of bugs: 39
--------------------------------------------------------------------------------

Summary for Bug: Cli-29
--------------------------------------------------------------------------------
Revision ID (fixed version):
20002f7f4e971349a1c95dd3b05846c5b824b65c
--------------------------------------------------------------------------------
Revision date (fixed version):
2010-06-16 08:35:18 +0000
--------------------------------------------------------------------------------
Bug report id:
CLI-185
--------------------------------------------------------------------------------
Bug report url:
https://issues.apache.org/jira/browse/CLI-185
--------------------------------------------------------------------------------
Root cause in triggering tests:
 - org.apache.commons.cli.UtilTest::testStripLeadingAndTrailingQuotes
   --> junit.framework.ComparisonFailure: expected:<foo ""bar[""]> but was:<foo ""bar[]>
--------------------------------------------------------------------------------
List of modified sources:
 - org.apache.commons.cli.Util
--------------------------------------------------------------------------------
",https://issues.apache.org/jira/browse/CLI-185,1,1,"
            Bug report URL: https://issues.apache.org/jira/browse/CLI-185

            Original files:
            {'org.apache.commons.cli.Util.java': '/**\n * Licensed to the Apache Software Foundation (ASF) under one or more\n * contributor license agreements.  See the NOTICE file distributed with\n * this work for additional information regarding copyright ownership.\n * The ASF licenses this file to You under the Apache License, Version 2.0\n * (the ""License""); you may not use this file except in compliance with\n * the License.  You may obtain a copy of the License at\n *\n *     http://www.apache.org/licenses/LICENSE-2.0\n *\n * Unless required by applicable law or agreed to in writing, software\n * distributed under the License is distributed on an ""AS IS"" BASIS,\n * WITHOUT WARRANTIES OR CONDITIONS OF ANY KIND, either express or implied.\n * See the License for the specific language governing permissions and\n * limitations under the License.\n */\n\npackage org.apache.commons.cli;\n\n/**\n * Contains useful helper methods for classes within this package.\n *\n * @author John Keyes (john at integralsource.com)\n * @version $Revision$, $Date$\n */\nclass Util\n{\n    /**\n     * Remove the hyphens from the begining of <code>str</code> and\n     * return the new String.\n     *\n     * @param str The string from which the hyphens should be removed.\n     *\n     * @return the new String.\n     */\n    static String stripLeadingHyphens(String str)\n    {\n        if (str == null)\n        {\n            return null;\n        }\n        if (str.startsWith(""--""))\n        {\n            return str.substring(2, str.length());\n        }\n        else if (str.startsWith(""-""))\n        {\n            return str.substring(1, str.length());\n        }\n\n        return str;\n    }\n\n    /**\n     * Remove the leading and trailing quotes from <code>str</code>.\n     * E.g. if str is \'""one two""\', then \'one two\' is returned.\n     *\n     * @param str The string from which the leading and trailing quotes\n     * should be removed.\n     *\n     * @return The string without the leading and trailing quotes.\n     */\n    static String stripLeadingAndTrailingQuotes(String str)\n    {\n        if (str.startsWith(""\\""""))\n        {\n            str = str.substring(1, str.length());\n        }\n        int length = str.length();\n        if (str.endsWith(""\\""""))\n        {\n            str = str.substring(0, length - 1);\n        }\n        \n        return str;\n    }\n}\n\n'}

            Instruction: Given bug report URL and Original files, fix the bug by rewriting the files in orignal files

            STRICTLY follow this format for each file. Do NOT add any extra text, explanations, or quotes. Repeat the format for multiple files.

            ---FILE_START---
            FILENAME: <full_file_name>
            CONTENT:
            <full file content here>
            ---FILE_END---
            
            "
Closure,1,"Summary of configuration for Project: Closure
--------------------------------------------------------------------------------
    Script dir: /Users/likhithasurakasi/defects4j/framework
      Base dir: /Users/likhithasurakasi/defects4j
    Major root: /Users/likhithasurakasi/defects4j/major
      Repo dir: /Users/likhithasurakasi/defects4j/project_repos
--------------------------------------------------------------------------------
    Project ID: Closure
       Program: closure-compiler
    Build file: /Users/likhithasurakasi/defects4j/framework/projects/Closure/Closure.build.xml
--------------------------------------------------------------------------------
           Vcs: Vcs::Git
    Repository: /Users/likhithasurakasi/defects4j/project_repos/closure-compiler.git
     Commit db: /Users/likhithasurakasi/defects4j/framework/projects/Closure/active-bugs.csv
Number of bugs: 174
--------------------------------------------------------------------------------

Summary for Bug: Closure-1
--------------------------------------------------------------------------------
Revision ID (fixed version):
1dfad5043a207e032a78ef50c3cba50488bcd300
--------------------------------------------------------------------------------
Revision date (fixed version):
2013-01-05 01:20:43 +0000
--------------------------------------------------------------------------------
Bug report id:
253
--------------------------------------------------------------------------------
Bug report url:
https://storage.googleapis.com/google-code-archive/v2/code.google.com/closure-compiler/issues/issue-253.json
--------------------------------------------------------------------------------
Root cause in triggering tests:
 - com.google.javascript.jscomp.CommandLineRunnerTest::testSimpleModeLeavesUnusedParams
   --> junit.framework.AssertionFailedError: 
 - com.google.javascript.jscomp.CommandLineRunnerTest::testForwardDeclareDroppedTypes
   --> junit.framework.AssertionFailedError: 
 - com.google.javascript.jscomp.CommandLineRunnerTest::testDebugFlag1
   --> junit.framework.AssertionFailedError: 
 - com.google.javascript.jscomp.IntegrationTest::testIssue787
   --> junit.framework.AssertionFailedError: 
 - com.google.javascript.jscomp.RemoveUnusedVarsTest::testRemoveGlobal1
   --> junit.framework.AssertionFailedError: 
 - com.google.javascript.jscomp.RemoveUnusedVarsTest::testRemoveGlobal2
   --> junit.framework.AssertionFailedError: 
 - com.google.javascript.jscomp.RemoveUnusedVarsTest::testRemoveGlobal3
   --> junit.framework.AssertionFailedError: 
 - com.google.javascript.jscomp.RemoveUnusedVarsTest::testIssue168b
   --> junit.framework.AssertionFailedError: 
--------------------------------------------------------------------------------
List of modified sources:
 - com.google.javascript.jscomp.RemoveUnusedVars
--------------------------------------------------------------------------------
",https://storage.googleapis.com/google-code-archive/v2/code.google.com/closure-compiler/issues/issue-253.json,1,1,"
            Bug report URL: https://storage.googleapis.com/google-code-archive/v2/code.google.com/closure-compiler/issues/issue-253.json

            Original files:
            {}

            Instruction: Given bug report URL and Original files, fix the bug by rewriting the files in orignal files

            STRICTLY follow this format for each file. Do NOT add any extra text, explanations, or quotes. Repeat the format for multiple files.

            ---FILE_START---
            FILENAME: <full_file_name>
            CONTENT:
            <full file content here>
            ---FILE_END---
            
            "
Closure,2,"Summary of configuration for Project: Closure
--------------------------------------------------------------------------------
    Script dir: /Users/likhithasurakasi/defects4j/framework
      Base dir: /Users/likhithasurakasi/defects4j
    Major root: /Users/likhithasurakasi/defects4j/major
      Repo dir: /Users/likhithasurakasi/defects4j/project_repos
--------------------------------------------------------------------------------
    Project ID: Closure
       Program: closure-compiler
    Build file: /Users/likhithasurakasi/defects4j/framework/projects/Closure/Closure.build.xml
--------------------------------------------------------------------------------
           Vcs: Vcs::Git
    Repository: /Users/likhithasurakasi/defects4j/project_repos/closure-compiler.git
     Commit db: /Users/likhithasurakasi/defects4j/framework/projects/Closure/active-bugs.csv
Number of bugs: 174
--------------------------------------------------------------------------------

Summary for Bug: Closure-2
--------------------------------------------------------------------------------
Revision ID (fixed version):
d1cfe67977d8f3aaa85ec20c262171da394d5977
--------------------------------------------------------------------------------
Revision date (fixed version):
2012-12-22 00:16:42 +0000
--------------------------------------------------------------------------------
Bug report id:
884
--------------------------------------------------------------------------------
Bug report url:
https://storage.googleapis.com/google-code-archive/v2/code.google.com/closure-compiler/issues/issue-884.json
--------------------------------------------------------------------------------
Root cause in triggering tests:
 - com.google.javascript.jscomp.TypeCheckTest::testBadInterfaceExtendsNonExistentInterfaces
   --> java.lang.NullPointerException
--------------------------------------------------------------------------------
List of modified sources:
 - com.google.javascript.jscomp.TypeCheck
--------------------------------------------------------------------------------
",https://storage.googleapis.com/google-code-archive/v2/code.google.com/closure-compiler/issues/issue-884.json,1,1,"
            Bug report URL: https://storage.googleapis.com/google-code-archive/v2/code.google.com/closure-compiler/issues/issue-884.json

            Original files:
            {}

            Instruction: Given bug report URL and Original files, fix the bug by rewriting the files in orignal files

            STRICTLY follow this format for each file. Do NOT add any extra text, explanations, or quotes. Repeat the format for multiple files.

            ---FILE_START---
            FILENAME: <full_file_name>
            CONTENT:
            <full file content here>
            ---FILE_END---
            
            "
Closure,3,"Summary of configuration for Project: Closure
--------------------------------------------------------------------------------
    Script dir: /Users/likhithasurakasi/defects4j/framework
      Base dir: /Users/likhithasurakasi/defects4j
    Major root: /Users/likhithasurakasi/defects4j/major
      Repo dir: /Users/likhithasurakasi/defects4j/project_repos
--------------------------------------------------------------------------------
    Project ID: Closure
       Program: closure-compiler
    Build file: /Users/likhithasurakasi/defects4j/framework/projects/Closure/Closure.build.xml
--------------------------------------------------------------------------------
           Vcs: Vcs::Git
    Repository: /Users/likhithasurakasi/defects4j/project_repos/closure-compiler.git
     Commit db: /Users/likhithasurakasi/defects4j/framework/projects/Closure/active-bugs.csv
Number of bugs: 174
--------------------------------------------------------------------------------

Summary for Bug: Closure-3
--------------------------------------------------------------------------------
Revision ID (fixed version):
d80fcc04239ab8c4cf781273c4f9bc54cf06f479
--------------------------------------------------------------------------------
Revision date (fixed version):
2012-12-19 19:55:44 +0000
--------------------------------------------------------------------------------
Bug report id:
864
--------------------------------------------------------------------------------
Bug report url:
https://storage.googleapis.com/google-code-archive/v2/code.google.com/closure-compiler/issues/issue-864.json
--------------------------------------------------------------------------------
Root cause in triggering tests:
 - com.google.javascript.jscomp.FlowSensitiveInlineVariablesTest::testDoNotInlineCatchExpression1a
   --> junit.framework.AssertionFailedError: 
 - com.google.javascript.jscomp.FlowSensitiveInlineVariablesTest::testDoNotInlineCatchExpression1
   --> junit.framework.AssertionFailedError: 
 - com.google.javascript.jscomp.FlowSensitiveInlineVariablesTest::testDoNotInlineCatchExpression3
   --> junit.framework.AssertionFailedError: 
--------------------------------------------------------------------------------
List of modified sources:
 - com.google.javascript.jscomp.FlowSensitiveInlineVariables
--------------------------------------------------------------------------------
",https://storage.googleapis.com/google-code-archive/v2/code.google.com/closure-compiler/issues/issue-864.json,1,1,"
            Bug report URL: https://storage.googleapis.com/google-code-archive/v2/code.google.com/closure-compiler/issues/issue-864.json

            Original files:
            {}

            Instruction: Given bug report URL and Original files, fix the bug by rewriting the files in orignal files

            STRICTLY follow this format for each file. Do NOT add any extra text, explanations, or quotes. Repeat the format for multiple files.

            ---FILE_START---
            FILENAME: <full_file_name>
            CONTENT:
            <full file content here>
            ---FILE_END---
            
            "
Closure,4,"Summary of configuration for Project: Closure
--------------------------------------------------------------------------------
    Script dir: /Users/likhithasurakasi/defects4j/framework
      Base dir: /Users/likhithasurakasi/defects4j
    Major root: /Users/likhithasurakasi/defects4j/major
      Repo dir: /Users/likhithasurakasi/defects4j/project_repos
--------------------------------------------------------------------------------
    Project ID: Closure
       Program: closure-compiler
    Build file: /Users/likhithasurakasi/defects4j/framework/projects/Closure/Closure.build.xml
--------------------------------------------------------------------------------
           Vcs: Vcs::Git
    Repository: /Users/likhithasurakasi/defects4j/project_repos/closure-compiler.git
     Commit db: /Users/likhithasurakasi/defects4j/framework/projects/Closure/active-bugs.csv
Number of bugs: 174
--------------------------------------------------------------------------------

Summary for Bug: Closure-4
--------------------------------------------------------------------------------
Revision ID (fixed version):
efefb736fccc2039b5fb079710b3f2ac82b8c6e4
--------------------------------------------------------------------------------
Revision date (fixed version):
2012-12-14 20:20:30 +0000
--------------------------------------------------------------------------------
Bug report id:
873
--------------------------------------------------------------------------------
Bug report url:
https://storage.googleapis.com/google-code-archive/v2/code.google.com/closure-compiler/issues/issue-873.json
--------------------------------------------------------------------------------
Root cause in triggering tests:
 - com.google.javascript.jscomp.TypeCheckTest::testImplementsExtendsLoop
   --> junit.framework.AssertionFailedError: unexpected warning(s) : JSC_IMPLEMENTS_NON_INTERFACE. can only implement interfaces at [testcode] line 2 : 29, JSC_IMPLEMENTS_NON_INTERFACE. can only implement interfaces at [testcode] line 3 : 26 expected:<1> but was:<2>
 - com.google.javascript.jscomp.TypeCheckTest::testImplementsLoop
   --> junit.framework.AssertionFailedError: expected:<[Parse error. Cycle detected in inheritance chain of type T]> but was:<[can only implement interfaces]>
 - com.google.javascript.jscomp.TypeCheckTest::testConversionFromInterfaceToRecursiveConstructor
   --> java.lang.StackOverflowError
--------------------------------------------------------------------------------
List of modified sources:
 - com.google.javascript.rhino.jstype.NamedType
--------------------------------------------------------------------------------
",https://storage.googleapis.com/google-code-archive/v2/code.google.com/closure-compiler/issues/issue-873.json,1,1,"
            Bug report URL: https://storage.googleapis.com/google-code-archive/v2/code.google.com/closure-compiler/issues/issue-873.json

            Original files:
            {}

            Instruction: Given bug report URL and Original files, fix the bug by rewriting the files in orignal files

            STRICTLY follow this format for each file. Do NOT add any extra text, explanations, or quotes. Repeat the format for multiple files.

            ---FILE_START---
            FILENAME: <full_file_name>
            CONTENT:
            <full file content here>
            ---FILE_END---
            
            "
Closure,5,"Summary of configuration for Project: Closure
--------------------------------------------------------------------------------
    Script dir: /Users/likhithasurakasi/defects4j/framework
      Base dir: /Users/likhithasurakasi/defects4j
    Major root: /Users/likhithasurakasi/defects4j/major
      Repo dir: /Users/likhithasurakasi/defects4j/project_repos
--------------------------------------------------------------------------------
    Project ID: Closure
       Program: closure-compiler
    Build file: /Users/likhithasurakasi/defects4j/framework/projects/Closure/Closure.build.xml
--------------------------------------------------------------------------------
           Vcs: Vcs::Git
    Repository: /Users/likhithasurakasi/defects4j/project_repos/closure-compiler.git
     Commit db: /Users/likhithasurakasi/defects4j/framework/projects/Closure/active-bugs.csv
Number of bugs: 174
--------------------------------------------------------------------------------

Summary for Bug: Closure-5
--------------------------------------------------------------------------------
Revision ID (fixed version):
59eec92e364b2ec2cec9dd63449f5c0134983f18
--------------------------------------------------------------------------------
Revision date (fixed version):
2012-11-20 22:15:38 +0000
--------------------------------------------------------------------------------
Bug report id:
851
--------------------------------------------------------------------------------
Bug report url:
https://storage.googleapis.com/google-code-archive/v2/code.google.com/closure-compiler/issues/issue-851.json
--------------------------------------------------------------------------------
Root cause in triggering tests:
 - com.google.javascript.jscomp.InlineObjectLiteralsTest::testNoInlineDeletedProperties
   --> junit.framework.AssertionFailedError: 
--------------------------------------------------------------------------------
List of modified sources:
 - com.google.javascript.jscomp.InlineObjectLiterals
--------------------------------------------------------------------------------
",https://storage.googleapis.com/google-code-archive/v2/code.google.com/closure-compiler/issues/issue-851.json,1,1,"
            Bug report URL: https://storage.googleapis.com/google-code-archive/v2/code.google.com/closure-compiler/issues/issue-851.json

            Original files:
            {}

            Instruction: Given bug report URL and Original files, fix the bug by rewriting the files in orignal files

            STRICTLY follow this format for each file. Do NOT add any extra text, explanations, or quotes. Repeat the format for multiple files.

            ---FILE_START---
            FILENAME: <full_file_name>
            CONTENT:
            <full file content here>
            ---FILE_END---
            
            "
Closure,6,"Summary of configuration for Project: Closure
--------------------------------------------------------------------------------
    Script dir: /Users/likhithasurakasi/defects4j/framework
      Base dir: /Users/likhithasurakasi/defects4j
    Major root: /Users/likhithasurakasi/defects4j/major
      Repo dir: /Users/likhithasurakasi/defects4j/project_repos
--------------------------------------------------------------------------------
    Project ID: Closure
       Program: closure-compiler
    Build file: /Users/likhithasurakasi/defects4j/framework/projects/Closure/Closure.build.xml
--------------------------------------------------------------------------------
           Vcs: Vcs::Git
    Repository: /Users/likhithasurakasi/defects4j/project_repos/closure-compiler.git
     Commit db: /Users/likhithasurakasi/defects4j/framework/projects/Closure/active-bugs.csv
Number of bugs: 174
--------------------------------------------------------------------------------

Summary for Bug: Closure-6
--------------------------------------------------------------------------------
Revision ID (fixed version):
9f7a353385bf0b93cdaeaa56cc5b1450db790127
--------------------------------------------------------------------------------
Revision date (fixed version):
2012-11-07 19:30:17 +0000
--------------------------------------------------------------------------------
Bug report id:
635
--------------------------------------------------------------------------------
Bug report url:
https://storage.googleapis.com/google-code-archive/v2/code.google.com/closure-compiler/issues/issue-635.json
--------------------------------------------------------------------------------
Root cause in triggering tests:
 - com.google.javascript.jscomp.LooseTypeCheckTest::testTypeRedefinition
   --> junit.framework.AssertionFailedError: expected:<2> but was:<1>
 - com.google.javascript.jscomp.TypeCheckTest::testIssue635b
   --> junit.framework.AssertionFailedError: expected a warning
 - com.google.javascript.jscomp.TypeCheckTest::testTypeRedefinition
   --> junit.framework.AssertionFailedError: unexpected warning(s) : JSC_DUP_VAR_DECLARATION. variable a.A redefined with type function (new:a.A): undefined, original definition at [testcode]:1 with type enum{a.A} at [testcode] line 1 : 61 expected:<2> but was:<1>
--------------------------------------------------------------------------------
List of modified sources:
 - com.google.javascript.jscomp.TypeValidator
--------------------------------------------------------------------------------
",https://storage.googleapis.com/google-code-archive/v2/code.google.com/closure-compiler/issues/issue-635.json,1,1,"
            Bug report URL: https://storage.googleapis.com/google-code-archive/v2/code.google.com/closure-compiler/issues/issue-635.json

            Original files:
            {}

            Instruction: Given bug report URL and Original files, fix the bug by rewriting the files in orignal files

            STRICTLY follow this format for each file. Do NOT add any extra text, explanations, or quotes. Repeat the format for multiple files.

            ---FILE_START---
            FILENAME: <full_file_name>
            CONTENT:
            <full file content here>
            ---FILE_END---
            
            "
Closure,7,"Summary of configuration for Project: Closure
--------------------------------------------------------------------------------
    Script dir: /Users/likhithasurakasi/defects4j/framework
      Base dir: /Users/likhithasurakasi/defects4j
    Major root: /Users/likhithasurakasi/defects4j/major
      Repo dir: /Users/likhithasurakasi/defects4j/project_repos
--------------------------------------------------------------------------------
    Project ID: Closure
       Program: closure-compiler
    Build file: /Users/likhithasurakasi/defects4j/framework/projects/Closure/Closure.build.xml
--------------------------------------------------------------------------------
           Vcs: Vcs::Git
    Repository: /Users/likhithasurakasi/defects4j/project_repos/closure-compiler.git
     Commit db: /Users/likhithasurakasi/defects4j/framework/projects/Closure/active-bugs.csv
Number of bugs: 174
--------------------------------------------------------------------------------

Summary for Bug: Closure-7
--------------------------------------------------------------------------------
Revision ID (fixed version):
e736b1c92981fafdc87f3f41f66918305f173734
--------------------------------------------------------------------------------
Revision date (fixed version):
2012-10-17 15:53:59 +0000
--------------------------------------------------------------------------------
Bug report id:
841
--------------------------------------------------------------------------------
Bug report url:
https://storage.googleapis.com/google-code-archive/v2/code.google.com/closure-compiler/issues/issue-841.json
--------------------------------------------------------------------------------
Root cause in triggering tests:
 - com.google.javascript.jscomp.ClosureReverseAbstractInterpreterTest::testGoogIsFunction2
   --> junit.framework.AssertionFailedError: Expected: (Object|boolean|number|string)
 - com.google.javascript.jscomp.SemanticReverseAbstractInterpreterTest::testTypeof3
   --> junit.framework.AssertionFailedError: Expected: (Object|boolean|number|string)
--------------------------------------------------------------------------------
List of modified sources:
 - com.google.javascript.jscomp.type.ChainableReverseAbstractInterpreter
--------------------------------------------------------------------------------
",https://storage.googleapis.com/google-code-archive/v2/code.google.com/closure-compiler/issues/issue-841.json,1,1,"
            Bug report URL: https://storage.googleapis.com/google-code-archive/v2/code.google.com/closure-compiler/issues/issue-841.json

            Original files:
            {}

            Instruction: Given bug report URL and Original files, fix the bug by rewriting the files in orignal files

            STRICTLY follow this format for each file. Do NOT add any extra text, explanations, or quotes. Repeat the format for multiple files.

            ---FILE_START---
            FILENAME: <full_file_name>
            CONTENT:
            <full file content here>
            ---FILE_END---
            
            "
Closure,8,"Summary of configuration for Project: Closure
--------------------------------------------------------------------------------
    Script dir: /Users/likhithasurakasi/defects4j/framework
      Base dir: /Users/likhithasurakasi/defects4j
    Major root: /Users/likhithasurakasi/defects4j/major
      Repo dir: /Users/likhithasurakasi/defects4j/project_repos
--------------------------------------------------------------------------------
    Project ID: Closure
       Program: closure-compiler
    Build file: /Users/likhithasurakasi/defects4j/framework/projects/Closure/Closure.build.xml
--------------------------------------------------------------------------------
           Vcs: Vcs::Git
    Repository: /Users/likhithasurakasi/defects4j/project_repos/closure-compiler.git
     Commit db: /Users/likhithasurakasi/defects4j/framework/projects/Closure/active-bugs.csv
Number of bugs: 174
--------------------------------------------------------------------------------

Summary for Bug: Closure-8
--------------------------------------------------------------------------------
Revision ID (fixed version):
6300a43566d4adcf8828128267808a8740edc835
--------------------------------------------------------------------------------
Revision date (fixed version):
2012-09-28 17:52:12 +0000
--------------------------------------------------------------------------------
Bug report id:
820
--------------------------------------------------------------------------------
Bug report url:
https://storage.googleapis.com/google-code-archive/v2/code.google.com/closure-compiler/issues/issue-820.json
--------------------------------------------------------------------------------
Root cause in triggering tests:
 - com.google.javascript.jscomp.CollapseVariableDeclarationsTest::testIssue820
   --> junit.framework.AssertionFailedError: 
--------------------------------------------------------------------------------
List of modified sources:
 - com.google.javascript.jscomp.CollapseVariableDeclarations
--------------------------------------------------------------------------------
",https://storage.googleapis.com/google-code-archive/v2/code.google.com/closure-compiler/issues/issue-820.json,1,1,"
            Bug report URL: https://storage.googleapis.com/google-code-archive/v2/code.google.com/closure-compiler/issues/issue-820.json

            Original files:
            {}

            Instruction: Given bug report URL and Original files, fix the bug by rewriting the files in orignal files

            STRICTLY follow this format for each file. Do NOT add any extra text, explanations, or quotes. Repeat the format for multiple files.

            ---FILE_START---
            FILENAME: <full_file_name>
            CONTENT:
            <full file content here>
            ---FILE_END---
            
            "
Closure,9,"Summary of configuration for Project: Closure
--------------------------------------------------------------------------------
    Script dir: /Users/likhithasurakasi/defects4j/framework
      Base dir: /Users/likhithasurakasi/defects4j
    Major root: /Users/likhithasurakasi/defects4j/major
      Repo dir: /Users/likhithasurakasi/defects4j/project_repos
--------------------------------------------------------------------------------
    Project ID: Closure
       Program: closure-compiler
    Build file: /Users/likhithasurakasi/defects4j/framework/projects/Closure/Closure.build.xml
--------------------------------------------------------------------------------
           Vcs: Vcs::Git
    Repository: /Users/likhithasurakasi/defects4j/project_repos/closure-compiler.git
     Commit db: /Users/likhithasurakasi/defects4j/framework/projects/Closure/active-bugs.csv
Number of bugs: 174
--------------------------------------------------------------------------------

Summary for Bug: Closure-9
--------------------------------------------------------------------------------
Revision ID (fixed version):
e9c15465c000c19ef4e0b8f68a680589ae4111d7
--------------------------------------------------------------------------------
Revision date (fixed version):
2012-09-27 19:18:58 +0000
--------------------------------------------------------------------------------
Bug report id:
824
--------------------------------------------------------------------------------
Bug report url:
https://storage.googleapis.com/google-code-archive/v2/code.google.com/closure-compiler/issues/issue-824.json
--------------------------------------------------------------------------------
Root cause in triggering tests:
 - com.google.javascript.jscomp.ProcessCommonJSModulesTest::testGuessModuleName
   --> junit.framework.ComparisonFailure: expected:<module$[]baz> but was:<module$[foo\]baz>
--------------------------------------------------------------------------------
List of modified sources:
 - com.google.javascript.jscomp.ProcessCommonJSModules
--------------------------------------------------------------------------------
",https://storage.googleapis.com/google-code-archive/v2/code.google.com/closure-compiler/issues/issue-824.json,1,1,"
            Bug report URL: https://storage.googleapis.com/google-code-archive/v2/code.google.com/closure-compiler/issues/issue-824.json

            Original files:
            {}

            Instruction: Given bug report URL and Original files, fix the bug by rewriting the files in orignal files

            STRICTLY follow this format for each file. Do NOT add any extra text, explanations, or quotes. Repeat the format for multiple files.

            ---FILE_START---
            FILENAME: <full_file_name>
            CONTENT:
            <full file content here>
            ---FILE_END---
            
            "
Closure,10,"Summary of configuration for Project: Closure
--------------------------------------------------------------------------------
    Script dir: /Users/likhithasurakasi/defects4j/framework
      Base dir: /Users/likhithasurakasi/defects4j
    Major root: /Users/likhithasurakasi/defects4j/major
      Repo dir: /Users/likhithasurakasi/defects4j/project_repos
--------------------------------------------------------------------------------
    Project ID: Closure
       Program: closure-compiler
    Build file: /Users/likhithasurakasi/defects4j/framework/projects/Closure/Closure.build.xml
--------------------------------------------------------------------------------
           Vcs: Vcs::Git
    Repository: /Users/likhithasurakasi/defects4j/project_repos/closure-compiler.git
     Commit db: /Users/likhithasurakasi/defects4j/framework/projects/Closure/active-bugs.csv
Number of bugs: 174
--------------------------------------------------------------------------------

Summary for Bug: Closure-10
--------------------------------------------------------------------------------
Revision ID (fixed version):
0884a4cbef1c82153ef306477a12af0480385a35
--------------------------------------------------------------------------------
Revision date (fixed version):
2012-09-21 17:50:43 +0000
--------------------------------------------------------------------------------
Bug report id:
821
--------------------------------------------------------------------------------
Bug report url:
https://storage.googleapis.com/google-code-archive/v2/code.google.com/closure-compiler/issues/issue-821.json
--------------------------------------------------------------------------------
Root cause in triggering tests:
 - com.google.javascript.jscomp.PeepholeFoldConstantsTest::testIssue821
   --> junit.framework.AssertionFailedError: 
--------------------------------------------------------------------------------
List of modified sources:
 - com.google.javascript.jscomp.NodeUtil
--------------------------------------------------------------------------------
",https://storage.googleapis.com/google-code-archive/v2/code.google.com/closure-compiler/issues/issue-821.json,1,1,"
            Bug report URL: https://storage.googleapis.com/google-code-archive/v2/code.google.com/closure-compiler/issues/issue-821.json

            Original files:
            {}

            Instruction: Given bug report URL and Original files, fix the bug by rewriting the files in orignal files

            STRICTLY follow this format for each file. Do NOT add any extra text, explanations, or quotes. Repeat the format for multiple files.

            ---FILE_START---
            FILENAME: <full_file_name>
            CONTENT:
            <full file content here>
            ---FILE_END---
            
            "
Closure,11,"Summary of configuration for Project: Closure
--------------------------------------------------------------------------------
    Script dir: /Users/likhithasurakasi/defects4j/framework
      Base dir: /Users/likhithasurakasi/defects4j
    Major root: /Users/likhithasurakasi/defects4j/major
      Repo dir: /Users/likhithasurakasi/defects4j/project_repos
--------------------------------------------------------------------------------
    Project ID: Closure
       Program: closure-compiler
    Build file: /Users/likhithasurakasi/defects4j/framework/projects/Closure/Closure.build.xml
--------------------------------------------------------------------------------
           Vcs: Vcs::Git
    Repository: /Users/likhithasurakasi/defects4j/project_repos/closure-compiler.git
     Commit db: /Users/likhithasurakasi/defects4j/framework/projects/Closure/active-bugs.csv
Number of bugs: 174
--------------------------------------------------------------------------------

Summary for Bug: Closure-11
--------------------------------------------------------------------------------
Revision ID (fixed version):
482b767639e6eec7c30d8898851560c41b66d885
--------------------------------------------------------------------------------
Revision date (fixed version):
2012-09-12 22:16:03 +0000
--------------------------------------------------------------------------------
Bug report id:
810
--------------------------------------------------------------------------------
Bug report url:
https://storage.googleapis.com/google-code-archive/v2/code.google.com/closure-compiler/issues/issue-810.json
--------------------------------------------------------------------------------
Root cause in triggering tests:
 - com.google.javascript.jscomp.TypeCheckTest::testGetprop4
   --> junit.framework.AssertionFailedError: expected a warning
 - com.google.javascript.jscomp.TypeCheckTest::testIssue810
   --> junit.framework.AssertionFailedError: expected a warning
--------------------------------------------------------------------------------
List of modified sources:
 - com.google.javascript.jscomp.TypeCheck
--------------------------------------------------------------------------------
",https://storage.googleapis.com/google-code-archive/v2/code.google.com/closure-compiler/issues/issue-810.json,1,1,"
            Bug report URL: https://storage.googleapis.com/google-code-archive/v2/code.google.com/closure-compiler/issues/issue-810.json

            Original files:
            {}

            Instruction: Given bug report URL and Original files, fix the bug by rewriting the files in orignal files

            STRICTLY follow this format for each file. Do NOT add any extra text, explanations, or quotes. Repeat the format for multiple files.

            ---FILE_START---
            FILENAME: <full_file_name>
            CONTENT:
            <full file content here>
            ---FILE_END---
            
            "
Closure,12,"Summary of configuration for Project: Closure
--------------------------------------------------------------------------------
    Script dir: /Users/likhithasurakasi/defects4j/framework
      Base dir: /Users/likhithasurakasi/defects4j
    Major root: /Users/likhithasurakasi/defects4j/major
      Repo dir: /Users/likhithasurakasi/defects4j/project_repos
--------------------------------------------------------------------------------
    Project ID: Closure
       Program: closure-compiler
    Build file: /Users/likhithasurakasi/defects4j/framework/projects/Closure/Closure.build.xml
--------------------------------------------------------------------------------
           Vcs: Vcs::Git
    Repository: /Users/likhithasurakasi/defects4j/project_repos/closure-compiler.git
     Commit db: /Users/likhithasurakasi/defects4j/framework/projects/Closure/active-bugs.csv
Number of bugs: 174
--------------------------------------------------------------------------------

Summary for Bug: Closure-12
--------------------------------------------------------------------------------
Revision ID (fixed version):
d06ac163013a3779fcec7c2f544ba99d08f69f58
--------------------------------------------------------------------------------
Revision date (fixed version):
2012-08-10 19:39:40 +0000
--------------------------------------------------------------------------------
Bug report id:
794
--------------------------------------------------------------------------------
Bug report url:
https://storage.googleapis.com/google-code-archive/v2/code.google.com/closure-compiler/issues/issue-794.json
--------------------------------------------------------------------------------
Root cause in triggering tests:
 - com.google.javascript.jscomp.FlowSensitiveInlineVariablesTest::testIssue794b
   --> junit.framework.AssertionFailedError: 
--------------------------------------------------------------------------------
List of modified sources:
 - com.google.javascript.jscomp.MaybeReachingVariableUse
--------------------------------------------------------------------------------
",https://storage.googleapis.com/google-code-archive/v2/code.google.com/closure-compiler/issues/issue-794.json,1,1,"
            Bug report URL: https://storage.googleapis.com/google-code-archive/v2/code.google.com/closure-compiler/issues/issue-794.json

            Original files:
            {}

            Instruction: Given bug report URL and Original files, fix the bug by rewriting the files in orignal files

            STRICTLY follow this format for each file. Do NOT add any extra text, explanations, or quotes. Repeat the format for multiple files.

            ---FILE_START---
            FILENAME: <full_file_name>
            CONTENT:
            <full file content here>
            ---FILE_END---
            
            "
Closure,13,"Summary of configuration for Project: Closure
--------------------------------------------------------------------------------
    Script dir: /Users/likhithasurakasi/defects4j/framework
      Base dir: /Users/likhithasurakasi/defects4j
    Major root: /Users/likhithasurakasi/defects4j/major
      Repo dir: /Users/likhithasurakasi/defects4j/project_repos
--------------------------------------------------------------------------------
    Project ID: Closure
       Program: closure-compiler
    Build file: /Users/likhithasurakasi/defects4j/framework/projects/Closure/Closure.build.xml
--------------------------------------------------------------------------------
           Vcs: Vcs::Git
    Repository: /Users/likhithasurakasi/defects4j/project_repos/closure-compiler.git
     Commit db: /Users/likhithasurakasi/defects4j/framework/projects/Closure/active-bugs.csv
Number of bugs: 174
--------------------------------------------------------------------------------

Summary for Bug: Closure-13
--------------------------------------------------------------------------------
Revision ID (fixed version):
d6d733f461ee5ba26e9326c1c7609f1f00d6d2db
--------------------------------------------------------------------------------
Revision date (fixed version):
2012-08-02 17:53:06 +0000
--------------------------------------------------------------------------------
Bug report id:
787
--------------------------------------------------------------------------------
Bug report url:
https://storage.googleapis.com/google-code-archive/v2/code.google.com/closure-compiler/issues/issue-787.json
--------------------------------------------------------------------------------
Root cause in triggering tests:
 - com.google.javascript.jscomp.IntegrationTest::testIssue787
   --> junit.framework.AssertionFailedError: 
--------------------------------------------------------------------------------
List of modified sources:
 - com.google.javascript.jscomp.PeepholeOptimizationsPass
--------------------------------------------------------------------------------
",https://storage.googleapis.com/google-code-archive/v2/code.google.com/closure-compiler/issues/issue-787.json,1,1,"
            Bug report URL: https://storage.googleapis.com/google-code-archive/v2/code.google.com/closure-compiler/issues/issue-787.json

            Original files:
            {}

            Instruction: Given bug report URL and Original files, fix the bug by rewriting the files in orignal files

            STRICTLY follow this format for each file. Do NOT add any extra text, explanations, or quotes. Repeat the format for multiple files.

            ---FILE_START---
            FILENAME: <full_file_name>
            CONTENT:
            <full file content here>
            ---FILE_END---
            
            "
Closure,14,"Summary of configuration for Project: Closure
--------------------------------------------------------------------------------
    Script dir: /Users/likhithasurakasi/defects4j/framework
      Base dir: /Users/likhithasurakasi/defects4j
    Major root: /Users/likhithasurakasi/defects4j/major
      Repo dir: /Users/likhithasurakasi/defects4j/project_repos
--------------------------------------------------------------------------------
    Project ID: Closure
       Program: closure-compiler
    Build file: /Users/likhithasurakasi/defects4j/framework/projects/Closure/Closure.build.xml
--------------------------------------------------------------------------------
           Vcs: Vcs::Git
    Repository: /Users/likhithasurakasi/defects4j/project_repos/closure-compiler.git
     Commit db: /Users/likhithasurakasi/defects4j/framework/projects/Closure/active-bugs.csv
Number of bugs: 174
--------------------------------------------------------------------------------

Summary for Bug: Closure-14
--------------------------------------------------------------------------------
Revision ID (fixed version):
4b15b25f400335b6e2820cb690430324748372f9
--------------------------------------------------------------------------------
Revision date (fixed version):
2012-07-24 21:04:32 +0000
--------------------------------------------------------------------------------
Bug report id:
779
--------------------------------------------------------------------------------
Bug report url:
https://storage.googleapis.com/google-code-archive/v2/code.google.com/closure-compiler/issues/issue-779.json
--------------------------------------------------------------------------------
Root cause in triggering tests:
 - com.google.javascript.jscomp.CheckMissingReturnTest::testIssue779
   --> junit.framework.AssertionFailedError: Unexpected error(s): JSC_MISSING_RETURN_STATEMENT. Missing return statement. Function expected to return number. at testcode line 1 : 24 expected:<0> but was:<1>
 - com.google.javascript.jscomp.ControlFlowAnalysisTest::testDeepNestedFinally
   --> junit.framework.AssertionFailedError: No cross edges found
 - com.google.javascript.jscomp.ControlFlowAnalysisTest::testDeepNestedBreakwithFinally
   --> junit.framework.AssertionFailedError: No cross edges found
--------------------------------------------------------------------------------
List of modified sources:
 - com.google.javascript.jscomp.ControlFlowAnalysis
--------------------------------------------------------------------------------
",https://storage.googleapis.com/google-code-archive/v2/code.google.com/closure-compiler/issues/issue-779.json,1,1,"
            Bug report URL: https://storage.googleapis.com/google-code-archive/v2/code.google.com/closure-compiler/issues/issue-779.json

            Original files:
            {}

            Instruction: Given bug report URL and Original files, fix the bug by rewriting the files in orignal files

            STRICTLY follow this format for each file. Do NOT add any extra text, explanations, or quotes. Repeat the format for multiple files.

            ---FILE_START---
            FILENAME: <full_file_name>
            CONTENT:
            <full file content here>
            ---FILE_END---
            
            "
Closure,15,"Summary of configuration for Project: Closure
--------------------------------------------------------------------------------
    Script dir: /Users/likhithasurakasi/defects4j/framework
      Base dir: /Users/likhithasurakasi/defects4j
    Major root: /Users/likhithasurakasi/defects4j/major
      Repo dir: /Users/likhithasurakasi/defects4j/project_repos
--------------------------------------------------------------------------------
    Project ID: Closure
       Program: closure-compiler
    Build file: /Users/likhithasurakasi/defects4j/framework/projects/Closure/Closure.build.xml
--------------------------------------------------------------------------------
           Vcs: Vcs::Git
    Repository: /Users/likhithasurakasi/defects4j/project_repos/closure-compiler.git
     Commit db: /Users/likhithasurakasi/defects4j/framework/projects/Closure/active-bugs.csv
Number of bugs: 174
--------------------------------------------------------------------------------

Summary for Bug: Closure-15
--------------------------------------------------------------------------------
Revision ID (fixed version):
968b3f467f51c6bfec18af1fbcf980a0f19a1fb3
--------------------------------------------------------------------------------
Revision date (fixed version):
2012-07-09 21:33:55 +0000
--------------------------------------------------------------------------------
Bug report id:
773
--------------------------------------------------------------------------------
Bug report url:
https://storage.googleapis.com/google-code-archive/v2/code.google.com/closure-compiler/issues/issue-773.json
--------------------------------------------------------------------------------
Root cause in triggering tests:
 - com.google.javascript.jscomp.FlowSensitiveInlineVariablesTest::testSimpleForIn
   --> junit.framework.AssertionFailedError: 
--------------------------------------------------------------------------------
List of modified sources:
 - com.google.javascript.jscomp.FlowSensitiveInlineVariables
--------------------------------------------------------------------------------
",https://storage.googleapis.com/google-code-archive/v2/code.google.com/closure-compiler/issues/issue-773.json,1,1,"
            Bug report URL: https://storage.googleapis.com/google-code-archive/v2/code.google.com/closure-compiler/issues/issue-773.json

            Original files:
            {}

            Instruction: Given bug report URL and Original files, fix the bug by rewriting the files in orignal files

            STRICTLY follow this format for each file. Do NOT add any extra text, explanations, or quotes. Repeat the format for multiple files.

            ---FILE_START---
            FILENAME: <full_file_name>
            CONTENT:
            <full file content here>
            ---FILE_END---
            
            "
Closure,16,"Summary of configuration for Project: Closure
--------------------------------------------------------------------------------
    Script dir: /Users/likhithasurakasi/defects4j/framework
      Base dir: /Users/likhithasurakasi/defects4j
    Major root: /Users/likhithasurakasi/defects4j/major
      Repo dir: /Users/likhithasurakasi/defects4j/project_repos
--------------------------------------------------------------------------------
    Project ID: Closure
       Program: closure-compiler
    Build file: /Users/likhithasurakasi/defects4j/framework/projects/Closure/Closure.build.xml
--------------------------------------------------------------------------------
           Vcs: Vcs::Git
    Repository: /Users/likhithasurakasi/defects4j/project_repos/closure-compiler.git
     Commit db: /Users/likhithasurakasi/defects4j/framework/projects/Closure/active-bugs.csv
Number of bugs: 174
--------------------------------------------------------------------------------

Summary for Bug: Closure-16
--------------------------------------------------------------------------------
Revision ID (fixed version):
3b97e5e4212c769daa22a96094ed19b4658c8760
--------------------------------------------------------------------------------
Revision date (fixed version):
2012-07-09 16:18:36 +0000
--------------------------------------------------------------------------------
Bug report id:
772
--------------------------------------------------------------------------------
Bug report url:
https://storage.googleapis.com/google-code-archive/v2/code.google.com/closure-compiler/issues/issue-772.json
--------------------------------------------------------------------------------
Root cause in triggering tests:
 - com.google.javascript.jscomp.IntegrationTest::testIssue772
   --> junit.framework.AssertionFailedError: Expected no warnings or errors
 - com.google.javascript.jscomp.ScopedAliasesTest::testIssue772
   --> junit.framework.AssertionFailedError: Expected: <null> but was: Node tree inequality:
--------------------------------------------------------------------------------
List of modified sources:
 - com.google.javascript.jscomp.ScopedAliases
--------------------------------------------------------------------------------
",https://storage.googleapis.com/google-code-archive/v2/code.google.com/closure-compiler/issues/issue-772.json,1,1,"
            Bug report URL: https://storage.googleapis.com/google-code-archive/v2/code.google.com/closure-compiler/issues/issue-772.json

            Original files:
            {}

            Instruction: Given bug report URL and Original files, fix the bug by rewriting the files in orignal files

            STRICTLY follow this format for each file. Do NOT add any extra text, explanations, or quotes. Repeat the format for multiple files.

            ---FILE_START---
            FILENAME: <full_file_name>
            CONTENT:
            <full file content here>
            ---FILE_END---
            
            "
Closure,17,"Summary of configuration for Project: Closure
--------------------------------------------------------------------------------
    Script dir: /Users/likhithasurakasi/defects4j/framework
      Base dir: /Users/likhithasurakasi/defects4j
    Major root: /Users/likhithasurakasi/defects4j/major
      Repo dir: /Users/likhithasurakasi/defects4j/project_repos
--------------------------------------------------------------------------------
    Project ID: Closure
       Program: closure-compiler
    Build file: /Users/likhithasurakasi/defects4j/framework/projects/Closure/Closure.build.xml
--------------------------------------------------------------------------------
           Vcs: Vcs::Git
    Repository: /Users/likhithasurakasi/defects4j/project_repos/closure-compiler.git
     Commit db: /Users/likhithasurakasi/defects4j/framework/projects/Closure/active-bugs.csv
Number of bugs: 174
--------------------------------------------------------------------------------

Summary for Bug: Closure-17
--------------------------------------------------------------------------------
Revision ID (fixed version):
33ab4df84afbdb36216b8a1ea3a526c438615e26
--------------------------------------------------------------------------------
Revision date (fixed version):
2012-07-09 16:00:23 +0000
--------------------------------------------------------------------------------
Bug report id:
688
--------------------------------------------------------------------------------
Bug report url:
https://storage.googleapis.com/google-code-archive/v2/code.google.com/closure-compiler/issues/issue-688.json
--------------------------------------------------------------------------------
Root cause in triggering tests:
 - com.google.javascript.jscomp.TypeCheckTest::testIssue688
   --> junit.framework.ComparisonFailure: expected:<in[consistent return type
--------------------------------------------------------------------------------
List of modified sources:
 - com.google.javascript.jscomp.TypedScopeCreator
--------------------------------------------------------------------------------
",https://storage.googleapis.com/google-code-archive/v2/code.google.com/closure-compiler/issues/issue-688.json,1,1,"
            Bug report URL: https://storage.googleapis.com/google-code-archive/v2/code.google.com/closure-compiler/issues/issue-688.json

            Original files:
            {}

            Instruction: Given bug report URL and Original files, fix the bug by rewriting the files in orignal files

            STRICTLY follow this format for each file. Do NOT add any extra text, explanations, or quotes. Repeat the format for multiple files.

            ---FILE_START---
            FILENAME: <full_file_name>
            CONTENT:
            <full file content here>
            ---FILE_END---
            
            "
Closure,18,"Summary of configuration for Project: Closure
--------------------------------------------------------------------------------
    Script dir: /Users/likhithasurakasi/defects4j/framework
      Base dir: /Users/likhithasurakasi/defects4j
    Major root: /Users/likhithasurakasi/defects4j/major
      Repo dir: /Users/likhithasurakasi/defects4j/project_repos
--------------------------------------------------------------------------------
    Project ID: Closure
       Program: closure-compiler
    Build file: /Users/likhithasurakasi/defects4j/framework/projects/Closure/Closure.build.xml
--------------------------------------------------------------------------------
           Vcs: Vcs::Git
    Repository: /Users/likhithasurakasi/defects4j/project_repos/closure-compiler.git
     Commit db: /Users/likhithasurakasi/defects4j/framework/projects/Closure/active-bugs.csv
Number of bugs: 174
--------------------------------------------------------------------------------

Summary for Bug: Closure-18
--------------------------------------------------------------------------------
Revision ID (fixed version):
ea119a2d06328852763f9ee447c3bf74fa1f83dc
--------------------------------------------------------------------------------
Revision date (fixed version):
2012-07-03 04:44:08 +0000
--------------------------------------------------------------------------------
Bug report id:
768
--------------------------------------------------------------------------------
Bug report url:
https://storage.googleapis.com/google-code-archive/v2/code.google.com/closure-compiler/issues/issue-768.json
--------------------------------------------------------------------------------
Root cause in triggering tests:
 - com.google.javascript.jscomp.IntegrationTest::testDependencySorting
   --> junit.framework.AssertionFailedError: 
--------------------------------------------------------------------------------
List of modified sources:
 - com.google.javascript.jscomp.Compiler
--------------------------------------------------------------------------------
",https://storage.googleapis.com/google-code-archive/v2/code.google.com/closure-compiler/issues/issue-768.json,1,1,"
            Bug report URL: https://storage.googleapis.com/google-code-archive/v2/code.google.com/closure-compiler/issues/issue-768.json

            Original files:
            {}

            Instruction: Given bug report URL and Original files, fix the bug by rewriting the files in orignal files

            STRICTLY follow this format for each file. Do NOT add any extra text, explanations, or quotes. Repeat the format for multiple files.

            ---FILE_START---
            FILENAME: <full_file_name>
            CONTENT:
            <full file content here>
            ---FILE_END---
            
            "
Closure,19,"Summary of configuration for Project: Closure
--------------------------------------------------------------------------------
    Script dir: /Users/likhithasurakasi/defects4j/framework
      Base dir: /Users/likhithasurakasi/defects4j
    Major root: /Users/likhithasurakasi/defects4j/major
      Repo dir: /Users/likhithasurakasi/defects4j/project_repos
--------------------------------------------------------------------------------
    Project ID: Closure
       Program: closure-compiler
    Build file: /Users/likhithasurakasi/defects4j/framework/projects/Closure/Closure.build.xml
--------------------------------------------------------------------------------
           Vcs: Vcs::Git
    Repository: /Users/likhithasurakasi/defects4j/project_repos/closure-compiler.git
     Commit db: /Users/likhithasurakasi/defects4j/framework/projects/Closure/active-bugs.csv
Number of bugs: 174
--------------------------------------------------------------------------------

Summary for Bug: Closure-19
--------------------------------------------------------------------------------
Revision ID (fixed version):
686146c4de7d2bd985156ae15175365633dd0f94
--------------------------------------------------------------------------------
Revision date (fixed version):
2012-07-03 04:13:14 +0000
--------------------------------------------------------------------------------
Bug report id:
769
--------------------------------------------------------------------------------
Bug report url:
https://storage.googleapis.com/google-code-archive/v2/code.google.com/closure-compiler/issues/issue-769.json
--------------------------------------------------------------------------------
Root cause in triggering tests:
 - com.google.javascript.jscomp.TypeInferenceTest::testNoThisInference
   --> java.lang.IllegalArgumentException: Node cannot be refined. 
--------------------------------------------------------------------------------
List of modified sources:
 - com.google.javascript.jscomp.type.ChainableReverseAbstractInterpreter
--------------------------------------------------------------------------------
",https://storage.googleapis.com/google-code-archive/v2/code.google.com/closure-compiler/issues/issue-769.json,1,1,"
            Bug report URL: https://storage.googleapis.com/google-code-archive/v2/code.google.com/closure-compiler/issues/issue-769.json

            Original files:
            {}

            Instruction: Given bug report URL and Original files, fix the bug by rewriting the files in orignal files

            STRICTLY follow this format for each file. Do NOT add any extra text, explanations, or quotes. Repeat the format for multiple files.

            ---FILE_START---
            FILENAME: <full_file_name>
            CONTENT:
            <full file content here>
            ---FILE_END---
            
            "
Closure,20,"Summary of configuration for Project: Closure
--------------------------------------------------------------------------------
    Script dir: /Users/likhithasurakasi/defects4j/framework
      Base dir: /Users/likhithasurakasi/defects4j
    Major root: /Users/likhithasurakasi/defects4j/major
      Repo dir: /Users/likhithasurakasi/defects4j/project_repos
--------------------------------------------------------------------------------
    Project ID: Closure
       Program: closure-compiler
    Build file: /Users/likhithasurakasi/defects4j/framework/projects/Closure/Closure.build.xml
--------------------------------------------------------------------------------
           Vcs: Vcs::Git
    Repository: /Users/likhithasurakasi/defects4j/project_repos/closure-compiler.git
     Commit db: /Users/likhithasurakasi/defects4j/framework/projects/Closure/active-bugs.csv
Number of bugs: 174
--------------------------------------------------------------------------------

Summary for Bug: Closure-20
--------------------------------------------------------------------------------
Revision ID (fixed version):
ebf229b05f4ee71bc05d70830f5dd5683271d661
--------------------------------------------------------------------------------
Revision date (fixed version):
2012-06-21 22:45:36 +0000
--------------------------------------------------------------------------------
Bug report id:
759
--------------------------------------------------------------------------------
Bug report url:
https://storage.googleapis.com/google-code-archive/v2/code.google.com/closure-compiler/issues/issue-759.json
--------------------------------------------------------------------------------
Root cause in triggering tests:
 - com.google.javascript.jscomp.PeepholeSubstituteAlternateSyntaxTest::testSimpleFunctionCall
   --> junit.framework.AssertionFailedError: 
--------------------------------------------------------------------------------
List of modified sources:
 - com.google.javascript.jscomp.PeepholeSubstituteAlternateSyntax
--------------------------------------------------------------------------------
",https://storage.googleapis.com/google-code-archive/v2/code.google.com/closure-compiler/issues/issue-759.json,1,1,"
            Bug report URL: https://storage.googleapis.com/google-code-archive/v2/code.google.com/closure-compiler/issues/issue-759.json

            Original files:
            {}

            Instruction: Given bug report URL and Original files, fix the bug by rewriting the files in orignal files

            STRICTLY follow this format for each file. Do NOT add any extra text, explanations, or quotes. Repeat the format for multiple files.

            ---FILE_START---
            FILENAME: <full_file_name>
            CONTENT:
            <full file content here>
            ---FILE_END---
            
            "
Closure,21,"Summary of configuration for Project: Closure
--------------------------------------------------------------------------------
    Script dir: /Users/likhithasurakasi/defects4j/framework
      Base dir: /Users/likhithasurakasi/defects4j
    Major root: /Users/likhithasurakasi/defects4j/major
      Repo dir: /Users/likhithasurakasi/defects4j/project_repos
--------------------------------------------------------------------------------
    Project ID: Closure
       Program: closure-compiler
    Build file: /Users/likhithasurakasi/defects4j/framework/projects/Closure/Closure.build.xml
--------------------------------------------------------------------------------
           Vcs: Vcs::Git
    Repository: /Users/likhithasurakasi/defects4j/project_repos/closure-compiler.git
     Commit db: /Users/likhithasurakasi/defects4j/framework/projects/Closure/active-bugs.csv
Number of bugs: 174
--------------------------------------------------------------------------------

Summary for Bug: Closure-21
--------------------------------------------------------------------------------
Revision ID (fixed version):
1787d7b2cff83a0f177dd958033c53e4502406d2
--------------------------------------------------------------------------------
Revision date (fixed version):
2012-06-20 18:05:43 +0000
--------------------------------------------------------------------------------
Bug report id:
753
--------------------------------------------------------------------------------
Bug report url:
https://storage.googleapis.com/google-code-archive/v2/code.google.com/closure-compiler/issues/issue-753.json
--------------------------------------------------------------------------------
Root cause in triggering tests:
 - com.google.javascript.jscomp.CheckSideEffectsTest::testUselessCode
   --> junit.framework.AssertionFailedError: There should be one warning, repeated 1 time(s). expected:<1> but was:<0>
--------------------------------------------------------------------------------
List of modified sources:
 - com.google.javascript.jscomp.CheckSideEffects
--------------------------------------------------------------------------------
",https://storage.googleapis.com/google-code-archive/v2/code.google.com/closure-compiler/issues/issue-753.json,1,1,"
            Bug report URL: https://storage.googleapis.com/google-code-archive/v2/code.google.com/closure-compiler/issues/issue-753.json

            Original files:
            {}

            Instruction: Given bug report URL and Original files, fix the bug by rewriting the files in orignal files

            STRICTLY follow this format for each file. Do NOT add any extra text, explanations, or quotes. Repeat the format for multiple files.

            ---FILE_START---
            FILENAME: <full_file_name>
            CONTENT:
            <full file content here>
            ---FILE_END---
            
            "
Closure,22,"Summary of configuration for Project: Closure
--------------------------------------------------------------------------------
    Script dir: /Users/likhithasurakasi/defects4j/framework
      Base dir: /Users/likhithasurakasi/defects4j
    Major root: /Users/likhithasurakasi/defects4j/major
      Repo dir: /Users/likhithasurakasi/defects4j/project_repos
--------------------------------------------------------------------------------
    Project ID: Closure
       Program: closure-compiler
    Build file: /Users/likhithasurakasi/defects4j/framework/projects/Closure/Closure.build.xml
--------------------------------------------------------------------------------
           Vcs: Vcs::Git
    Repository: /Users/likhithasurakasi/defects4j/project_repos/closure-compiler.git
     Commit db: /Users/likhithasurakasi/defects4j/framework/projects/Closure/active-bugs.csv
Number of bugs: 174
--------------------------------------------------------------------------------

Summary for Bug: Closure-22
--------------------------------------------------------------------------------
Revision ID (fixed version):
43a55234ef122a1ed98681ce0350506207b878d5
--------------------------------------------------------------------------------
Revision date (fixed version):
2012-06-19 20:55:55 +0000
--------------------------------------------------------------------------------
Bug report id:
753
--------------------------------------------------------------------------------
Bug report url:
https://storage.googleapis.com/google-code-archive/v2/code.google.com/closure-compiler/issues/issue-753.json
--------------------------------------------------------------------------------
Root cause in triggering tests:
 - com.google.javascript.jscomp.CheckSideEffectsTest::testUselessCode
   --> junit.framework.AssertionFailedError: There should be one warning, repeated 1 time(s). expected:<1> but was:<0>
--------------------------------------------------------------------------------
List of modified sources:
 - com.google.javascript.jscomp.CheckSideEffects
--------------------------------------------------------------------------------
",https://storage.googleapis.com/google-code-archive/v2/code.google.com/closure-compiler/issues/issue-753.json,1,1,"
            Bug report URL: https://storage.googleapis.com/google-code-archive/v2/code.google.com/closure-compiler/issues/issue-753.json

            Original files:
            {}

            Instruction: Given bug report URL and Original files, fix the bug by rewriting the files in orignal files

            STRICTLY follow this format for each file. Do NOT add any extra text, explanations, or quotes. Repeat the format for multiple files.

            ---FILE_START---
            FILENAME: <full_file_name>
            CONTENT:
            <full file content here>
            ---FILE_END---
            
            "
Closure,23,"Summary of configuration for Project: Closure
--------------------------------------------------------------------------------
    Script dir: /Users/likhithasurakasi/defects4j/framework
      Base dir: /Users/likhithasurakasi/defects4j
    Major root: /Users/likhithasurakasi/defects4j/major
      Repo dir: /Users/likhithasurakasi/defects4j/project_repos
--------------------------------------------------------------------------------
    Project ID: Closure
       Program: closure-compiler
    Build file: /Users/likhithasurakasi/defects4j/framework/projects/Closure/Closure.build.xml
--------------------------------------------------------------------------------
           Vcs: Vcs::Git
    Repository: /Users/likhithasurakasi/defects4j/project_repos/closure-compiler.git
     Commit db: /Users/likhithasurakasi/defects4j/framework/projects/Closure/active-bugs.csv
Number of bugs: 174
--------------------------------------------------------------------------------

Summary for Bug: Closure-23
--------------------------------------------------------------------------------
Revision ID (fixed version):
b59cdd9e2dc64d2db86b90982c200a78f2f85e50
--------------------------------------------------------------------------------
Revision date (fixed version):
2012-06-07 22:48:58 +0000
--------------------------------------------------------------------------------
Bug report id:
747
--------------------------------------------------------------------------------
Bug report url:
https://storage.googleapis.com/google-code-archive/v2/code.google.com/closure-compiler/issues/issue-747.json
--------------------------------------------------------------------------------
Root cause in triggering tests:
 - com.google.javascript.jscomp.PeepholeFoldConstantsTest::testFoldGetElem
   --> junit.framework.AssertionFailedError: Unexpected error(s): JSC_INDEX_OUT_OF_BOUNDS_ERROR. Array index out of bounds: NUMBER 0.0 1 [source_file: testcode] at testcode line 1 : 10 expected:<0> but was:<1>
--------------------------------------------------------------------------------
List of modified sources:
 - com.google.javascript.jscomp.PeepholeFoldConstants
--------------------------------------------------------------------------------
",https://storage.googleapis.com/google-code-archive/v2/code.google.com/closure-compiler/issues/issue-747.json,1,1,"
            Bug report URL: https://storage.googleapis.com/google-code-archive/v2/code.google.com/closure-compiler/issues/issue-747.json

            Original files:
            {}

            Instruction: Given bug report URL and Original files, fix the bug by rewriting the files in orignal files

            STRICTLY follow this format for each file. Do NOT add any extra text, explanations, or quotes. Repeat the format for multiple files.

            ---FILE_START---
            FILENAME: <full_file_name>
            CONTENT:
            <full file content here>
            ---FILE_END---
            
            "
Closure,24,"Summary of configuration for Project: Closure
--------------------------------------------------------------------------------
    Script dir: /Users/likhithasurakasi/defects4j/framework
      Base dir: /Users/likhithasurakasi/defects4j
    Major root: /Users/likhithasurakasi/defects4j/major
      Repo dir: /Users/likhithasurakasi/defects4j/project_repos
--------------------------------------------------------------------------------
    Project ID: Closure
       Program: closure-compiler
    Build file: /Users/likhithasurakasi/defects4j/framework/projects/Closure/Closure.build.xml
--------------------------------------------------------------------------------
           Vcs: Vcs::Git
    Repository: /Users/likhithasurakasi/defects4j/project_repos/closure-compiler.git
     Commit db: /Users/likhithasurakasi/defects4j/framework/projects/Closure/active-bugs.csv
Number of bugs: 174
--------------------------------------------------------------------------------

Summary for Bug: Closure-24
--------------------------------------------------------------------------------
Revision ID (fixed version):
70ca6014779735bdc52ca0e80e528257829a15e7
--------------------------------------------------------------------------------
Revision date (fixed version):
2012-05-24 15:54:23 +0000
--------------------------------------------------------------------------------
Bug report id:
737
--------------------------------------------------------------------------------
Bug report url:
https://storage.googleapis.com/google-code-archive/v2/code.google.com/closure-compiler/issues/issue-737.json
--------------------------------------------------------------------------------
Root cause in triggering tests:
 - com.google.javascript.jscomp.ScopedAliasesTest::testNonAliasLocal
   --> junit.framework.AssertionFailedError: There should be one error.  expected:<1> but was:<0>
--------------------------------------------------------------------------------
List of modified sources:
 - com.google.javascript.jscomp.ScopedAliases
--------------------------------------------------------------------------------
",https://storage.googleapis.com/google-code-archive/v2/code.google.com/closure-compiler/issues/issue-737.json,1,1,"
            Bug report URL: https://storage.googleapis.com/google-code-archive/v2/code.google.com/closure-compiler/issues/issue-737.json

            Original files:
            {}

            Instruction: Given bug report URL and Original files, fix the bug by rewriting the files in orignal files

            STRICTLY follow this format for each file. Do NOT add any extra text, explanations, or quotes. Repeat the format for multiple files.

            ---FILE_START---
            FILENAME: <full_file_name>
            CONTENT:
            <full file content here>
            ---FILE_END---
            
            "
Closure,25,"Summary of configuration for Project: Closure
--------------------------------------------------------------------------------
    Script dir: /Users/likhithasurakasi/defects4j/framework
      Base dir: /Users/likhithasurakasi/defects4j
    Major root: /Users/likhithasurakasi/defects4j/major
      Repo dir: /Users/likhithasurakasi/defects4j/project_repos
--------------------------------------------------------------------------------
    Project ID: Closure
       Program: closure-compiler
    Build file: /Users/likhithasurakasi/defects4j/framework/projects/Closure/Closure.build.xml
--------------------------------------------------------------------------------
           Vcs: Vcs::Git
    Repository: /Users/likhithasurakasi/defects4j/project_repos/closure-compiler.git
     Commit db: /Users/likhithasurakasi/defects4j/framework/projects/Closure/active-bugs.csv
Number of bugs: 174
--------------------------------------------------------------------------------

Summary for Bug: Closure-25
--------------------------------------------------------------------------------
Revision ID (fixed version):
2e904fcdc3bc09e3bff557fcfca383ba7e450095
--------------------------------------------------------------------------------
Revision date (fixed version):
2012-05-18 23:58:44 +0000
--------------------------------------------------------------------------------
Bug report id:
729
--------------------------------------------------------------------------------
Bug report url:
https://storage.googleapis.com/google-code-archive/v2/code.google.com/closure-compiler/issues/issue-729.json
--------------------------------------------------------------------------------
Root cause in triggering tests:
 - com.google.javascript.jscomp.TypeInferenceTest::testBackwardsInferenceNew
   --> junit.framework.ComparisonFailure: expected:<{[foo: (number|undefined)]}> but was:<{[]}>
--------------------------------------------------------------------------------
List of modified sources:
 - com.google.javascript.jscomp.TypeInference
--------------------------------------------------------------------------------
",https://storage.googleapis.com/google-code-archive/v2/code.google.com/closure-compiler/issues/issue-729.json,1,1,"
            Bug report URL: https://storage.googleapis.com/google-code-archive/v2/code.google.com/closure-compiler/issues/issue-729.json

            Original files:
            {}

            Instruction: Given bug report URL and Original files, fix the bug by rewriting the files in orignal files

            STRICTLY follow this format for each file. Do NOT add any extra text, explanations, or quotes. Repeat the format for multiple files.

            ---FILE_START---
            FILENAME: <full_file_name>
            CONTENT:
            <full file content here>
            ---FILE_END---
            
            "
Closure,26,"Summary of configuration for Project: Closure
--------------------------------------------------------------------------------
    Script dir: /Users/likhithasurakasi/defects4j/framework
      Base dir: /Users/likhithasurakasi/defects4j
    Major root: /Users/likhithasurakasi/defects4j/major
      Repo dir: /Users/likhithasurakasi/defects4j/project_repos
--------------------------------------------------------------------------------
    Project ID: Closure
       Program: closure-compiler
    Build file: /Users/likhithasurakasi/defects4j/framework/projects/Closure/Closure.build.xml
--------------------------------------------------------------------------------
           Vcs: Vcs::Git
    Repository: /Users/likhithasurakasi/defects4j/project_repos/closure-compiler.git
     Commit db: /Users/likhithasurakasi/defects4j/framework/projects/Closure/active-bugs.csv
Number of bugs: 174
--------------------------------------------------------------------------------

Summary for Bug: Closure-26
--------------------------------------------------------------------------------
Revision ID (fixed version):
372eb11e44b8559004bfe78a5b4003caf0072135
--------------------------------------------------------------------------------
Revision date (fixed version):
2012-05-18 23:57:52 +0000
--------------------------------------------------------------------------------
Bug report id:
732
--------------------------------------------------------------------------------
Bug report url:
https://storage.googleapis.com/google-code-archive/v2/code.google.com/closure-compiler/issues/issue-732.json
--------------------------------------------------------------------------------
Root cause in triggering tests:
 - com.google.javascript.jscomp.CommandLineRunnerTest::testTransformAMDAndProcessCJS
   --> junit.framework.AssertionFailedError: 
 - com.google.javascript.jscomp.CommandLineRunnerTest::testProcessCJS
   --> junit.framework.AssertionFailedError: 
 - com.google.javascript.jscomp.ProcessCommonJSModulesTest::testExports
   --> junit.framework.AssertionFailedError: 
 - com.google.javascript.jscomp.ProcessCommonJSModulesTest::testModuleName
   --> junit.framework.AssertionFailedError: 
 - com.google.javascript.jscomp.ProcessCommonJSModulesTest::testDash
   --> junit.framework.AssertionFailedError: 
 - com.google.javascript.jscomp.ProcessCommonJSModulesTest::testVarRenaming
   --> junit.framework.AssertionFailedError: 
 - com.google.javascript.jscomp.ProcessCommonJSModulesTest::testWithoutExports
   --> junit.framework.AssertionFailedError: 
--------------------------------------------------------------------------------
List of modified sources:
 - com.google.javascript.jscomp.ProcessCommonJSModules
--------------------------------------------------------------------------------
",https://storage.googleapis.com/google-code-archive/v2/code.google.com/closure-compiler/issues/issue-732.json,1,1,"
            Bug report URL: https://storage.googleapis.com/google-code-archive/v2/code.google.com/closure-compiler/issues/issue-732.json

            Original files:
            {}

            Instruction: Given bug report URL and Original files, fix the bug by rewriting the files in orignal files

            STRICTLY follow this format for each file. Do NOT add any extra text, explanations, or quotes. Repeat the format for multiple files.

            ---FILE_START---
            FILENAME: <full_file_name>
            CONTENT:
            <full file content here>
            ---FILE_END---
            
            "
Closure,27,"Summary of configuration for Project: Closure
--------------------------------------------------------------------------------
    Script dir: /Users/likhithasurakasi/defects4j/framework
      Base dir: /Users/likhithasurakasi/defects4j
    Major root: /Users/likhithasurakasi/defects4j/major
      Repo dir: /Users/likhithasurakasi/defects4j/project_repos
--------------------------------------------------------------------------------
    Project ID: Closure
       Program: closure-compiler
    Build file: /Users/likhithasurakasi/defects4j/framework/projects/Closure/Closure.build.xml
--------------------------------------------------------------------------------
           Vcs: Vcs::Git
    Repository: /Users/likhithasurakasi/defects4j/project_repos/closure-compiler.git
     Commit db: /Users/likhithasurakasi/defects4j/framework/projects/Closure/active-bugs.csv
Number of bugs: 174
--------------------------------------------------------------------------------

Summary for Bug: Closure-27
--------------------------------------------------------------------------------
Revision ID (fixed version):
7a8983042131c5a9c2b5421ae42075cbb8ef1aeb
--------------------------------------------------------------------------------
Revision date (fixed version):
2012-05-14 21:03:20 +0000
--------------------------------------------------------------------------------
Bug report id:
727
--------------------------------------------------------------------------------
Bug report url:
https://storage.googleapis.com/google-code-archive/v2/code.google.com/closure-compiler/issues/issue-727.json
--------------------------------------------------------------------------------
Root cause in triggering tests:
 - com.google.javascript.rhino.IRTest::testIssue727_1
   --> java.lang.IllegalStateException
 - com.google.javascript.rhino.IRTest::testIssue727_2
   --> java.lang.IllegalStateException
 - com.google.javascript.rhino.IRTest::testIssue727_3
   --> java.lang.IllegalStateException
--------------------------------------------------------------------------------
List of modified sources:
 - com.google.javascript.rhino.IR
--------------------------------------------------------------------------------
",https://storage.googleapis.com/google-code-archive/v2/code.google.com/closure-compiler/issues/issue-727.json,1,1,"
            Bug report URL: https://storage.googleapis.com/google-code-archive/v2/code.google.com/closure-compiler/issues/issue-727.json

            Original files:
            {}

            Instruction: Given bug report URL and Original files, fix the bug by rewriting the files in orignal files

            STRICTLY follow this format for each file. Do NOT add any extra text, explanations, or quotes. Repeat the format for multiple files.

            ---FILE_START---
            FILENAME: <full_file_name>
            CONTENT:
            <full file content here>
            ---FILE_END---
            
            "
Closure,28,"Summary of configuration for Project: Closure
--------------------------------------------------------------------------------
    Script dir: /Users/likhithasurakasi/defects4j/framework
      Base dir: /Users/likhithasurakasi/defects4j
    Major root: /Users/likhithasurakasi/defects4j/major
      Repo dir: /Users/likhithasurakasi/defects4j/project_repos
--------------------------------------------------------------------------------
    Project ID: Closure
       Program: closure-compiler
    Build file: /Users/likhithasurakasi/defects4j/framework/projects/Closure/Closure.build.xml
--------------------------------------------------------------------------------
           Vcs: Vcs::Git
    Repository: /Users/likhithasurakasi/defects4j/project_repos/closure-compiler.git
     Commit db: /Users/likhithasurakasi/defects4j/framework/projects/Closure/active-bugs.csv
Number of bugs: 174
--------------------------------------------------------------------------------

Summary for Bug: Closure-28
--------------------------------------------------------------------------------
Revision ID (fixed version):
59dbb7a28680caad08ddb1658123fe0cbb1ae689
--------------------------------------------------------------------------------
Revision date (fixed version):
2012-05-14 18:02:20 +0000
--------------------------------------------------------------------------------
Bug report id:
728
--------------------------------------------------------------------------------
Bug report url:
https://storage.googleapis.com/google-code-archive/v2/code.google.com/closure-compiler/issues/issue-728.json
--------------------------------------------------------------------------------
Root cause in triggering tests:
 - com.google.javascript.jscomp.InlineCostEstimatorTest::testCost
   --> junit.framework.AssertionFailedError: expected:<1> but was:<4>
 - com.google.javascript.jscomp.InlineFunctionsTest::testIssue728
   --> junit.framework.AssertionFailedError: 
--------------------------------------------------------------------------------
List of modified sources:
 - com.google.javascript.jscomp.InlineCostEstimator
--------------------------------------------------------------------------------
",https://storage.googleapis.com/google-code-archive/v2/code.google.com/closure-compiler/issues/issue-728.json,1,1,"
            Bug report URL: https://storage.googleapis.com/google-code-archive/v2/code.google.com/closure-compiler/issues/issue-728.json

            Original files:
            {}

            Instruction: Given bug report URL and Original files, fix the bug by rewriting the files in orignal files

            STRICTLY follow this format for each file. Do NOT add any extra text, explanations, or quotes. Repeat the format for multiple files.

            ---FILE_START---
            FILENAME: <full_file_name>
            CONTENT:
            <full file content here>
            ---FILE_END---
            
            "
Closure,29,"Summary of configuration for Project: Closure
--------------------------------------------------------------------------------
    Script dir: /Users/likhithasurakasi/defects4j/framework
      Base dir: /Users/likhithasurakasi/defects4j
    Major root: /Users/likhithasurakasi/defects4j/major
      Repo dir: /Users/likhithasurakasi/defects4j/project_repos
--------------------------------------------------------------------------------
    Project ID: Closure
       Program: closure-compiler
    Build file: /Users/likhithasurakasi/defects4j/framework/projects/Closure/Closure.build.xml
--------------------------------------------------------------------------------
           Vcs: Vcs::Git
    Repository: /Users/likhithasurakasi/defects4j/project_repos/closure-compiler.git
     Commit db: /Users/likhithasurakasi/defects4j/framework/projects/Closure/active-bugs.csv
Number of bugs: 174
--------------------------------------------------------------------------------

Summary for Bug: Closure-29
--------------------------------------------------------------------------------
Revision ID (fixed version):
6924915efab89f921fd0779fe200fecc1bf80847
--------------------------------------------------------------------------------
Revision date (fixed version):
2012-05-11 20:35:50 +0000
--------------------------------------------------------------------------------
Bug report id:
724
--------------------------------------------------------------------------------
Bug report url:
https://storage.googleapis.com/google-code-archive/v2/code.google.com/closure-compiler/issues/issue-724.json
--------------------------------------------------------------------------------
Root cause in triggering tests:
 - com.google.javascript.jscomp.InlineObjectLiteralsTest::testObject10
   --> junit.framework.AssertionFailedError: 
 - com.google.javascript.jscomp.InlineObjectLiteralsTest::testObject12
   --> junit.framework.AssertionFailedError: 
 - com.google.javascript.jscomp.InlineObjectLiteralsTest::testObject22
   --> junit.framework.AssertionFailedError: 
 - com.google.javascript.jscomp.InlineObjectLiteralsTest::testIssue724
   --> junit.framework.AssertionFailedError: 
 - com.google.javascript.jscomp.IntegrationTest::testIssue724
   --> junit.framework.AssertionFailedError: 
--------------------------------------------------------------------------------
List of modified sources:
 - com.google.javascript.jscomp.InlineObjectLiterals
--------------------------------------------------------------------------------
",https://storage.googleapis.com/google-code-archive/v2/code.google.com/closure-compiler/issues/issue-724.json,1,1,"
            Bug report URL: https://storage.googleapis.com/google-code-archive/v2/code.google.com/closure-compiler/issues/issue-724.json

            Original files:
            {}

            Instruction: Given bug report URL and Original files, fix the bug by rewriting the files in orignal files

            STRICTLY follow this format for each file. Do NOT add any extra text, explanations, or quotes. Repeat the format for multiple files.

            ---FILE_START---
            FILENAME: <full_file_name>
            CONTENT:
            <full file content here>
            ---FILE_END---
            
            "
Closure,30,"Summary of configuration for Project: Closure
--------------------------------------------------------------------------------
    Script dir: /Users/likhithasurakasi/defects4j/framework
      Base dir: /Users/likhithasurakasi/defects4j
    Major root: /Users/likhithasurakasi/defects4j/major
      Repo dir: /Users/likhithasurakasi/defects4j/project_repos
--------------------------------------------------------------------------------
    Project ID: Closure
       Program: closure-compiler
    Build file: /Users/likhithasurakasi/defects4j/framework/projects/Closure/Closure.build.xml
--------------------------------------------------------------------------------
           Vcs: Vcs::Git
    Repository: /Users/likhithasurakasi/defects4j/project_repos/closure-compiler.git
     Commit db: /Users/likhithasurakasi/defects4j/framework/projects/Closure/active-bugs.csv
Number of bugs: 174
--------------------------------------------------------------------------------

Summary for Bug: Closure-30
--------------------------------------------------------------------------------
Revision ID (fixed version):
38e2b8f247423734adec3dbd76fa22da1a3561a8
--------------------------------------------------------------------------------
Revision date (fixed version):
2012-04-16 22:28:43 +0000
--------------------------------------------------------------------------------
Bug report id:
698
--------------------------------------------------------------------------------
Bug report url:
https://storage.googleapis.com/google-code-archive/v2/code.google.com/closure-compiler/issues/issue-698.json
--------------------------------------------------------------------------------
Root cause in triggering tests:
 - com.google.javascript.jscomp.FlowSensitiveInlineVariablesTest::testInlineAcrossSideEffect1
   --> junit.framework.AssertionFailedError: 
 - com.google.javascript.jscomp.FlowSensitiveInlineVariablesTest::testCanInlineAcrossNoSideEffect
   --> junit.framework.AssertionFailedError: 
 - com.google.javascript.jscomp.FlowSensitiveInlineVariablesTest::testIssue698
   --> junit.framework.AssertionFailedError: 
--------------------------------------------------------------------------------
List of modified sources:
 - com.google.javascript.jscomp.FlowSensitiveInlineVariables
 - com.google.javascript.jscomp.MustBeReachingVariableDef
--------------------------------------------------------------------------------
",https://storage.googleapis.com/google-code-archive/v2/code.google.com/closure-compiler/issues/issue-698.json,1,2,"
            Bug report URL: https://storage.googleapis.com/google-code-archive/v2/code.google.com/closure-compiler/issues/issue-698.json

            Original files:
            {}

            Instruction: Given bug report URL and Original files, fix the bug by rewriting the files in orignal files

            STRICTLY follow this format for each file. Do NOT add any extra text, explanations, or quotes. Repeat the format for multiple files.

            ---FILE_START---
            FILENAME: <full_file_name>
            CONTENT:
            <full file content here>
            ---FILE_END---
            
            "
Closure,31,"Summary of configuration for Project: Closure
--------------------------------------------------------------------------------
    Script dir: /Users/likhithasurakasi/defects4j/framework
      Base dir: /Users/likhithasurakasi/defects4j
    Major root: /Users/likhithasurakasi/defects4j/major
      Repo dir: /Users/likhithasurakasi/defects4j/project_repos
--------------------------------------------------------------------------------
    Project ID: Closure
       Program: closure-compiler
    Build file: /Users/likhithasurakasi/defects4j/framework/projects/Closure/Closure.build.xml
--------------------------------------------------------------------------------
           Vcs: Vcs::Git
    Repository: /Users/likhithasurakasi/defects4j/project_repos/closure-compiler.git
     Commit db: /Users/likhithasurakasi/defects4j/framework/projects/Closure/active-bugs.csv
Number of bugs: 174
--------------------------------------------------------------------------------

Summary for Bug: Closure-31
--------------------------------------------------------------------------------
Revision ID (fixed version):
0a670cb51fd56c12c19f98884c9513792ebc3f76
--------------------------------------------------------------------------------
Revision date (fixed version):
2012-04-09 22:00:50 +0000
--------------------------------------------------------------------------------
Bug report id:
703
--------------------------------------------------------------------------------
Bug report url:
https://storage.googleapis.com/google-code-archive/v2/code.google.com/closure-compiler/issues/issue-703.json
--------------------------------------------------------------------------------
Root cause in triggering tests:
 - com.google.javascript.jscomp.CommandLineRunnerTest::testDependencySortingWhitespaceMode
   --> junit.framework.AssertionFailedError: 
--------------------------------------------------------------------------------
List of modified sources:
 - com.google.javascript.jscomp.Compiler
--------------------------------------------------------------------------------
",https://storage.googleapis.com/google-code-archive/v2/code.google.com/closure-compiler/issues/issue-703.json,1,1,"
            Bug report URL: https://storage.googleapis.com/google-code-archive/v2/code.google.com/closure-compiler/issues/issue-703.json

            Original files:
            {}

            Instruction: Given bug report URL and Original files, fix the bug by rewriting the files in orignal files

            STRICTLY follow this format for each file. Do NOT add any extra text, explanations, or quotes. Repeat the format for multiple files.

            ---FILE_START---
            FILENAME: <full_file_name>
            CONTENT:
            <full file content here>
            ---FILE_END---
            
            "
Closure,32,"Summary of configuration for Project: Closure
--------------------------------------------------------------------------------
    Script dir: /Users/likhithasurakasi/defects4j/framework
      Base dir: /Users/likhithasurakasi/defects4j
    Major root: /Users/likhithasurakasi/defects4j/major
      Repo dir: /Users/likhithasurakasi/defects4j/project_repos
--------------------------------------------------------------------------------
    Project ID: Closure
       Program: closure-compiler
    Build file: /Users/likhithasurakasi/defects4j/framework/projects/Closure/Closure.build.xml
--------------------------------------------------------------------------------
           Vcs: Vcs::Git
    Repository: /Users/likhithasurakasi/defects4j/project_repos/closure-compiler.git
     Commit db: /Users/likhithasurakasi/defects4j/framework/projects/Closure/active-bugs.csv
Number of bugs: 174
--------------------------------------------------------------------------------

Summary for Bug: Closure-32
--------------------------------------------------------------------------------
Revision ID (fixed version):
66c8c695fd8130e3ede6f77c6e5cc1ec96a0e9b3
--------------------------------------------------------------------------------
Revision date (fixed version):
2012-04-05 18:10:13 +0000
--------------------------------------------------------------------------------
Bug report id:
701
--------------------------------------------------------------------------------
Bug report url:
https://storage.googleapis.com/google-code-archive/v2/code.google.com/closure-compiler/issues/issue-701.json
--------------------------------------------------------------------------------
Root cause in triggering tests:
 - com.google.javascript.jscomp.IntegrationTest::testIssue701
   --> junit.framework.ComparisonFailure: expected:</*
 - com.google.javascript.jscomp.parsing.JsDocInfoParserTest::testParseLicense
   --> junit.framework.ComparisonFailure: expected:< Foo
 - com.google.javascript.jscomp.parsing.JsDocInfoParserTest::testParsePreserve
   --> junit.framework.ComparisonFailure: expected:< Foo
 - com.google.javascript.jscomp.parsing.JsDocInfoParserTest::testParseLicenseAscii
   --> junit.framework.ComparisonFailure: expected:< Foo
--------------------------------------------------------------------------------
List of modified sources:
 - com.google.javascript.jscomp.parsing.JsDocInfoParser
--------------------------------------------------------------------------------
",https://storage.googleapis.com/google-code-archive/v2/code.google.com/closure-compiler/issues/issue-701.json,1,1,"
            Bug report URL: https://storage.googleapis.com/google-code-archive/v2/code.google.com/closure-compiler/issues/issue-701.json

            Original files:
            {}

            Instruction: Given bug report URL and Original files, fix the bug by rewriting the files in orignal files

            STRICTLY follow this format for each file. Do NOT add any extra text, explanations, or quotes. Repeat the format for multiple files.

            ---FILE_START---
            FILENAME: <full_file_name>
            CONTENT:
            <full file content here>
            ---FILE_END---
            
            "
Closure,33,"Summary of configuration for Project: Closure
--------------------------------------------------------------------------------
    Script dir: /Users/likhithasurakasi/defects4j/framework
      Base dir: /Users/likhithasurakasi/defects4j
    Major root: /Users/likhithasurakasi/defects4j/major
      Repo dir: /Users/likhithasurakasi/defects4j/project_repos
--------------------------------------------------------------------------------
    Project ID: Closure
       Program: closure-compiler
    Build file: /Users/likhithasurakasi/defects4j/framework/projects/Closure/Closure.build.xml
--------------------------------------------------------------------------------
           Vcs: Vcs::Git
    Repository: /Users/likhithasurakasi/defects4j/project_repos/closure-compiler.git
     Commit db: /Users/likhithasurakasi/defects4j/framework/projects/Closure/active-bugs.csv
Number of bugs: 174
--------------------------------------------------------------------------------

Summary for Bug: Closure-33
--------------------------------------------------------------------------------
Revision ID (fixed version):
382422adae8e9f07fc23c94089c0ebe08a2174bc
--------------------------------------------------------------------------------
Revision date (fixed version):
2012-04-02 21:17:00 +0000
--------------------------------------------------------------------------------
Bug report id:
700
--------------------------------------------------------------------------------
Bug report url:
https://storage.googleapis.com/google-code-archive/v2/code.google.com/closure-compiler/issues/issue-700.json
--------------------------------------------------------------------------------
Root cause in triggering tests:
 - com.google.javascript.jscomp.TypeCheckTest::testIssue700
   --> junit.framework.AssertionFailedError: unexpected warnings(s):
--------------------------------------------------------------------------------
List of modified sources:
 - com.google.javascript.rhino.jstype.PrototypeObjectType
--------------------------------------------------------------------------------
",https://storage.googleapis.com/google-code-archive/v2/code.google.com/closure-compiler/issues/issue-700.json,1,1,"
            Bug report URL: https://storage.googleapis.com/google-code-archive/v2/code.google.com/closure-compiler/issues/issue-700.json

            Original files:
            {}

            Instruction: Given bug report URL and Original files, fix the bug by rewriting the files in orignal files

            STRICTLY follow this format for each file. Do NOT add any extra text, explanations, or quotes. Repeat the format for multiple files.

            ---FILE_START---
            FILENAME: <full_file_name>
            CONTENT:
            <full file content here>
            ---FILE_END---
            
            "
Closure,34,"Summary of configuration for Project: Closure
--------------------------------------------------------------------------------
    Script dir: /Users/likhithasurakasi/defects4j/framework
      Base dir: /Users/likhithasurakasi/defects4j
    Major root: /Users/likhithasurakasi/defects4j/major
      Repo dir: /Users/likhithasurakasi/defects4j/project_repos
--------------------------------------------------------------------------------
    Project ID: Closure
       Program: closure-compiler
    Build file: /Users/likhithasurakasi/defects4j/framework/projects/Closure/Closure.build.xml
--------------------------------------------------------------------------------
           Vcs: Vcs::Git
    Repository: /Users/likhithasurakasi/defects4j/project_repos/closure-compiler.git
     Commit db: /Users/likhithasurakasi/defects4j/framework/projects/Closure/active-bugs.csv
Number of bugs: 174
--------------------------------------------------------------------------------

Summary for Bug: Closure-34
--------------------------------------------------------------------------------
Revision ID (fixed version):
87b154f89cba3c67045cd7a783b79231d0630a4c
--------------------------------------------------------------------------------
Revision date (fixed version):
2012-03-27 15:38:10 +0000
--------------------------------------------------------------------------------
Bug report id:
691
--------------------------------------------------------------------------------
Bug report url:
https://storage.googleapis.com/google-code-archive/v2/code.google.com/closure-compiler/issues/issue-691.json
--------------------------------------------------------------------------------
Root cause in triggering tests:
 - com.google.javascript.jscomp.CodePrinterTest::testManyAdds
   --> java.lang.StackOverflowError
--------------------------------------------------------------------------------
List of modified sources:
 - com.google.javascript.jscomp.CodeGenerator
 - com.google.javascript.jscomp.CodePrinter
--------------------------------------------------------------------------------
",https://storage.googleapis.com/google-code-archive/v2/code.google.com/closure-compiler/issues/issue-691.json,1,2,"
            Bug report URL: https://storage.googleapis.com/google-code-archive/v2/code.google.com/closure-compiler/issues/issue-691.json

            Original files:
            {}

            Instruction: Given bug report URL and Original files, fix the bug by rewriting the files in orignal files

            STRICTLY follow this format for each file. Do NOT add any extra text, explanations, or quotes. Repeat the format for multiple files.

            ---FILE_START---
            FILENAME: <full_file_name>
            CONTENT:
            <full file content here>
            ---FILE_END---
            
            "
Closure,35,"Summary of configuration for Project: Closure
--------------------------------------------------------------------------------
    Script dir: /Users/likhithasurakasi/defects4j/framework
      Base dir: /Users/likhithasurakasi/defects4j
    Major root: /Users/likhithasurakasi/defects4j/major
      Repo dir: /Users/likhithasurakasi/defects4j/project_repos
--------------------------------------------------------------------------------
    Project ID: Closure
       Program: closure-compiler
    Build file: /Users/likhithasurakasi/defects4j/framework/projects/Closure/Closure.build.xml
--------------------------------------------------------------------------------
           Vcs: Vcs::Git
    Repository: /Users/likhithasurakasi/defects4j/project_repos/closure-compiler.git
     Commit db: /Users/likhithasurakasi/defects4j/framework/projects/Closure/active-bugs.csv
Number of bugs: 174
--------------------------------------------------------------------------------

Summary for Bug: Closure-35
--------------------------------------------------------------------------------
Revision ID (fixed version):
22784dc96c391b01692ce686eb93b9aa0ef74ede
--------------------------------------------------------------------------------
Revision date (fixed version):
2012-03-01 16:46:24 +0000
--------------------------------------------------------------------------------
Bug report id:
669
--------------------------------------------------------------------------------
Bug report url:
https://storage.googleapis.com/google-code-archive/v2/code.google.com/closure-compiler/issues/issue-669.json
--------------------------------------------------------------------------------
Root cause in triggering tests:
 - com.google.javascript.jscomp.TypeCheckTest::testIssue669
   --> junit.framework.AssertionFailedError: unexpected warnings(s):
--------------------------------------------------------------------------------
List of modified sources:
 - com.google.javascript.jscomp.TypeInference
--------------------------------------------------------------------------------
",https://storage.googleapis.com/google-code-archive/v2/code.google.com/closure-compiler/issues/issue-669.json,1,1,"
            Bug report URL: https://storage.googleapis.com/google-code-archive/v2/code.google.com/closure-compiler/issues/issue-669.json

            Original files:
            {}

            Instruction: Given bug report URL and Original files, fix the bug by rewriting the files in orignal files

            STRICTLY follow this format for each file. Do NOT add any extra text, explanations, or quotes. Repeat the format for multiple files.

            ---FILE_START---
            FILENAME: <full_file_name>
            CONTENT:
            <full file content here>
            ---FILE_END---
            
            "
Closure,36,"Summary of configuration for Project: Closure
--------------------------------------------------------------------------------
    Script dir: /Users/likhithasurakasi/defects4j/framework
      Base dir: /Users/likhithasurakasi/defects4j
    Major root: /Users/likhithasurakasi/defects4j/major
      Repo dir: /Users/likhithasurakasi/defects4j/project_repos
--------------------------------------------------------------------------------
    Project ID: Closure
       Program: closure-compiler
    Build file: /Users/likhithasurakasi/defects4j/framework/projects/Closure/Closure.build.xml
--------------------------------------------------------------------------------
           Vcs: Vcs::Git
    Repository: /Users/likhithasurakasi/defects4j/project_repos/closure-compiler.git
     Commit db: /Users/likhithasurakasi/defects4j/framework/projects/Closure/active-bugs.csv
Number of bugs: 174
--------------------------------------------------------------------------------

Summary for Bug: Closure-36
--------------------------------------------------------------------------------
Revision ID (fixed version):
be397ee0d0be2aad8f71d12f097b17563866445a
--------------------------------------------------------------------------------
Revision date (fixed version):
2012-02-29 05:56:20 +0000
--------------------------------------------------------------------------------
Bug report id:
668
--------------------------------------------------------------------------------
Bug report url:
https://storage.googleapis.com/google-code-archive/v2/code.google.com/closure-compiler/issues/issue-668.json
--------------------------------------------------------------------------------
Root cause in triggering tests:
 - com.google.javascript.jscomp.IntegrationTest::testSingletonGetter1
   --> junit.framework.AssertionFailedError: 
--------------------------------------------------------------------------------
List of modified sources:
 - com.google.javascript.jscomp.InlineVariables
--------------------------------------------------------------------------------
",https://storage.googleapis.com/google-code-archive/v2/code.google.com/closure-compiler/issues/issue-668.json,1,1,"
            Bug report URL: https://storage.googleapis.com/google-code-archive/v2/code.google.com/closure-compiler/issues/issue-668.json

            Original files:
            {}

            Instruction: Given bug report URL and Original files, fix the bug by rewriting the files in orignal files

            STRICTLY follow this format for each file. Do NOT add any extra text, explanations, or quotes. Repeat the format for multiple files.

            ---FILE_START---
            FILENAME: <full_file_name>
            CONTENT:
            <full file content here>
            ---FILE_END---
            
            "
Closure,37,"Summary of configuration for Project: Closure
--------------------------------------------------------------------------------
    Script dir: /Users/likhithasurakasi/defects4j/framework
      Base dir: /Users/likhithasurakasi/defects4j
    Major root: /Users/likhithasurakasi/defects4j/major
      Repo dir: /Users/likhithasurakasi/defects4j/project_repos
--------------------------------------------------------------------------------
    Project ID: Closure
       Program: closure-compiler
    Build file: /Users/likhithasurakasi/defects4j/framework/projects/Closure/Closure.build.xml
--------------------------------------------------------------------------------
           Vcs: Vcs::Git
    Repository: /Users/likhithasurakasi/defects4j/project_repos/closure-compiler.git
     Commit db: /Users/likhithasurakasi/defects4j/framework/projects/Closure/active-bugs.csv
Number of bugs: 174
--------------------------------------------------------------------------------

Summary for Bug: Closure-37
--------------------------------------------------------------------------------
Revision ID (fixed version):
7e93d521cb67ce33018315234fafe8a5aa30ee1e
--------------------------------------------------------------------------------
Revision date (fixed version):
2012-02-21 17:27:03 +0000
--------------------------------------------------------------------------------
Bug report id:
663
--------------------------------------------------------------------------------
Bug report url:
https://storage.googleapis.com/google-code-archive/v2/code.google.com/closure-compiler/issues/issue-663.json
--------------------------------------------------------------------------------
Root cause in triggering tests:
 - com.google.javascript.jscomp.IntegrationTest::testIncompleteFunction
   --> java.lang.RuntimeException: java.lang.RuntimeException: INTERNAL COMPILER ERROR.
--------------------------------------------------------------------------------
List of modified sources:
 - com.google.javascript.jscomp.NodeTraversal
 - com.google.javascript.jscomp.parsing.IRFactory
--------------------------------------------------------------------------------
",https://storage.googleapis.com/google-code-archive/v2/code.google.com/closure-compiler/issues/issue-663.json,1,2,"
            Bug report URL: https://storage.googleapis.com/google-code-archive/v2/code.google.com/closure-compiler/issues/issue-663.json

            Original files:
            {}

            Instruction: Given bug report URL and Original files, fix the bug by rewriting the files in orignal files

            STRICTLY follow this format for each file. Do NOT add any extra text, explanations, or quotes. Repeat the format for multiple files.

            ---FILE_START---
            FILENAME: <full_file_name>
            CONTENT:
            <full file content here>
            ---FILE_END---
            
            "
Closure,38,"Summary of configuration for Project: Closure
--------------------------------------------------------------------------------
    Script dir: /Users/likhithasurakasi/defects4j/framework
      Base dir: /Users/likhithasurakasi/defects4j
    Major root: /Users/likhithasurakasi/defects4j/major
      Repo dir: /Users/likhithasurakasi/defects4j/project_repos
--------------------------------------------------------------------------------
    Project ID: Closure
       Program: closure-compiler
    Build file: /Users/likhithasurakasi/defects4j/framework/projects/Closure/Closure.build.xml
--------------------------------------------------------------------------------
           Vcs: Vcs::Git
    Repository: /Users/likhithasurakasi/defects4j/project_repos/closure-compiler.git
     Commit db: /Users/likhithasurakasi/defects4j/framework/projects/Closure/active-bugs.csv
Number of bugs: 174
--------------------------------------------------------------------------------

Summary for Bug: Closure-38
--------------------------------------------------------------------------------
Revision ID (fixed version):
8cf08115c6b252f8c6b54348a4089dccc45a01fb
--------------------------------------------------------------------------------
Revision date (fixed version):
2012-02-13 16:07:52 +0000
--------------------------------------------------------------------------------
Bug report id:
657
--------------------------------------------------------------------------------
Bug report url:
https://storage.googleapis.com/google-code-archive/v2/code.google.com/closure-compiler/issues/issue-657.json
--------------------------------------------------------------------------------
Root cause in triggering tests:
 - com.google.javascript.jscomp.CodePrinterTest::testMinusNegativeZero
   --> junit.framework.ComparisonFailure: expected:<x-[ ]-0.0> but was:<x-[]-0.0>
--------------------------------------------------------------------------------
List of modified sources:
 - com.google.javascript.jscomp.CodeConsumer
--------------------------------------------------------------------------------
",https://storage.googleapis.com/google-code-archive/v2/code.google.com/closure-compiler/issues/issue-657.json,1,1,"
            Bug report URL: https://storage.googleapis.com/google-code-archive/v2/code.google.com/closure-compiler/issues/issue-657.json

            Original files:
            {}

            Instruction: Given bug report URL and Original files, fix the bug by rewriting the files in orignal files

            STRICTLY follow this format for each file. Do NOT add any extra text, explanations, or quotes. Repeat the format for multiple files.

            ---FILE_START---
            FILENAME: <full_file_name>
            CONTENT:
            <full file content here>
            ---FILE_END---
            
            "
Closure,39,"Summary of configuration for Project: Closure
--------------------------------------------------------------------------------
    Script dir: /Users/likhithasurakasi/defects4j/framework
      Base dir: /Users/likhithasurakasi/defects4j
    Major root: /Users/likhithasurakasi/defects4j/major
      Repo dir: /Users/likhithasurakasi/defects4j/project_repos
--------------------------------------------------------------------------------
    Project ID: Closure
       Program: closure-compiler
    Build file: /Users/likhithasurakasi/defects4j/framework/projects/Closure/Closure.build.xml
--------------------------------------------------------------------------------
           Vcs: Vcs::Git
    Repository: /Users/likhithasurakasi/defects4j/project_repos/closure-compiler.git
     Commit db: /Users/likhithasurakasi/defects4j/framework/projects/Closure/active-bugs.csv
Number of bugs: 174
--------------------------------------------------------------------------------

Summary for Bug: Closure-39
--------------------------------------------------------------------------------
Revision ID (fixed version):
d577973fb378dfe0d05991ec0dfa6c1f40e574ee
--------------------------------------------------------------------------------
Revision date (fixed version):
2012-02-03 21:03:48 +0000
--------------------------------------------------------------------------------
Bug report id:
643
--------------------------------------------------------------------------------
Bug report url:
https://storage.googleapis.com/google-code-archive/v2/code.google.com/closure-compiler/issues/issue-643.json
--------------------------------------------------------------------------------
Root cause in triggering tests:
 - com.google.javascript.rhino.jstype.RecordTypeTest::testRecursiveRecord
   --> junit.framework.ComparisonFailure: expected:<{loop: [?], number: number, st...> but was:<{loop: [{...}], number: number, st...>
 - com.google.javascript.rhino.jstype.RecordTypeTest::testLongToString
   --> junit.framework.ComparisonFailure: expected:<...number, a4: number, [a5: number, a6: number]}> but was:<...number, a4: number, [...]}>
--------------------------------------------------------------------------------
List of modified sources:
 - com.google.javascript.rhino.jstype.PrototypeObjectType
--------------------------------------------------------------------------------
",https://storage.googleapis.com/google-code-archive/v2/code.google.com/closure-compiler/issues/issue-643.json,1,1,"
            Bug report URL: https://storage.googleapis.com/google-code-archive/v2/code.google.com/closure-compiler/issues/issue-643.json

            Original files:
            {}

            Instruction: Given bug report URL and Original files, fix the bug by rewriting the files in orignal files

            STRICTLY follow this format for each file. Do NOT add any extra text, explanations, or quotes. Repeat the format for multiple files.

            ---FILE_START---
            FILENAME: <full_file_name>
            CONTENT:
            <full file content here>
            ---FILE_END---
            
            "
Closure,40,"Summary of configuration for Project: Closure
--------------------------------------------------------------------------------
    Script dir: /Users/likhithasurakasi/defects4j/framework
      Base dir: /Users/likhithasurakasi/defects4j
    Major root: /Users/likhithasurakasi/defects4j/major
      Repo dir: /Users/likhithasurakasi/defects4j/project_repos
--------------------------------------------------------------------------------
    Project ID: Closure
       Program: closure-compiler
    Build file: /Users/likhithasurakasi/defects4j/framework/projects/Closure/Closure.build.xml
--------------------------------------------------------------------------------
           Vcs: Vcs::Git
    Repository: /Users/likhithasurakasi/defects4j/project_repos/closure-compiler.git
     Commit db: /Users/likhithasurakasi/defects4j/framework/projects/Closure/active-bugs.csv
Number of bugs: 174
--------------------------------------------------------------------------------

Summary for Bug: Closure-40
--------------------------------------------------------------------------------
Revision ID (fixed version):
6ebc0c3d7d4da7d2cf95f53d4ea790e89d3abc7a
--------------------------------------------------------------------------------
Revision date (fixed version):
2012-02-02 16:47:26 +0000
--------------------------------------------------------------------------------
Bug report id:
284
--------------------------------------------------------------------------------
Bug report url:
https://storage.googleapis.com/google-code-archive/v2/code.google.com/closure-compiler/issues/issue-284.json
--------------------------------------------------------------------------------
Root cause in triggering tests:
 - com.google.javascript.jscomp.IntegrationTest::testIssue284
   --> java.lang.RuntimeException: java.lang.RuntimeException: INTERNAL COMPILER ERROR.
 - com.google.javascript.jscomp.NameAnalyzerTest::testIssue284
   --> junit.framework.AssertionFailedError: 
--------------------------------------------------------------------------------
List of modified sources:
 - com.google.javascript.jscomp.NameAnalyzer
--------------------------------------------------------------------------------
",https://storage.googleapis.com/google-code-archive/v2/code.google.com/closure-compiler/issues/issue-284.json,1,1,"
            Bug report URL: https://storage.googleapis.com/google-code-archive/v2/code.google.com/closure-compiler/issues/issue-284.json

            Original files:
            {}

            Instruction: Given bug report URL and Original files, fix the bug by rewriting the files in orignal files

            STRICTLY follow this format for each file. Do NOT add any extra text, explanations, or quotes. Repeat the format for multiple files.

            ---FILE_START---
            FILENAME: <full_file_name>
            CONTENT:
            <full file content here>
            ---FILE_END---
            
            "
Closure,41,"Summary of configuration for Project: Closure
--------------------------------------------------------------------------------
    Script dir: /Users/likhithasurakasi/defects4j/framework
      Base dir: /Users/likhithasurakasi/defects4j
    Major root: /Users/likhithasurakasi/defects4j/major
      Repo dir: /Users/likhithasurakasi/defects4j/project_repos
--------------------------------------------------------------------------------
    Project ID: Closure
       Program: closure-compiler
    Build file: /Users/likhithasurakasi/defects4j/framework/projects/Closure/Closure.build.xml
--------------------------------------------------------------------------------
           Vcs: Vcs::Git
    Repository: /Users/likhithasurakasi/defects4j/project_repos/closure-compiler.git
     Commit db: /Users/likhithasurakasi/defects4j/framework/projects/Closure/active-bugs.csv
Number of bugs: 174
--------------------------------------------------------------------------------

Summary for Bug: Closure-41
--------------------------------------------------------------------------------
Revision ID (fixed version):
00b1517c53912ac6843c257c0a6ead1176e8c5ee
--------------------------------------------------------------------------------
Revision date (fixed version):
2012-01-23 23:36:43 +0000
--------------------------------------------------------------------------------
Bug report id:
368
--------------------------------------------------------------------------------
Bug report url:
https://storage.googleapis.com/google-code-archive/v2/code.google.com/closure-compiler/issues/issue-368.json
--------------------------------------------------------------------------------
Root cause in triggering tests:
 - com.google.javascript.jscomp.LooseTypeCheckTest::testMethodInference6
   --> junit.framework.AssertionFailedError: unexpected warnings(s):
 - com.google.javascript.jscomp.TypeCheckTest::testIssue368
   --> junit.framework.ComparisonFailure: expected:<[actual parameter 2 of Bar.prototype.add does not match formal parameter
 - com.google.javascript.jscomp.TypeCheckTest::testMethodInference6
   --> junit.framework.AssertionFailedError: unexpected warnings(s):
--------------------------------------------------------------------------------
List of modified sources:
 - com.google.javascript.jscomp.FunctionTypeBuilder
--------------------------------------------------------------------------------
",https://storage.googleapis.com/google-code-archive/v2/code.google.com/closure-compiler/issues/issue-368.json,1,1,"
            Bug report URL: https://storage.googleapis.com/google-code-archive/v2/code.google.com/closure-compiler/issues/issue-368.json

            Original files:
            {}

            Instruction: Given bug report URL and Original files, fix the bug by rewriting the files in orignal files

            STRICTLY follow this format for each file. Do NOT add any extra text, explanations, or quotes. Repeat the format for multiple files.

            ---FILE_START---
            FILENAME: <full_file_name>
            CONTENT:
            <full file content here>
            ---FILE_END---
            
            "
Closure,42,"Summary of configuration for Project: Closure
--------------------------------------------------------------------------------
    Script dir: /Users/likhithasurakasi/defects4j/framework
      Base dir: /Users/likhithasurakasi/defects4j
    Major root: /Users/likhithasurakasi/defects4j/major
      Repo dir: /Users/likhithasurakasi/defects4j/project_repos
--------------------------------------------------------------------------------
    Project ID: Closure
       Program: closure-compiler
    Build file: /Users/likhithasurakasi/defects4j/framework/projects/Closure/Closure.build.xml
--------------------------------------------------------------------------------
           Vcs: Vcs::Git
    Repository: /Users/likhithasurakasi/defects4j/project_repos/closure-compiler.git
     Commit db: /Users/likhithasurakasi/defects4j/framework/projects/Closure/active-bugs.csv
Number of bugs: 174
--------------------------------------------------------------------------------

Summary for Bug: Closure-42
--------------------------------------------------------------------------------
Revision ID (fixed version):
fb01427a445ebfeb3af5e220a98ccaced339b73e
--------------------------------------------------------------------------------
Revision date (fixed version):
2012-01-21 01:50:22 +0000
--------------------------------------------------------------------------------
Bug report id:
644
--------------------------------------------------------------------------------
Bug report url:
https://storage.googleapis.com/google-code-archive/v2/code.google.com/closure-compiler/issues/issue-644.json
--------------------------------------------------------------------------------
Root cause in triggering tests:
 - com.google.javascript.jscomp.parsing.ParserTest::testForEach
   --> junit.framework.AssertionFailedError
--------------------------------------------------------------------------------
List of modified sources:
 - com.google.javascript.jscomp.parsing.IRFactory
--------------------------------------------------------------------------------
",https://storage.googleapis.com/google-code-archive/v2/code.google.com/closure-compiler/issues/issue-644.json,1,1,"
            Bug report URL: https://storage.googleapis.com/google-code-archive/v2/code.google.com/closure-compiler/issues/issue-644.json

            Original files:
            {}

            Instruction: Given bug report URL and Original files, fix the bug by rewriting the files in orignal files

            STRICTLY follow this format for each file. Do NOT add any extra text, explanations, or quotes. Repeat the format for multiple files.

            ---FILE_START---
            FILENAME: <full_file_name>
            CONTENT:
            <full file content here>
            ---FILE_END---
            
            "
Closure,43,"Summary of configuration for Project: Closure
--------------------------------------------------------------------------------
    Script dir: /Users/likhithasurakasi/defects4j/framework
      Base dir: /Users/likhithasurakasi/defects4j
    Major root: /Users/likhithasurakasi/defects4j/major
      Repo dir: /Users/likhithasurakasi/defects4j/project_repos
--------------------------------------------------------------------------------
    Project ID: Closure
       Program: closure-compiler
    Build file: /Users/likhithasurakasi/defects4j/framework/projects/Closure/Closure.build.xml
--------------------------------------------------------------------------------
           Vcs: Vcs::Git
    Repository: /Users/likhithasurakasi/defects4j/project_repos/closure-compiler.git
     Commit db: /Users/likhithasurakasi/defects4j/framework/projects/Closure/active-bugs.csv
Number of bugs: 174
--------------------------------------------------------------------------------

Summary for Bug: Closure-43
--------------------------------------------------------------------------------
Revision ID (fixed version):
f636f23bdef4b27752ca249a28463ec1b6af1f0b
--------------------------------------------------------------------------------
Revision date (fixed version):
2012-01-17 16:37:56 +0000
--------------------------------------------------------------------------------
Bug report id:
314
--------------------------------------------------------------------------------
Bug report url:
https://storage.googleapis.com/google-code-archive/v2/code.google.com/closure-compiler/issues/issue-314.json
--------------------------------------------------------------------------------
Root cause in triggering tests:
 - com.google.javascript.jscomp.TypeCheckTest::testLends10
   --> junit.framework.ComparisonFailure: expected:<[inconsistent return type
 - com.google.javascript.jscomp.TypeCheckTest::testLends11
   --> junit.framework.ComparisonFailure: expected:<[inconsistent return type
--------------------------------------------------------------------------------
List of modified sources:
 - com.google.javascript.jscomp.TypedScopeCreator
--------------------------------------------------------------------------------
",https://storage.googleapis.com/google-code-archive/v2/code.google.com/closure-compiler/issues/issue-314.json,1,1,"
            Bug report URL: https://storage.googleapis.com/google-code-archive/v2/code.google.com/closure-compiler/issues/issue-314.json

            Original files:
            {}

            Instruction: Given bug report URL and Original files, fix the bug by rewriting the files in orignal files

            STRICTLY follow this format for each file. Do NOT add any extra text, explanations, or quotes. Repeat the format for multiple files.

            ---FILE_START---
            FILENAME: <full_file_name>
            CONTENT:
            <full file content here>
            ---FILE_END---
            
            "
Closure,44,"Summary of configuration for Project: Closure
--------------------------------------------------------------------------------
    Script dir: /Users/likhithasurakasi/defects4j/framework
      Base dir: /Users/likhithasurakasi/defects4j
    Major root: /Users/likhithasurakasi/defects4j/major
      Repo dir: /Users/likhithasurakasi/defects4j/project_repos
--------------------------------------------------------------------------------
    Project ID: Closure
       Program: closure-compiler
    Build file: /Users/likhithasurakasi/defects4j/framework/projects/Closure/Closure.build.xml
--------------------------------------------------------------------------------
           Vcs: Vcs::Git
    Repository: /Users/likhithasurakasi/defects4j/project_repos/closure-compiler.git
     Commit db: /Users/likhithasurakasi/defects4j/framework/projects/Closure/active-bugs.csv
Number of bugs: 174
--------------------------------------------------------------------------------

Summary for Bug: Closure-44
--------------------------------------------------------------------------------
Revision ID (fixed version):
64bb2291f9a9bbab67d865dffe603f8a0df8ef30
--------------------------------------------------------------------------------
Revision date (fixed version):
2011-12-12 23:41:22 +0000
--------------------------------------------------------------------------------
Bug report id:
620
--------------------------------------------------------------------------------
Bug report url:
https://storage.googleapis.com/google-code-archive/v2/code.google.com/closure-compiler/issues/issue-620.json
--------------------------------------------------------------------------------
Root cause in triggering tests:
 - com.google.javascript.jscomp.CodePrinterTest::testIssue620
   --> junit.framework.ComparisonFailure: expected:<alert(/ //[ ]/ /)> but was:<alert(/ //[]/ /)>
--------------------------------------------------------------------------------
List of modified sources:
 - com.google.javascript.jscomp.CodeConsumer
--------------------------------------------------------------------------------
",https://storage.googleapis.com/google-code-archive/v2/code.google.com/closure-compiler/issues/issue-620.json,1,1,"
            Bug report URL: https://storage.googleapis.com/google-code-archive/v2/code.google.com/closure-compiler/issues/issue-620.json

            Original files:
            {}

            Instruction: Given bug report URL and Original files, fix the bug by rewriting the files in orignal files

            STRICTLY follow this format for each file. Do NOT add any extra text, explanations, or quotes. Repeat the format for multiple files.

            ---FILE_START---
            FILENAME: <full_file_name>
            CONTENT:
            <full file content here>
            ---FILE_END---
            
            "
Closure,45,"Summary of configuration for Project: Closure
--------------------------------------------------------------------------------
    Script dir: /Users/likhithasurakasi/defects4j/framework
      Base dir: /Users/likhithasurakasi/defects4j
    Major root: /Users/likhithasurakasi/defects4j/major
      Repo dir: /Users/likhithasurakasi/defects4j/project_repos
--------------------------------------------------------------------------------
    Project ID: Closure
       Program: closure-compiler
    Build file: /Users/likhithasurakasi/defects4j/framework/projects/Closure/Closure.build.xml
--------------------------------------------------------------------------------
           Vcs: Vcs::Git
    Repository: /Users/likhithasurakasi/defects4j/project_repos/closure-compiler.git
     Commit db: /Users/likhithasurakasi/defects4j/framework/projects/Closure/active-bugs.csv
Number of bugs: 174
--------------------------------------------------------------------------------

Summary for Bug: Closure-45
--------------------------------------------------------------------------------
Revision ID (fixed version):
6aa71f116df0102a98c463f471ad8ddd4dba01f8
--------------------------------------------------------------------------------
Revision date (fixed version):
2011-12-12 17:54:10 +0000
--------------------------------------------------------------------------------
Bug report id:
618
--------------------------------------------------------------------------------
Bug report url:
https://storage.googleapis.com/google-code-archive/v2/code.google.com/closure-compiler/issues/issue-618.json
--------------------------------------------------------------------------------
Root cause in triggering tests:
 - com.google.javascript.jscomp.RemoveUnusedVarsTest::testIssue618_1
   --> junit.framework.AssertionFailedError: 
--------------------------------------------------------------------------------
List of modified sources:
 - com.google.javascript.jscomp.RemoveUnusedVars
--------------------------------------------------------------------------------
",https://storage.googleapis.com/google-code-archive/v2/code.google.com/closure-compiler/issues/issue-618.json,1,1,"
            Bug report URL: https://storage.googleapis.com/google-code-archive/v2/code.google.com/closure-compiler/issues/issue-618.json

            Original files:
            {}

            Instruction: Given bug report URL and Original files, fix the bug by rewriting the files in orignal files

            STRICTLY follow this format for each file. Do NOT add any extra text, explanations, or quotes. Repeat the format for multiple files.

            ---FILE_START---
            FILENAME: <full_file_name>
            CONTENT:
            <full file content here>
            ---FILE_END---
            
            "
Closure,46,"Summary of configuration for Project: Closure
--------------------------------------------------------------------------------
    Script dir: /Users/likhithasurakasi/defects4j/framework
      Base dir: /Users/likhithasurakasi/defects4j
    Major root: /Users/likhithasurakasi/defects4j/major
      Repo dir: /Users/likhithasurakasi/defects4j/project_repos
--------------------------------------------------------------------------------
    Project ID: Closure
       Program: closure-compiler
    Build file: /Users/likhithasurakasi/defects4j/framework/projects/Closure/Closure.build.xml
--------------------------------------------------------------------------------
           Vcs: Vcs::Git
    Repository: /Users/likhithasurakasi/defects4j/project_repos/closure-compiler.git
     Commit db: /Users/likhithasurakasi/defects4j/framework/projects/Closure/active-bugs.csv
Number of bugs: 174
--------------------------------------------------------------------------------

Summary for Bug: Closure-46
--------------------------------------------------------------------------------
Revision ID (fixed version):
4a1a31c6a50a0fbe25fa33277909bd51f1deb8e9
--------------------------------------------------------------------------------
Revision date (fixed version):
2011-11-22 16:52:50 +0000
--------------------------------------------------------------------------------
Bug report id:
603
--------------------------------------------------------------------------------
Bug report url:
https://storage.googleapis.com/google-code-archive/v2/code.google.com/closure-compiler/issues/issue-603.json
--------------------------------------------------------------------------------
Root cause in triggering tests:
 - com.google.javascript.rhino.jstype.JSTypeTest::testRecordTypeLeastSuperType2
   --> junit.framework.AssertionFailedError: Expected: ({a: number, b: string}|{b: string, c: string, e: number})
 - com.google.javascript.rhino.jstype.JSTypeTest::testRecordTypeLeastSuperType3
   --> junit.framework.AssertionFailedError: Expected: ({a: number, b: string}|{d: number, e: string, f: string})
 - com.google.javascript.rhino.jstype.RecordTypeTest::testSupAndInf
   --> junit.framework.AssertionFailedError: Expected: ({a: number, b: number}|{b: number, c: number})
--------------------------------------------------------------------------------
List of modified sources:
 - com.google.javascript.rhino.jstype.RecordType
--------------------------------------------------------------------------------
",https://storage.googleapis.com/google-code-archive/v2/code.google.com/closure-compiler/issues/issue-603.json,1,1,"
            Bug report URL: https://storage.googleapis.com/google-code-archive/v2/code.google.com/closure-compiler/issues/issue-603.json

            Original files:
            {}

            Instruction: Given bug report URL and Original files, fix the bug by rewriting the files in orignal files

            STRICTLY follow this format for each file. Do NOT add any extra text, explanations, or quotes. Repeat the format for multiple files.

            ---FILE_START---
            FILENAME: <full_file_name>
            CONTENT:
            <full file content here>
            ---FILE_END---
            
            "
Closure,47,"Summary of configuration for Project: Closure
--------------------------------------------------------------------------------
    Script dir: /Users/likhithasurakasi/defects4j/framework
      Base dir: /Users/likhithasurakasi/defects4j
    Major root: /Users/likhithasurakasi/defects4j/major
      Repo dir: /Users/likhithasurakasi/defects4j/project_repos
--------------------------------------------------------------------------------
    Project ID: Closure
       Program: closure-compiler
    Build file: /Users/likhithasurakasi/defects4j/framework/projects/Closure/Closure.build.xml
--------------------------------------------------------------------------------
           Vcs: Vcs::Git
    Repository: /Users/likhithasurakasi/defects4j/project_repos/closure-compiler.git
     Commit db: /Users/likhithasurakasi/defects4j/framework/projects/Closure/active-bugs.csv
Number of bugs: 174
--------------------------------------------------------------------------------

Summary for Bug: Closure-47
--------------------------------------------------------------------------------
Revision ID (fixed version):
aedce35970673f20696d5721acba13e986cc764c
--------------------------------------------------------------------------------
Revision date (fixed version):
2011-11-14 23:03:35 +0000
--------------------------------------------------------------------------------
Bug report id:
575
--------------------------------------------------------------------------------
Bug report url:
https://storage.googleapis.com/google-code-archive/v2/code.google.com/closure-compiler/issues/issue-575.json
--------------------------------------------------------------------------------
Root cause in triggering tests:
 - com.google.debugging.sourcemap.SourceMapGeneratorV3Test::testParseSourceMetaMap
   --> junit.framework.AssertionFailedError: expected:<5> but was:<4>
 - com.google.debugging.sourcemap.SourceMapGeneratorV3Test::testGoldenOutput0a
   --> junit.framework.ComparisonFailure: expected:<...t"":1,
 - com.google.debugging.sourcemap.SourceMapGeneratorV3Test::testMultilineMapping
   --> junit.framework.AssertionFailedError: expected:<10> but was:<9>
 - com.google.debugging.sourcemap.SourceMapGeneratorV3Test::testMultiFunctionMapping
   --> junit.framework.AssertionFailedError: expected:<10> but was:<9>
 - com.google.debugging.sourcemap.SourceMapGeneratorV3Test::testLiteralMappingsGoldenOutput
   --> junit.framework.ComparisonFailure: expected:<...t"":1,
 - com.google.debugging.sourcemap.SourceMapGeneratorV3Test::testMultilineMapping2
   --> junit.framework.AssertionFailedError: expected:<10> but was:<9>
 - com.google.debugging.sourcemap.SourceMapGeneratorV3Test::testBasicMappingGoldenOutput
   --> junit.framework.ComparisonFailure: expected:<...t"":1,
 - com.google.debugging.sourcemap.SourceMapGeneratorV3Test::testSourceMapMerging
   --> junit.framework.AssertionFailedError: expected:<5> but was:<4>
 - com.google.debugging.sourcemap.SourceMapGeneratorV3Test::testLiteralMappings
   --> junit.framework.AssertionFailedError: expected:<10> but was:<9>
 - com.google.debugging.sourcemap.SourceMapGeneratorV3Test::testBasicMapping1
   --> junit.framework.AssertionFailedError: expected:<10> but was:<9>
 - com.google.debugging.sourcemap.SourceMapGeneratorV3Test::testBasicMapping2
   --> junit.framework.AssertionFailedError: expected:<10> but was:<9>
 - com.google.debugging.sourcemap.SourceMapGeneratorV3Test::testGoldenOutput1
   --> junit.framework.ComparisonFailure: expected:<...t"":1,
 - com.google.debugging.sourcemap.SourceMapGeneratorV3Test::testGoldenOutput2
   --> junit.framework.ComparisonFailure: expected:<...t"":1,
 - com.google.debugging.sourcemap.SourceMapGeneratorV3Test::testGoldenOutput3
   --> junit.framework.ComparisonFailure: expected:<...t"":1,
 - com.google.debugging.sourcemap.SourceMapGeneratorV3Test::testGoldenOutput4
   --> junit.framework.ComparisonFailure: expected:<...t"":1,
 - com.google.debugging.sourcemap.SourceMapGeneratorV3Test::testGoldenOutput5
   --> junit.framework.ComparisonFailure: expected:<...
--------------------------------------------------------------------------------
List of modified sources:
 - com.google.debugging.sourcemap.SourceMapConsumerV3
 - com.google.javascript.jscomp.SourceMap
--------------------------------------------------------------------------------
",https://storage.googleapis.com/google-code-archive/v2/code.google.com/closure-compiler/issues/issue-575.json,1,2,"
            Bug report URL: https://storage.googleapis.com/google-code-archive/v2/code.google.com/closure-compiler/issues/issue-575.json

            Original files:
            {}

            Instruction: Given bug report URL and Original files, fix the bug by rewriting the files in orignal files

            STRICTLY follow this format for each file. Do NOT add any extra text, explanations, or quotes. Repeat the format for multiple files.

            ---FILE_START---
            FILENAME: <full_file_name>
            CONTENT:
            <full file content here>
            ---FILE_END---
            
            "
Closure,48,"Summary of configuration for Project: Closure
--------------------------------------------------------------------------------
    Script dir: /Users/likhithasurakasi/defects4j/framework
      Base dir: /Users/likhithasurakasi/defects4j
    Major root: /Users/likhithasurakasi/defects4j/major
      Repo dir: /Users/likhithasurakasi/defects4j/project_repos
--------------------------------------------------------------------------------
    Project ID: Closure
       Program: closure-compiler
    Build file: /Users/likhithasurakasi/defects4j/framework/projects/Closure/Closure.build.xml
--------------------------------------------------------------------------------
           Vcs: Vcs::Git
    Repository: /Users/likhithasurakasi/defects4j/project_repos/closure-compiler.git
     Commit db: /Users/likhithasurakasi/defects4j/framework/projects/Closure/active-bugs.csv
Number of bugs: 174
--------------------------------------------------------------------------------

Summary for Bug: Closure-48
--------------------------------------------------------------------------------
Revision ID (fixed version):
46da17d59abb4f9c48b6ffd31601c212490b970b
--------------------------------------------------------------------------------
Revision date (fixed version):
2011-11-14 17:12:46 +0000
--------------------------------------------------------------------------------
Bug report id:
586
--------------------------------------------------------------------------------
Bug report url:
https://storage.googleapis.com/google-code-archive/v2/code.google.com/closure-compiler/issues/issue-586.json
--------------------------------------------------------------------------------
Root cause in triggering tests:
 - com.google.javascript.jscomp.TypeCheckTest::testIssue586
   --> junit.framework.AssertionFailedError: expected a warning
--------------------------------------------------------------------------------
List of modified sources:
 - com.google.javascript.jscomp.TypedScopeCreator
--------------------------------------------------------------------------------
",https://storage.googleapis.com/google-code-archive/v2/code.google.com/closure-compiler/issues/issue-586.json,1,1,"
            Bug report URL: https://storage.googleapis.com/google-code-archive/v2/code.google.com/closure-compiler/issues/issue-586.json

            Original files:
            {}

            Instruction: Given bug report URL and Original files, fix the bug by rewriting the files in orignal files

            STRICTLY follow this format for each file. Do NOT add any extra text, explanations, or quotes. Repeat the format for multiple files.

            ---FILE_START---
            FILENAME: <full_file_name>
            CONTENT:
            <full file content here>
            ---FILE_END---
            
            "
Closure,49,"Summary of configuration for Project: Closure
--------------------------------------------------------------------------------
    Script dir: /Users/likhithasurakasi/defects4j/framework
      Base dir: /Users/likhithasurakasi/defects4j
    Major root: /Users/likhithasurakasi/defects4j/major
      Repo dir: /Users/likhithasurakasi/defects4j/project_repos
--------------------------------------------------------------------------------
    Project ID: Closure
       Program: closure-compiler
    Build file: /Users/likhithasurakasi/defects4j/framework/projects/Closure/Closure.build.xml
--------------------------------------------------------------------------------
           Vcs: Vcs::Git
    Repository: /Users/likhithasurakasi/defects4j/project_repos/closure-compiler.git
     Commit db: /Users/likhithasurakasi/defects4j/framework/projects/Closure/active-bugs.csv
Number of bugs: 174
--------------------------------------------------------------------------------

Summary for Bug: Closure-49
--------------------------------------------------------------------------------
Revision ID (fixed version):
1a7ba5cb0111dd3ed9afd9691cab39b3c341e408
--------------------------------------------------------------------------------
Revision date (fixed version):
2011-11-03 21:10:49 +0000
--------------------------------------------------------------------------------
Bug report id:
539
--------------------------------------------------------------------------------
Bug report url:
https://storage.googleapis.com/google-code-archive/v2/code.google.com/closure-compiler/issues/issue-539.json
--------------------------------------------------------------------------------
Root cause in triggering tests:
 - com.google.javascript.jscomp.FunctionInjectorTest::testInline19b
   --> junit.framework.AssertionFailedError: 
 - com.google.javascript.jscomp.FunctionInjectorTest::testInlineIntoLoop
   --> junit.framework.AssertionFailedError: 
 - com.google.javascript.jscomp.FunctionInjectorTest::testInline13
   --> junit.framework.AssertionFailedError: 
 - com.google.javascript.jscomp.FunctionInjectorTest::testInline14
   --> junit.framework.AssertionFailedError: 
 - com.google.javascript.jscomp.FunctionInjectorTest::testInline15
   --> junit.framework.AssertionFailedError: 
 - com.google.javascript.jscomp.FunctionInjectorTest::testInline16
   --> junit.framework.AssertionFailedError: 
 - com.google.javascript.jscomp.FunctionInjectorTest::testInline17
   --> junit.framework.AssertionFailedError: 
 - com.google.javascript.jscomp.FunctionInjectorTest::testInline18
   --> junit.framework.AssertionFailedError: 
 - com.google.javascript.jscomp.FunctionInjectorTest::testInline19
   --> junit.framework.AssertionFailedError: 
 - com.google.javascript.jscomp.FunctionInjectorTest::testBug1897706
   --> junit.framework.AssertionFailedError: 
 - com.google.javascript.jscomp.FunctionInjectorTest::testInlineFunctionWithInnerFunction5
   --> junit.framework.AssertionFailedError: 
 - com.google.javascript.jscomp.FunctionToBlockMutatorTest::testMutateWithParameters3
   --> junit.framework.AssertionFailedError: 
 - com.google.javascript.jscomp.FunctionToBlockMutatorTest::testMutateCallInLoopVars1
   --> junit.framework.AssertionFailedError: 
 - com.google.javascript.jscomp.FunctionToBlockMutatorTest::testMutateInitializeUninitializedVars1
   --> junit.framework.AssertionFailedError: 
 - com.google.javascript.jscomp.FunctionToBlockMutatorTest::testMutateInitializeUninitializedVars2
   --> junit.framework.AssertionFailedError: 
 - com.google.javascript.jscomp.FunctionToBlockMutatorTest::testMutateFunctionDefinition
   --> junit.framework.AssertionFailedError: 
 - com.google.javascript.jscomp.FunctionToBlockMutatorTest::testMutate8
   --> junit.framework.AssertionFailedError: 
 - com.google.javascript.jscomp.InlineFunctionsTest::testLoopWithFunctionWithFunction
   --> junit.framework.AssertionFailedError: 
 - com.google.javascript.jscomp.InlineFunctionsTest::testShadowVariables16
   --> junit.framework.AssertionFailedError: 
 - com.google.javascript.jscomp.InlineFunctionsTest::testShadowVariables18
   --> junit.framework.AssertionFailedError: 
 - com.google.javascript.jscomp.InlineFunctionsTest::testCostBasedInlining11
   --> junit.framework.AssertionFailedError: 
 - com.google.javascript.jscomp.InlineFunctionsTest::testMixedModeInliningCosting3
   --> junit.framework.AssertionFailedError: 
 - com.google.javascript.jscomp.InlineFunctionsTest::testInlineNeverMutateConstants
   --> junit.framework.AssertionFailedError: 
 - com.google.javascript.jscomp.InlineFunctionsTest::testInlineWithThis7
   --> junit.framework.AssertionFailedError: 
 - com.google.javascript.jscomp.InlineFunctionsTest::testAnonymous1
   --> junit.framework.AssertionFailedError: 
 - com.google.javascript.jscomp.InlineFunctionsTest::testAnonymous3
   --> junit.framework.AssertionFailedError: 
 - com.google.javascript.jscomp.InlineFunctionsTest::testShadowVariables1
   --> junit.framework.AssertionFailedError: 
 - com.google.javascript.jscomp.InlineFunctionsTest::testShadowVariables3
   --> junit.framework.AssertionFailedError: 
 - com.google.javascript.jscomp.InlineFunctionsTest::testShadowVariables6
   --> junit.framework.AssertionFailedError: 
 - com.google.javascript.jscomp.InlineFunctionsTest::testShadowVariables7
   --> junit.framework.AssertionFailedError: 
 - com.google.javascript.jscomp.InlineFunctionsTest::testFunctionExpressionCallInlining11b
   --> junit.framework.AssertionFailedError: 
 - com.google.javascript.jscomp.InlineFunctionsTest::testComplexInlineNoResultNoParamCall3
   --> junit.framework.AssertionFailedError: 
 - com.google.javascript.jscomp.InlineFunctionsTest::testCostBasedInlining9
   --> junit.framework.AssertionFailedError: 
 - com.google.javascript.jscomp.InlineFunctionsTest::testMethodWithFunctionWithFunction
   --> junit.framework.AssertionFailedError: 
 - com.google.javascript.jscomp.InlineFunctionsTest::testFunctionExpressionYCombinator
   --> junit.framework.AssertionFailedError: 
 - com.google.javascript.jscomp.InlineFunctionsTest::testComplexInlineVars7
   --> junit.framework.AssertionFailedError: 
 - com.google.javascript.jscomp.InlineFunctionsTest::testComplexFunctionWithFunctionDefinition2a
   --> junit.framework.AssertionFailedError: 
 - com.google.javascript.jscomp.InlineFunctionsTest::testComplexInline7
   --> junit.framework.AssertionFailedError: 
 - com.google.javascript.jscomp.InlineFunctionsTest::testFunctionExpressionOmega
   --> junit.framework.AssertionFailedError: 
 - com.google.javascript.jscomp.InlineFunctionsTest::testInlineFunctions15b
   --> junit.framework.AssertionFailedError: 
 - com.google.javascript.jscomp.InlineFunctionsTest::testInlineFunctions15d
   --> junit.framework.AssertionFailedError: 
 - com.google.javascript.jscomp.InlineFunctionsTest::testInlineFunctions16a
   --> junit.framework.AssertionFailedError: 
 - com.google.javascript.jscomp.InlineFunctionsTest::testBug4944818
   --> junit.framework.AssertionFailedError: 
 - com.google.javascript.jscomp.InlineFunctionsTest::testComplexSample
   --> junit.framework.AssertionFailedError: 
 - com.google.javascript.jscomp.InlineFunctionsTest::testNoInlineIfParametersModified1
   --> junit.framework.AssertionFailedError: 
 - com.google.javascript.jscomp.InlineFunctionsTest::testNoInlineIfParametersModified2
   --> junit.framework.AssertionFailedError: 
 - com.google.javascript.jscomp.InlineFunctionsTest::testNoInlineIfParametersModified3
   --> junit.framework.AssertionFailedError: 
 - com.google.javascript.jscomp.InlineFunctionsTest::testNoInlineIfParametersModified4
   --> junit.framework.AssertionFailedError: 
 - com.google.javascript.jscomp.InlineFunctionsTest::testNoInlineIfParametersModified5
   --> junit.framework.AssertionFailedError: 
 - com.google.javascript.jscomp.InlineFunctionsTest::testNoInlineIfParametersModified6
   --> junit.framework.AssertionFailedError: 
 - com.google.javascript.jscomp.InlineFunctionsTest::testNoInlineIfParametersModified7
   --> junit.framework.AssertionFailedError: 
 - com.google.javascript.jscomp.InlineFunctionsTest::testIssue423
   --> junit.framework.AssertionFailedError: 
 - com.google.javascript.jscomp.InlineFunctionsTest::testComplexFunctionWithFunctionDefinition2
   --> junit.framework.AssertionFailedError: 
 - com.google.javascript.jscomp.InlineFunctionsTest::testComplexFunctionWithFunctionDefinition3
   --> junit.framework.AssertionFailedError: 
 - com.google.javascript.jscomp.InlineFunctionsTest::testDecomposeFunctionExpressionInCall
   --> junit.framework.AssertionFailedError: 
 - com.google.javascript.jscomp.InlineFunctionsTest::testInlineNeverOverrideNewValues
   --> junit.framework.AssertionFailedError: 
 - com.google.javascript.jscomp.InlineFunctionsTest::testInlineBlockMutableArgs1
   --> junit.framework.AssertionFailedError: 
 - com.google.javascript.jscomp.InlineFunctionsTest::testInlineBlockMutableArgs2
   --> junit.framework.AssertionFailedError: 
 - com.google.javascript.jscomp.InlineFunctionsTest::testInlineBlockMutableArgs3
   --> junit.framework.AssertionFailedError: 
 - com.google.javascript.jscomp.InlineFunctionsTest::testInlineBlockMutableArgs4
   --> junit.framework.AssertionFailedError: 
 - com.google.javascript.jscomp.InlineFunctionsTest::testInlineFunctions10
   --> junit.framework.AssertionFailedError: 
 - com.google.javascript.jscomp.InlineFunctionsTest::testInlineFunctions13
   --> junit.framework.AssertionFailedError: 
 - com.google.javascript.jscomp.InlineFunctionsTest::testInlineFunctions22
   --> junit.framework.AssertionFailedError: 
 - com.google.javascript.jscomp.InlineFunctionsTest::testInlineFunctions23
   --> junit.framework.AssertionFailedError: 
 - com.google.javascript.jscomp.InlineFunctionsTest::testInlineFunctions9
   --> junit.framework.AssertionFailedError: 
 - com.google.javascript.jscomp.MakeDeclaredNamesUniqueTest::testMakeLocalNamesUniqueWithContext5
   --> junit.framework.AssertionFailedError: 
--------------------------------------------------------------------------------
List of modified sources:
 - com.google.javascript.jscomp.MakeDeclaredNamesUnique
--------------------------------------------------------------------------------
",https://storage.googleapis.com/google-code-archive/v2/code.google.com/closure-compiler/issues/issue-539.json,1,1,"
            Bug report URL: https://storage.googleapis.com/google-code-archive/v2/code.google.com/closure-compiler/issues/issue-539.json

            Original files:
            {}

            Instruction: Given bug report URL and Original files, fix the bug by rewriting the files in orignal files

            STRICTLY follow this format for each file. Do NOT add any extra text, explanations, or quotes. Repeat the format for multiple files.

            ---FILE_START---
            FILENAME: <full_file_name>
            CONTENT:
            <full file content here>
            ---FILE_END---
            
            "
Closure,50,"Summary of configuration for Project: Closure
--------------------------------------------------------------------------------
    Script dir: /Users/likhithasurakasi/defects4j/framework
      Base dir: /Users/likhithasurakasi/defects4j
    Major root: /Users/likhithasurakasi/defects4j/major
      Repo dir: /Users/likhithasurakasi/defects4j/project_repos
--------------------------------------------------------------------------------
    Project ID: Closure
       Program: closure-compiler
    Build file: /Users/likhithasurakasi/defects4j/framework/projects/Closure/Closure.build.xml
--------------------------------------------------------------------------------
           Vcs: Vcs::Git
    Repository: /Users/likhithasurakasi/defects4j/project_repos/closure-compiler.git
     Commit db: /Users/likhithasurakasi/defects4j/framework/projects/Closure/active-bugs.csv
Number of bugs: 174
--------------------------------------------------------------------------------

Summary for Bug: Closure-50
--------------------------------------------------------------------------------
Revision ID (fixed version):
c3b630fc9c2a1c4eb7cb718f8d324bfb306cb9df
--------------------------------------------------------------------------------
Revision date (fixed version):
2011-10-28 19:55:05 +0000
--------------------------------------------------------------------------------
Bug report id:
558
--------------------------------------------------------------------------------
Bug report url:
https://storage.googleapis.com/google-code-archive/v2/code.google.com/closure-compiler/issues/issue-558.json
--------------------------------------------------------------------------------
Root cause in triggering tests:
 - com.google.javascript.jscomp.PeepholeReplaceKnownMethodsTest::testStringJoinAdd
   --> junit.framework.AssertionFailedError: 
 - com.google.javascript.jscomp.PeepholeReplaceKnownMethodsTest::testNoStringJoin
   --> junit.framework.AssertionFailedError: 
--------------------------------------------------------------------------------
List of modified sources:
 - com.google.javascript.jscomp.PeepholeReplaceKnownMethods
--------------------------------------------------------------------------------
",https://storage.googleapis.com/google-code-archive/v2/code.google.com/closure-compiler/issues/issue-558.json,1,1,"
            Bug report URL: https://storage.googleapis.com/google-code-archive/v2/code.google.com/closure-compiler/issues/issue-558.json

            Original files:
            {}

            Instruction: Given bug report URL and Original files, fix the bug by rewriting the files in orignal files

            STRICTLY follow this format for each file. Do NOT add any extra text, explanations, or quotes. Repeat the format for multiple files.

            ---FILE_START---
            FILENAME: <full_file_name>
            CONTENT:
            <full file content here>
            ---FILE_END---
            
            "
Closure,51,"Summary of configuration for Project: Closure
--------------------------------------------------------------------------------
    Script dir: /Users/likhithasurakasi/defects4j/framework
      Base dir: /Users/likhithasurakasi/defects4j
    Major root: /Users/likhithasurakasi/defects4j/major
      Repo dir: /Users/likhithasurakasi/defects4j/project_repos
--------------------------------------------------------------------------------
    Project ID: Closure
       Program: closure-compiler
    Build file: /Users/likhithasurakasi/defects4j/framework/projects/Closure/Closure.build.xml
--------------------------------------------------------------------------------
           Vcs: Vcs::Git
    Repository: /Users/likhithasurakasi/defects4j/project_repos/closure-compiler.git
     Commit db: /Users/likhithasurakasi/defects4j/framework/projects/Closure/active-bugs.csv
Number of bugs: 174
--------------------------------------------------------------------------------

Summary for Bug: Closure-51
--------------------------------------------------------------------------------
Revision ID (fixed version):
a02241e5df48e44e23dc0e66dbef3fdc3c91eb3e
--------------------------------------------------------------------------------
Revision date (fixed version):
2011-10-17 21:07:39 +0000
--------------------------------------------------------------------------------
Bug report id:
582
--------------------------------------------------------------------------------
Bug report url:
https://storage.googleapis.com/google-code-archive/v2/code.google.com/closure-compiler/issues/issue-582.json
--------------------------------------------------------------------------------
Root cause in triggering tests:
 - com.google.javascript.jscomp.CodePrinterTest::testIssue582
   --> junit.framework.ComparisonFailure: expected:<var x=[-0.]0> but was:<var x=[]0>
--------------------------------------------------------------------------------
List of modified sources:
 - com.google.javascript.jscomp.CodeConsumer
--------------------------------------------------------------------------------
",https://storage.googleapis.com/google-code-archive/v2/code.google.com/closure-compiler/issues/issue-582.json,1,1,"
            Bug report URL: https://storage.googleapis.com/google-code-archive/v2/code.google.com/closure-compiler/issues/issue-582.json

            Original files:
            {}

            Instruction: Given bug report URL and Original files, fix the bug by rewriting the files in orignal files

            STRICTLY follow this format for each file. Do NOT add any extra text, explanations, or quotes. Repeat the format for multiple files.

            ---FILE_START---
            FILENAME: <full_file_name>
            CONTENT:
            <full file content here>
            ---FILE_END---
            
            "
Closure,52,"Summary of configuration for Project: Closure
--------------------------------------------------------------------------------
    Script dir: /Users/likhithasurakasi/defects4j/framework
      Base dir: /Users/likhithasurakasi/defects4j
    Major root: /Users/likhithasurakasi/defects4j/major
      Repo dir: /Users/likhithasurakasi/defects4j/project_repos
--------------------------------------------------------------------------------
    Project ID: Closure
       Program: closure-compiler
    Build file: /Users/likhithasurakasi/defects4j/framework/projects/Closure/Closure.build.xml
--------------------------------------------------------------------------------
           Vcs: Vcs::Git
    Repository: /Users/likhithasurakasi/defects4j/project_repos/closure-compiler.git
     Commit db: /Users/likhithasurakasi/defects4j/framework/projects/Closure/active-bugs.csv
Number of bugs: 174
--------------------------------------------------------------------------------

Summary for Bug: Closure-52
--------------------------------------------------------------------------------
Revision ID (fixed version):
5909c3db59b16886917456ab950ef9661a7fe6b1
--------------------------------------------------------------------------------
Revision date (fixed version):
2011-10-05 01:25:00 +0000
--------------------------------------------------------------------------------
Bug report id:
569
--------------------------------------------------------------------------------
Bug report url:
https://storage.googleapis.com/google-code-archive/v2/code.google.com/closure-compiler/issues/issue-569.json
--------------------------------------------------------------------------------
Root cause in triggering tests:
 - com.google.javascript.jscomp.CodePrinterTest::testNumericKeys
   --> junit.framework.ComparisonFailure: expected:<var x={[""010""]:1}> but was:<var x={[10]:1}>
--------------------------------------------------------------------------------
List of modified sources:
 - com.google.javascript.jscomp.CodeGenerator
--------------------------------------------------------------------------------
",https://storage.googleapis.com/google-code-archive/v2/code.google.com/closure-compiler/issues/issue-569.json,1,1,"
            Bug report URL: https://storage.googleapis.com/google-code-archive/v2/code.google.com/closure-compiler/issues/issue-569.json

            Original files:
            {}

            Instruction: Given bug report URL and Original files, fix the bug by rewriting the files in orignal files

            STRICTLY follow this format for each file. Do NOT add any extra text, explanations, or quotes. Repeat the format for multiple files.

            ---FILE_START---
            FILENAME: <full_file_name>
            CONTENT:
            <full file content here>
            ---FILE_END---
            
            "
Closure,53,"Summary of configuration for Project: Closure
--------------------------------------------------------------------------------
    Script dir: /Users/likhithasurakasi/defects4j/framework
      Base dir: /Users/likhithasurakasi/defects4j
    Major root: /Users/likhithasurakasi/defects4j/major
      Repo dir: /Users/likhithasurakasi/defects4j/project_repos
--------------------------------------------------------------------------------
    Project ID: Closure
       Program: closure-compiler
    Build file: /Users/likhithasurakasi/defects4j/framework/projects/Closure/Closure.build.xml
--------------------------------------------------------------------------------
           Vcs: Vcs::Git
    Repository: /Users/likhithasurakasi/defects4j/project_repos/closure-compiler.git
     Commit db: /Users/likhithasurakasi/defects4j/framework/projects/Closure/active-bugs.csv
Number of bugs: 174
--------------------------------------------------------------------------------

Summary for Bug: Closure-53
--------------------------------------------------------------------------------
Revision ID (fixed version):
9959716b01fc5231ae68bc7a24454ce45d341606
--------------------------------------------------------------------------------
Revision date (fixed version):
2011-09-12 22:37:52 +0000
--------------------------------------------------------------------------------
Bug report id:
545
--------------------------------------------------------------------------------
Bug report url:
https://storage.googleapis.com/google-code-archive/v2/code.google.com/closure-compiler/issues/issue-545.json
--------------------------------------------------------------------------------
Root cause in triggering tests:
 - com.google.javascript.jscomp.InlineObjectLiteralsTest::testBug545
   --> java.lang.RuntimeException: INTERNAL COMPILER ERROR.
--------------------------------------------------------------------------------
List of modified sources:
 - com.google.javascript.jscomp.InlineObjectLiterals
--------------------------------------------------------------------------------
",https://storage.googleapis.com/google-code-archive/v2/code.google.com/closure-compiler/issues/issue-545.json,1,1,"
            Bug report URL: https://storage.googleapis.com/google-code-archive/v2/code.google.com/closure-compiler/issues/issue-545.json

            Original files:
            {}

            Instruction: Given bug report URL and Original files, fix the bug by rewriting the files in orignal files

            STRICTLY follow this format for each file. Do NOT add any extra text, explanations, or quotes. Repeat the format for multiple files.

            ---FILE_START---
            FILENAME: <full_file_name>
            CONTENT:
            <full file content here>
            ---FILE_END---
            
            "
Closure,54,"Summary of configuration for Project: Closure
--------------------------------------------------------------------------------
    Script dir: /Users/likhithasurakasi/defects4j/framework
      Base dir: /Users/likhithasurakasi/defects4j
    Major root: /Users/likhithasurakasi/defects4j/major
      Repo dir: /Users/likhithasurakasi/defects4j/project_repos
--------------------------------------------------------------------------------
    Project ID: Closure
       Program: closure-compiler
    Build file: /Users/likhithasurakasi/defects4j/framework/projects/Closure/Closure.build.xml
--------------------------------------------------------------------------------
           Vcs: Vcs::Git
    Repository: /Users/likhithasurakasi/defects4j/project_repos/closure-compiler.git
     Commit db: /Users/likhithasurakasi/defects4j/framework/projects/Closure/active-bugs.csv
Number of bugs: 174
--------------------------------------------------------------------------------

Summary for Bug: Closure-54
--------------------------------------------------------------------------------
Revision ID (fixed version):
7e9b8336568ea7f05c33e1b58eb67fa6d4eee756
--------------------------------------------------------------------------------
Revision date (fixed version):
2011-09-01 02:30:59 +0000
--------------------------------------------------------------------------------
Bug report id:
537
--------------------------------------------------------------------------------
Bug report url:
https://storage.googleapis.com/google-code-archive/v2/code.google.com/closure-compiler/issues/issue-537.json
--------------------------------------------------------------------------------
Root cause in triggering tests:
 - com.google.javascript.jscomp.TypeCheckTest::testIssue537a
   --> junit.framework.ComparisonFailure: expected:<[Function Foo.prototype.method: called with 1 argument(s). Function requires at least 0 argument(s) and no more than 0 argument(s).]> but was:<[Property baz never defined on Bar]>
 - com.google.javascript.jscomp.TypeCheckTest::testIssue537b
   --> junit.framework.ComparisonFailure: expected:<[Function Bar.prototype.baz: called with 1 argument(s). Function requires at least 0 argument(s) and no more than 0 argument(s).]> but was:<[Property baz never defined on Bar]>
 - com.google.javascript.jscomp.TypedScopeCreatorTest::testPropertyOnUnknownSuperClass2
   --> junit.framework.ComparisonFailure: expected:<[?]> but was:<[number]>
--------------------------------------------------------------------------------
List of modified sources:
 - com.google.javascript.jscomp.TypedScopeCreator
 - com.google.javascript.rhino.jstype.FunctionType
--------------------------------------------------------------------------------
",https://storage.googleapis.com/google-code-archive/v2/code.google.com/closure-compiler/issues/issue-537.json,1,2,"
            Bug report URL: https://storage.googleapis.com/google-code-archive/v2/code.google.com/closure-compiler/issues/issue-537.json

            Original files:
            {}

            Instruction: Given bug report URL and Original files, fix the bug by rewriting the files in orignal files

            STRICTLY follow this format for each file. Do NOT add any extra text, explanations, or quotes. Repeat the format for multiple files.

            ---FILE_START---
            FILENAME: <full_file_name>
            CONTENT:
            <full file content here>
            ---FILE_END---
            
            "
Closure,55,"Summary of configuration for Project: Closure
--------------------------------------------------------------------------------
    Script dir: /Users/likhithasurakasi/defects4j/framework
      Base dir: /Users/likhithasurakasi/defects4j
    Major root: /Users/likhithasurakasi/defects4j/major
      Repo dir: /Users/likhithasurakasi/defects4j/project_repos
--------------------------------------------------------------------------------
    Project ID: Closure
       Program: closure-compiler
    Build file: /Users/likhithasurakasi/defects4j/framework/projects/Closure/Closure.build.xml
--------------------------------------------------------------------------------
           Vcs: Vcs::Git
    Repository: /Users/likhithasurakasi/defects4j/project_repos/closure-compiler.git
     Commit db: /Users/likhithasurakasi/defects4j/framework/projects/Closure/active-bugs.csv
Number of bugs: 174
--------------------------------------------------------------------------------

Summary for Bug: Closure-55
--------------------------------------------------------------------------------
Revision ID (fixed version):
f2c0cb1f67ecb3315c0cb11326c9cb04db07ee8a
--------------------------------------------------------------------------------
Revision date (fixed version):
2011-08-23 22:13:29 +0000
--------------------------------------------------------------------------------
Bug report id:
538
--------------------------------------------------------------------------------
Bug report url:
https://storage.googleapis.com/google-code-archive/v2/code.google.com/closure-compiler/issues/issue-538.json
--------------------------------------------------------------------------------
Root cause in triggering tests:
 - com.google.javascript.jscomp.FunctionRewriterTest::testIssue538
   --> java.lang.IllegalStateException: Expected function but was call Reference node CALL 4 [free_call: 1] [source_file: testcode]
--------------------------------------------------------------------------------
List of modified sources:
 - com.google.javascript.jscomp.FunctionRewriter
--------------------------------------------------------------------------------
",https://storage.googleapis.com/google-code-archive/v2/code.google.com/closure-compiler/issues/issue-538.json,1,1,"
            Bug report URL: https://storage.googleapis.com/google-code-archive/v2/code.google.com/closure-compiler/issues/issue-538.json

            Original files:
            {}

            Instruction: Given bug report URL and Original files, fix the bug by rewriting the files in orignal files

            STRICTLY follow this format for each file. Do NOT add any extra text, explanations, or quotes. Repeat the format for multiple files.

            ---FILE_START---
            FILENAME: <full_file_name>
            CONTENT:
            <full file content here>
            ---FILE_END---
            
            "
Closure,56,"Summary of configuration for Project: Closure
--------------------------------------------------------------------------------
    Script dir: /Users/likhithasurakasi/defects4j/framework
      Base dir: /Users/likhithasurakasi/defects4j
    Major root: /Users/likhithasurakasi/defects4j/major
      Repo dir: /Users/likhithasurakasi/defects4j/project_repos
--------------------------------------------------------------------------------
    Project ID: Closure
       Program: closure-compiler
    Build file: /Users/likhithasurakasi/defects4j/framework/projects/Closure/Closure.build.xml
--------------------------------------------------------------------------------
           Vcs: Vcs::Git
    Repository: /Users/likhithasurakasi/defects4j/project_repos/closure-compiler.git
     Commit db: /Users/likhithasurakasi/defects4j/framework/projects/Closure/active-bugs.csv
Number of bugs: 174
--------------------------------------------------------------------------------

Summary for Bug: Closure-56
--------------------------------------------------------------------------------
Revision ID (fixed version):
9e921fa973c603473f745fff76c44620fd7719e3
--------------------------------------------------------------------------------
Revision date (fixed version):
2011-08-22 22:18:55 +0000
--------------------------------------------------------------------------------
Bug report id:
511
--------------------------------------------------------------------------------
Bug report url:
https://storage.googleapis.com/google-code-archive/v2/code.google.com/closure-compiler/issues/issue-511.json
--------------------------------------------------------------------------------
Root cause in triggering tests:
 - com.google.javascript.jscomp.JSCompilerSourceExcerptProviderTest::testExceptNoNewLine
   --> junit.framework.ComparisonFailure: expected:<foo2:third line> but was:<null>
 - com.google.javascript.jscomp.JsMessageExtractorTest::testSyntaxError1
   --> junit.framework.AssertionFailedError
 - com.google.javascript.jscomp.JsMessageExtractorTest::testSyntaxError2
   --> junit.framework.AssertionFailedError
--------------------------------------------------------------------------------
List of modified sources:
 - com.google.javascript.jscomp.SourceFile
--------------------------------------------------------------------------------
",https://storage.googleapis.com/google-code-archive/v2/code.google.com/closure-compiler/issues/issue-511.json,1,1,"
            Bug report URL: https://storage.googleapis.com/google-code-archive/v2/code.google.com/closure-compiler/issues/issue-511.json

            Original files:
            {}

            Instruction: Given bug report URL and Original files, fix the bug by rewriting the files in orignal files

            STRICTLY follow this format for each file. Do NOT add any extra text, explanations, or quotes. Repeat the format for multiple files.

            ---FILE_START---
            FILENAME: <full_file_name>
            CONTENT:
            <full file content here>
            ---FILE_END---
            
            "
Closure,57,"Summary of configuration for Project: Closure
--------------------------------------------------------------------------------
    Script dir: /Users/likhithasurakasi/defects4j/framework
      Base dir: /Users/likhithasurakasi/defects4j
    Major root: /Users/likhithasurakasi/defects4j/major
      Repo dir: /Users/likhithasurakasi/defects4j/project_repos
--------------------------------------------------------------------------------
    Project ID: Closure
       Program: closure-compiler
    Build file: /Users/likhithasurakasi/defects4j/framework/projects/Closure/Closure.build.xml
--------------------------------------------------------------------------------
           Vcs: Vcs::Git
    Repository: /Users/likhithasurakasi/defects4j/project_repos/closure-compiler.git
     Commit db: /Users/likhithasurakasi/defects4j/framework/projects/Closure/active-bugs.csv
Number of bugs: 174
--------------------------------------------------------------------------------

Summary for Bug: Closure-57
--------------------------------------------------------------------------------
Revision ID (fixed version):
f759f431d5a7a2261b44440bca9cfab93ae25302
--------------------------------------------------------------------------------
Revision date (fixed version):
2011-08-15 23:20:43 +0000
--------------------------------------------------------------------------------
Bug report id:
530
--------------------------------------------------------------------------------
Bug report url:
https://storage.googleapis.com/google-code-archive/v2/code.google.com/closure-compiler/issues/issue-530.json
--------------------------------------------------------------------------------
Root cause in triggering tests:
 - com.google.javascript.jscomp.ClosureCodingConventionTest::testRequire
   --> junit.framework.AssertionFailedError: Expected: <null> but was: foo
--------------------------------------------------------------------------------
List of modified sources:
 - com.google.javascript.jscomp.ClosureCodingConvention
--------------------------------------------------------------------------------
",https://storage.googleapis.com/google-code-archive/v2/code.google.com/closure-compiler/issues/issue-530.json,1,1,"
            Bug report URL: https://storage.googleapis.com/google-code-archive/v2/code.google.com/closure-compiler/issues/issue-530.json

            Original files:
            {}

            Instruction: Given bug report URL and Original files, fix the bug by rewriting the files in orignal files

            STRICTLY follow this format for each file. Do NOT add any extra text, explanations, or quotes. Repeat the format for multiple files.

            ---FILE_START---
            FILENAME: <full_file_name>
            CONTENT:
            <full file content here>
            ---FILE_END---
            
            "
Closure,58,"Summary of configuration for Project: Closure
--------------------------------------------------------------------------------
    Script dir: /Users/likhithasurakasi/defects4j/framework
      Base dir: /Users/likhithasurakasi/defects4j
    Major root: /Users/likhithasurakasi/defects4j/major
      Repo dir: /Users/likhithasurakasi/defects4j/project_repos
--------------------------------------------------------------------------------
    Project ID: Closure
       Program: closure-compiler
    Build file: /Users/likhithasurakasi/defects4j/framework/projects/Closure/Closure.build.xml
--------------------------------------------------------------------------------
           Vcs: Vcs::Git
    Repository: /Users/likhithasurakasi/defects4j/project_repos/closure-compiler.git
     Commit db: /Users/likhithasurakasi/defects4j/framework/projects/Closure/active-bugs.csv
Number of bugs: 174
--------------------------------------------------------------------------------

Summary for Bug: Closure-58
--------------------------------------------------------------------------------
Revision ID (fixed version):
f640b5dec722422c93a9a624cd21d30b5e321858
--------------------------------------------------------------------------------
Revision date (fixed version):
2011-08-09 18:15:37 +0000
--------------------------------------------------------------------------------
Bug report id:
528
--------------------------------------------------------------------------------
Bug report url:
https://storage.googleapis.com/google-code-archive/v2/code.google.com/closure-compiler/issues/issue-528.json
--------------------------------------------------------------------------------
Root cause in triggering tests:
 - com.google.javascript.jscomp.LiveVariableAnalysisTest::testExpressionInForIn
   --> java.lang.IllegalStateException
--------------------------------------------------------------------------------
List of modified sources:
 - com.google.javascript.jscomp.LiveVariablesAnalysis
--------------------------------------------------------------------------------
",https://storage.googleapis.com/google-code-archive/v2/code.google.com/closure-compiler/issues/issue-528.json,1,1,"
            Bug report URL: https://storage.googleapis.com/google-code-archive/v2/code.google.com/closure-compiler/issues/issue-528.json

            Original files:
            {}

            Instruction: Given bug report URL and Original files, fix the bug by rewriting the files in orignal files

            STRICTLY follow this format for each file. Do NOT add any extra text, explanations, or quotes. Repeat the format for multiple files.

            ---FILE_START---
            FILENAME: <full_file_name>
            CONTENT:
            <full file content here>
            ---FILE_END---
            
            "
Closure,59,"Summary of configuration for Project: Closure
--------------------------------------------------------------------------------
    Script dir: /Users/likhithasurakasi/defects4j/framework
      Base dir: /Users/likhithasurakasi/defects4j
    Major root: /Users/likhithasurakasi/defects4j/major
      Repo dir: /Users/likhithasurakasi/defects4j/project_repos
--------------------------------------------------------------------------------
    Project ID: Closure
       Program: closure-compiler
    Build file: /Users/likhithasurakasi/defects4j/framework/projects/Closure/Closure.build.xml
--------------------------------------------------------------------------------
           Vcs: Vcs::Git
    Repository: /Users/likhithasurakasi/defects4j/project_repos/closure-compiler.git
     Commit db: /Users/likhithasurakasi/defects4j/framework/projects/Closure/active-bugs.csv
Number of bugs: 174
--------------------------------------------------------------------------------

Summary for Bug: Closure-59
--------------------------------------------------------------------------------
Revision ID (fixed version):
49b4ef31c850611a5c85d95140b4cedda7f4c59a
--------------------------------------------------------------------------------
Revision date (fixed version):
2011-07-25 22:32:42 +0000
--------------------------------------------------------------------------------
Bug report id:
521
--------------------------------------------------------------------------------
Bug report url:
https://storage.googleapis.com/google-code-archive/v2/code.google.com/closure-compiler/issues/issue-521.json
--------------------------------------------------------------------------------
Root cause in triggering tests:
 - com.google.javascript.jscomp.CommandLineRunnerTest::testCheckGlobalThisOff
   --> junit.framework.AssertionFailedError: Expected no warnings or errors
--------------------------------------------------------------------------------
List of modified sources:
 - com.google.javascript.jscomp.Compiler
--------------------------------------------------------------------------------
",https://storage.googleapis.com/google-code-archive/v2/code.google.com/closure-compiler/issues/issue-521.json,1,1,"
            Bug report URL: https://storage.googleapis.com/google-code-archive/v2/code.google.com/closure-compiler/issues/issue-521.json

            Original files:
            {}

            Instruction: Given bug report URL and Original files, fix the bug by rewriting the files in orignal files

            STRICTLY follow this format for each file. Do NOT add any extra text, explanations, or quotes. Repeat the format for multiple files.

            ---FILE_START---
            FILENAME: <full_file_name>
            CONTENT:
            <full file content here>
            ---FILE_END---
            
            "
Closure,60,"Summary of configuration for Project: Closure
--------------------------------------------------------------------------------
    Script dir: /Users/likhithasurakasi/defects4j/framework
      Base dir: /Users/likhithasurakasi/defects4j
    Major root: /Users/likhithasurakasi/defects4j/major
      Repo dir: /Users/likhithasurakasi/defects4j/project_repos
--------------------------------------------------------------------------------
    Project ID: Closure
       Program: closure-compiler
    Build file: /Users/likhithasurakasi/defects4j/framework/projects/Closure/Closure.build.xml
--------------------------------------------------------------------------------
           Vcs: Vcs::Git
    Repository: /Users/likhithasurakasi/defects4j/project_repos/closure-compiler.git
     Commit db: /Users/likhithasurakasi/defects4j/framework/projects/Closure/active-bugs.csv
Number of bugs: 174
--------------------------------------------------------------------------------

Summary for Bug: Closure-60
--------------------------------------------------------------------------------
Revision ID (fixed version):
fbaadc736f0031dd84bebea33abae497b47158cb
--------------------------------------------------------------------------------
Revision date (fixed version):
2011-07-07 02:58:25 +0000
--------------------------------------------------------------------------------
Bug report id:
504
--------------------------------------------------------------------------------
Bug report url:
https://storage.googleapis.com/google-code-archive/v2/code.google.com/closure-compiler/issues/issue-504.json
--------------------------------------------------------------------------------
Root cause in triggering tests:
 - com.google.javascript.jscomp.CommandLineRunnerTest::testIssue504
   --> junit.framework.AssertionFailedError: 
 - com.google.javascript.jscomp.NodeUtilTest::testGetBooleanValue
   --> junit.framework.AssertionFailedError: expected:<unknown> but was:<false>
--------------------------------------------------------------------------------
List of modified sources:
 - com.google.javascript.jscomp.NodeUtil
--------------------------------------------------------------------------------
",https://storage.googleapis.com/google-code-archive/v2/code.google.com/closure-compiler/issues/issue-504.json,1,1,"
            Bug report URL: https://storage.googleapis.com/google-code-archive/v2/code.google.com/closure-compiler/issues/issue-504.json

            Original files:
            {}

            Instruction: Given bug report URL and Original files, fix the bug by rewriting the files in orignal files

            STRICTLY follow this format for each file. Do NOT add any extra text, explanations, or quotes. Repeat the format for multiple files.

            ---FILE_START---
            FILENAME: <full_file_name>
            CONTENT:
            <full file content here>
            ---FILE_END---
            
            "
Closure,61,"Summary of configuration for Project: Closure
--------------------------------------------------------------------------------
    Script dir: /Users/likhithasurakasi/defects4j/framework
      Base dir: /Users/likhithasurakasi/defects4j
    Major root: /Users/likhithasurakasi/defects4j/major
      Repo dir: /Users/likhithasurakasi/defects4j/project_repos
--------------------------------------------------------------------------------
    Project ID: Closure
       Program: closure-compiler
    Build file: /Users/likhithasurakasi/defects4j/framework/projects/Closure/Closure.build.xml
--------------------------------------------------------------------------------
           Vcs: Vcs::Git
    Repository: /Users/likhithasurakasi/defects4j/project_repos/closure-compiler.git
     Commit db: /Users/likhithasurakasi/defects4j/framework/projects/Closure/active-bugs.csv
Number of bugs: 174
--------------------------------------------------------------------------------

Summary for Bug: Closure-61
--------------------------------------------------------------------------------
Revision ID (fixed version):
34e4616a924bf272c076039e143e20f1d792731e
--------------------------------------------------------------------------------
Revision date (fixed version):
2011-06-29 01:34:27 +0000
--------------------------------------------------------------------------------
Bug report id:
501
--------------------------------------------------------------------------------
Bug report url:
https://storage.googleapis.com/google-code-archive/v2/code.google.com/closure-compiler/issues/issue-501.json
--------------------------------------------------------------------------------
Root cause in triggering tests:
 - com.google.javascript.jscomp.PeepholeRemoveDeadCodeTest::testCall1
   --> junit.framework.AssertionFailedError: 
 - com.google.javascript.jscomp.PeepholeRemoveDeadCodeTest::testCall2
   --> junit.framework.AssertionFailedError: 
 - com.google.javascript.jscomp.PeepholeRemoveDeadCodeTest::testRemoveUselessOps
   --> junit.framework.AssertionFailedError: 
--------------------------------------------------------------------------------
List of modified sources:
 - com.google.javascript.jscomp.NodeUtil
--------------------------------------------------------------------------------
",https://storage.googleapis.com/google-code-archive/v2/code.google.com/closure-compiler/issues/issue-501.json,1,1,"
            Bug report URL: https://storage.googleapis.com/google-code-archive/v2/code.google.com/closure-compiler/issues/issue-501.json

            Original files:
            {}

            Instruction: Given bug report URL and Original files, fix the bug by rewriting the files in orignal files

            STRICTLY follow this format for each file. Do NOT add any extra text, explanations, or quotes. Repeat the format for multiple files.

            ---FILE_START---
            FILENAME: <full_file_name>
            CONTENT:
            <full file content here>
            ---FILE_END---
            
            "
Closure,62,"Summary of configuration for Project: Closure
--------------------------------------------------------------------------------
    Script dir: /Users/likhithasurakasi/defects4j/framework
      Base dir: /Users/likhithasurakasi/defects4j
    Major root: /Users/likhithasurakasi/defects4j/major
      Repo dir: /Users/likhithasurakasi/defects4j/project_repos
--------------------------------------------------------------------------------
    Project ID: Closure
       Program: closure-compiler
    Build file: /Users/likhithasurakasi/defects4j/framework/projects/Closure/Closure.build.xml
--------------------------------------------------------------------------------
           Vcs: Vcs::Git
    Repository: /Users/likhithasurakasi/defects4j/project_repos/closure-compiler.git
     Commit db: /Users/likhithasurakasi/defects4j/framework/projects/Closure/active-bugs.csv
Number of bugs: 174
--------------------------------------------------------------------------------

Summary for Bug: Closure-62
--------------------------------------------------------------------------------
Revision ID (fixed version):
b12d1d6489329c989b15635f6f7f06681b3f6582
--------------------------------------------------------------------------------
Revision date (fixed version):
2011-06-28 17:08:53 +0000
--------------------------------------------------------------------------------
Bug report id:
487
--------------------------------------------------------------------------------
Bug report url:
https://storage.googleapis.com/google-code-archive/v2/code.google.com/closure-compiler/issues/issue-487.json
--------------------------------------------------------------------------------
Root cause in triggering tests:
 - com.google.javascript.jscomp.LightweightMessageFormatterTest::testFormatErrorSpaceEndOfLine1
   --> junit.framework.ComparisonFailure: expected:<...ion here
 - com.google.javascript.jscomp.LightweightMessageFormatterTest::testFormatErrorSpaceEndOfLine2
   --> junit.framework.ComparisonFailure: expected:<...iption here
--------------------------------------------------------------------------------
List of modified sources:
 - com.google.javascript.jscomp.LightweightMessageFormatter
--------------------------------------------------------------------------------
",https://storage.googleapis.com/google-code-archive/v2/code.google.com/closure-compiler/issues/issue-487.json,1,1,"
            Bug report URL: https://storage.googleapis.com/google-code-archive/v2/code.google.com/closure-compiler/issues/issue-487.json

            Original files:
            {}

            Instruction: Given bug report URL and Original files, fix the bug by rewriting the files in orignal files

            STRICTLY follow this format for each file. Do NOT add any extra text, explanations, or quotes. Repeat the format for multiple files.

            ---FILE_START---
            FILENAME: <full_file_name>
            CONTENT:
            <full file content here>
            ---FILE_END---
            
            "
Closure,64,"Summary of configuration for Project: Closure
--------------------------------------------------------------------------------
    Script dir: /Users/likhithasurakasi/defects4j/framework
      Base dir: /Users/likhithasurakasi/defects4j
    Major root: /Users/likhithasurakasi/defects4j/major
      Repo dir: /Users/likhithasurakasi/defects4j/project_repos
--------------------------------------------------------------------------------
    Project ID: Closure
       Program: closure-compiler
    Build file: /Users/likhithasurakasi/defects4j/framework/projects/Closure/Closure.build.xml
--------------------------------------------------------------------------------
           Vcs: Vcs::Git
    Repository: /Users/likhithasurakasi/defects4j/project_repos/closure-compiler.git
     Commit db: /Users/likhithasurakasi/defects4j/framework/projects/Closure/active-bugs.csv
Number of bugs: 174
--------------------------------------------------------------------------------

Summary for Bug: Closure-64
--------------------------------------------------------------------------------
Revision ID (fixed version):
de726510af4329fb8eeb8a54b2d93d8d37c87545
--------------------------------------------------------------------------------
Revision date (fixed version):
2011-06-17 21:36:04 +0000
--------------------------------------------------------------------------------
Bug report id:
489
--------------------------------------------------------------------------------
Bug report url:
https://storage.googleapis.com/google-code-archive/v2/code.google.com/closure-compiler/issues/issue-489.json
--------------------------------------------------------------------------------
Root cause in triggering tests:
 - com.google.javascript.jscomp.CommandLineRunnerTest::testES5StrictUseStrictMultipleInputs
   --> junit.framework.AssertionFailedError: expected:<17> but was:<-1>
--------------------------------------------------------------------------------
List of modified sources:
 - com.google.javascript.jscomp.Compiler
--------------------------------------------------------------------------------
",https://storage.googleapis.com/google-code-archive/v2/code.google.com/closure-compiler/issues/issue-489.json,1,1,"
            Bug report URL: https://storage.googleapis.com/google-code-archive/v2/code.google.com/closure-compiler/issues/issue-489.json

            Original files:
            {}

            Instruction: Given bug report URL and Original files, fix the bug by rewriting the files in orignal files

            STRICTLY follow this format for each file. Do NOT add any extra text, explanations, or quotes. Repeat the format for multiple files.

            ---FILE_START---
            FILENAME: <full_file_name>
            CONTENT:
            <full file content here>
            ---FILE_END---
            
            "
Closure,65,"Summary of configuration for Project: Closure
--------------------------------------------------------------------------------
    Script dir: /Users/likhithasurakasi/defects4j/framework
      Base dir: /Users/likhithasurakasi/defects4j
    Major root: /Users/likhithasurakasi/defects4j/major
      Repo dir: /Users/likhithasurakasi/defects4j/project_repos
--------------------------------------------------------------------------------
    Project ID: Closure
       Program: closure-compiler
    Build file: /Users/likhithasurakasi/defects4j/framework/projects/Closure/Closure.build.xml
--------------------------------------------------------------------------------
           Vcs: Vcs::Git
    Repository: /Users/likhithasurakasi/defects4j/project_repos/closure-compiler.git
     Commit db: /Users/likhithasurakasi/defects4j/framework/projects/Closure/active-bugs.csv
Number of bugs: 174
--------------------------------------------------------------------------------

Summary for Bug: Closure-65
--------------------------------------------------------------------------------
Revision ID (fixed version):
48aea0ff7d027507362007415963a4b662fb10a7
--------------------------------------------------------------------------------
Revision date (fixed version):
2011-06-15 00:09:44 +0000
--------------------------------------------------------------------------------
Bug report id:
486
--------------------------------------------------------------------------------
Bug report url:
https://storage.googleapis.com/google-code-archive/v2/code.google.com/closure-compiler/issues/issue-486.json
--------------------------------------------------------------------------------
Root cause in triggering tests:
 - com.google.javascript.jscomp.CodePrinterTest::testZero
   --> junit.framework.ComparisonFailure: expected:<var x=""\0[00]""> but was:<var x=""\0[]"">
--------------------------------------------------------------------------------
List of modified sources:
 - com.google.javascript.jscomp.CodeGenerator
--------------------------------------------------------------------------------
",https://storage.googleapis.com/google-code-archive/v2/code.google.com/closure-compiler/issues/issue-486.json,1,1,"
            Bug report URL: https://storage.googleapis.com/google-code-archive/v2/code.google.com/closure-compiler/issues/issue-486.json

            Original files:
            {}

            Instruction: Given bug report URL and Original files, fix the bug by rewriting the files in orignal files

            STRICTLY follow this format for each file. Do NOT add any extra text, explanations, or quotes. Repeat the format for multiple files.

            ---FILE_START---
            FILENAME: <full_file_name>
            CONTENT:
            <full file content here>
            ---FILE_END---
            
            "
Closure,66,"Summary of configuration for Project: Closure
--------------------------------------------------------------------------------
    Script dir: /Users/likhithasurakasi/defects4j/framework
      Base dir: /Users/likhithasurakasi/defects4j
    Major root: /Users/likhithasurakasi/defects4j/major
      Repo dir: /Users/likhithasurakasi/defects4j/project_repos
--------------------------------------------------------------------------------
    Project ID: Closure
       Program: closure-compiler
    Build file: /Users/likhithasurakasi/defects4j/framework/projects/Closure/Closure.build.xml
--------------------------------------------------------------------------------
           Vcs: Vcs::Git
    Repository: /Users/likhithasurakasi/defects4j/project_repos/closure-compiler.git
     Commit db: /Users/likhithasurakasi/defects4j/framework/projects/Closure/active-bugs.csv
Number of bugs: 174
--------------------------------------------------------------------------------

Summary for Bug: Closure-66
--------------------------------------------------------------------------------
Revision ID (fixed version):
59a30b48325cccadabae8687fdf603d72e26c157
--------------------------------------------------------------------------------
Revision date (fixed version):
2011-06-08 20:18:15 +0000
--------------------------------------------------------------------------------
Bug report id:
482
--------------------------------------------------------------------------------
Bug report url:
https://storage.googleapis.com/google-code-archive/v2/code.google.com/closure-compiler/issues/issue-482.json
--------------------------------------------------------------------------------
Root cause in triggering tests:
 - com.google.javascript.jscomp.TypeCheckTest::testGetTypedPercent5
   --> junit.framework.AssertionFailedError: expected:<100.0> but was:<62.5>
 - com.google.javascript.jscomp.TypeCheckTest::testGetTypedPercent6
   --> junit.framework.AssertionFailedError: expected:<100.0> but was:<66.66666666666667>
--------------------------------------------------------------------------------
List of modified sources:
 - com.google.javascript.jscomp.TypeCheck
--------------------------------------------------------------------------------
",https://storage.googleapis.com/google-code-archive/v2/code.google.com/closure-compiler/issues/issue-482.json,1,1,"
            Bug report URL: https://storage.googleapis.com/google-code-archive/v2/code.google.com/closure-compiler/issues/issue-482.json

            Original files:
            {}

            Instruction: Given bug report URL and Original files, fix the bug by rewriting the files in orignal files

            STRICTLY follow this format for each file. Do NOT add any extra text, explanations, or quotes. Repeat the format for multiple files.

            ---FILE_START---
            FILENAME: <full_file_name>
            CONTENT:
            <full file content here>
            ---FILE_END---
            
            "
Closure,67,"Summary of configuration for Project: Closure
--------------------------------------------------------------------------------
    Script dir: /Users/likhithasurakasi/defects4j/framework
      Base dir: /Users/likhithasurakasi/defects4j
    Major root: /Users/likhithasurakasi/defects4j/major
      Repo dir: /Users/likhithasurakasi/defects4j/project_repos
--------------------------------------------------------------------------------
    Project ID: Closure
       Program: closure-compiler
    Build file: /Users/likhithasurakasi/defects4j/framework/projects/Closure/Closure.build.xml
--------------------------------------------------------------------------------
           Vcs: Vcs::Git
    Repository: /Users/likhithasurakasi/defects4j/project_repos/closure-compiler.git
     Commit db: /Users/likhithasurakasi/defects4j/framework/projects/Closure/active-bugs.csv
Number of bugs: 174
--------------------------------------------------------------------------------

Summary for Bug: Closure-67
--------------------------------------------------------------------------------
Revision ID (fixed version):
aa89d05b48332d68b8e6ebcee427b2ac3b4e3184
--------------------------------------------------------------------------------
Revision date (fixed version):
2011-06-06 22:36:17 +0000
--------------------------------------------------------------------------------
Bug report id:
459
--------------------------------------------------------------------------------
Bug report url:
https://storage.googleapis.com/google-code-archive/v2/code.google.com/closure-compiler/issues/issue-459.json
--------------------------------------------------------------------------------
Root cause in triggering tests:
 - com.google.javascript.jscomp.RemoveUnusedPrototypePropertiesTest::testAliasing7
   --> junit.framework.AssertionFailedError: 
--------------------------------------------------------------------------------
List of modified sources:
 - com.google.javascript.jscomp.AnalyzePrototypeProperties
--------------------------------------------------------------------------------
",https://storage.googleapis.com/google-code-archive/v2/code.google.com/closure-compiler/issues/issue-459.json,1,1,"
            Bug report URL: https://storage.googleapis.com/google-code-archive/v2/code.google.com/closure-compiler/issues/issue-459.json

            Original files:
            {}

            Instruction: Given bug report URL and Original files, fix the bug by rewriting the files in orignal files

            STRICTLY follow this format for each file. Do NOT add any extra text, explanations, or quotes. Repeat the format for multiple files.

            ---FILE_START---
            FILENAME: <full_file_name>
            CONTENT:
            <full file content here>
            ---FILE_END---
            
            "
Closure,68,"Summary of configuration for Project: Closure
--------------------------------------------------------------------------------
    Script dir: /Users/likhithasurakasi/defects4j/framework
      Base dir: /Users/likhithasurakasi/defects4j
    Major root: /Users/likhithasurakasi/defects4j/major
      Repo dir: /Users/likhithasurakasi/defects4j/project_repos
--------------------------------------------------------------------------------
    Project ID: Closure
       Program: closure-compiler
    Build file: /Users/likhithasurakasi/defects4j/framework/projects/Closure/Closure.build.xml
--------------------------------------------------------------------------------
           Vcs: Vcs::Git
    Repository: /Users/likhithasurakasi/defects4j/project_repos/closure-compiler.git
     Commit db: /Users/likhithasurakasi/defects4j/framework/projects/Closure/active-bugs.csv
Number of bugs: 174
--------------------------------------------------------------------------------

Summary for Bug: Closure-68
--------------------------------------------------------------------------------
Revision ID (fixed version):
9d5a6e3082dd99f6c44df1b3526b9e83b79aa7da
--------------------------------------------------------------------------------
Revision date (fixed version):
2011-06-03 23:42:43 +0000
--------------------------------------------------------------------------------
Bug report id:
477
--------------------------------------------------------------------------------
Bug report url:
https://storage.googleapis.com/google-code-archive/v2/code.google.com/closure-compiler/issues/issue-477.json
--------------------------------------------------------------------------------
Root cause in triggering tests:
 - com.google.javascript.jscomp.parsing.JsDocInfoParserTest::testIssue477
   --> junit.framework.AssertionFailedError: extra warning: Unexpected end of file
--------------------------------------------------------------------------------
List of modified sources:
 - com.google.javascript.jscomp.parsing.JsDocInfoParser
--------------------------------------------------------------------------------
",https://storage.googleapis.com/google-code-archive/v2/code.google.com/closure-compiler/issues/issue-477.json,1,1,"
            Bug report URL: https://storage.googleapis.com/google-code-archive/v2/code.google.com/closure-compiler/issues/issue-477.json

            Original files:
            {}

            Instruction: Given bug report URL and Original files, fix the bug by rewriting the files in orignal files

            STRICTLY follow this format for each file. Do NOT add any extra text, explanations, or quotes. Repeat the format for multiple files.

            ---FILE_START---
            FILENAME: <full_file_name>
            CONTENT:
            <full file content here>
            ---FILE_END---
            
            "
Closure,69,"Summary of configuration for Project: Closure
--------------------------------------------------------------------------------
    Script dir: /Users/likhithasurakasi/defects4j/framework
      Base dir: /Users/likhithasurakasi/defects4j
    Major root: /Users/likhithasurakasi/defects4j/major
      Repo dir: /Users/likhithasurakasi/defects4j/project_repos
--------------------------------------------------------------------------------
    Project ID: Closure
       Program: closure-compiler
    Build file: /Users/likhithasurakasi/defects4j/framework/projects/Closure/Closure.build.xml
--------------------------------------------------------------------------------
           Vcs: Vcs::Git
    Repository: /Users/likhithasurakasi/defects4j/project_repos/closure-compiler.git
     Commit db: /Users/likhithasurakasi/defects4j/framework/projects/Closure/active-bugs.csv
Number of bugs: 174
--------------------------------------------------------------------------------

Summary for Bug: Closure-69
--------------------------------------------------------------------------------
Revision ID (fixed version):
63df133d0850805818d1e280ba47dcefc9763c89
--------------------------------------------------------------------------------
Revision date (fixed version):
2011-05-31 15:14:56 +0000
--------------------------------------------------------------------------------
Bug report id:
440
--------------------------------------------------------------------------------
Bug report url:
https://storage.googleapis.com/google-code-archive/v2/code.google.com/closure-compiler/issues/issue-440.json
--------------------------------------------------------------------------------
Root cause in triggering tests:
 - com.google.javascript.jscomp.TypeCheckTest::testThisTypeOfFunction2
   --> junit.framework.AssertionFailedError: expected a warning
 - com.google.javascript.jscomp.TypeCheckTest::testThisTypeOfFunction3
   --> junit.framework.AssertionFailedError: expected a warning
 - com.google.javascript.jscomp.TypeCheckTest::testThisTypeOfFunction4
   --> junit.framework.AssertionFailedError: expected a warning
--------------------------------------------------------------------------------
List of modified sources:
 - com.google.javascript.jscomp.TypeCheck
--------------------------------------------------------------------------------
",https://storage.googleapis.com/google-code-archive/v2/code.google.com/closure-compiler/issues/issue-440.json,1,1,"
            Bug report URL: https://storage.googleapis.com/google-code-archive/v2/code.google.com/closure-compiler/issues/issue-440.json

            Original files:
            {}

            Instruction: Given bug report URL and Original files, fix the bug by rewriting the files in orignal files

            STRICTLY follow this format for each file. Do NOT add any extra text, explanations, or quotes. Repeat the format for multiple files.

            ---FILE_START---
            FILENAME: <full_file_name>
            CONTENT:
            <full file content here>
            ---FILE_END---
            
            "
Closure,70,"Summary of configuration for Project: Closure
--------------------------------------------------------------------------------
    Script dir: /Users/likhithasurakasi/defects4j/framework
      Base dir: /Users/likhithasurakasi/defects4j
    Major root: /Users/likhithasurakasi/defects4j/major
      Repo dir: /Users/likhithasurakasi/defects4j/project_repos
--------------------------------------------------------------------------------
    Project ID: Closure
       Program: closure-compiler
    Build file: /Users/likhithasurakasi/defects4j/framework/projects/Closure/Closure.build.xml
--------------------------------------------------------------------------------
           Vcs: Vcs::Git
    Repository: /Users/likhithasurakasi/defects4j/project_repos/closure-compiler.git
     Commit db: /Users/likhithasurakasi/defects4j/framework/projects/Closure/active-bugs.csv
Number of bugs: 174
--------------------------------------------------------------------------------

Summary for Bug: Closure-70
--------------------------------------------------------------------------------
Revision ID (fixed version):
ec4a34c2bd87ba54fa8770affdeeea4f3c42089b
--------------------------------------------------------------------------------
Revision date (fixed version):
2011-05-20 19:48:47 +0000
--------------------------------------------------------------------------------
Bug report id:
433
--------------------------------------------------------------------------------
Bug report url:
https://storage.googleapis.com/google-code-archive/v2/code.google.com/closure-compiler/issues/issue-433.json
--------------------------------------------------------------------------------
Root cause in triggering tests:
 - com.google.javascript.jscomp.LooseTypeCheckTest::testDuplicateLocalVarDecl
   --> junit.framework.AssertionFailedError: expected:<2> but was:<1>
 - com.google.javascript.jscomp.LooseTypeCheckTest::testFunctionArguments13
   --> junit.framework.AssertionFailedError: expected a warning
 - com.google.javascript.jscomp.TypeCheckTest::testScoping12
   --> junit.framework.AssertionFailedError: expected a warning
 - com.google.javascript.jscomp.TypeCheckTest::testDuplicateLocalVarDecl
   --> junit.framework.AssertionFailedError: unexpected warning(s) : JSC_DUP_VAR_DECLARATION. variable x redefined with type string, original definition at  [testcode] :2 with type number at  [testcode]  line 2 : 42 expected:<2> but was:<1>
 - com.google.javascript.jscomp.TypeCheckTest::testFunctionArguments13
   --> junit.framework.AssertionFailedError: expected a warning
--------------------------------------------------------------------------------
List of modified sources:
 - com.google.javascript.jscomp.TypedScopeCreator
--------------------------------------------------------------------------------
",https://storage.googleapis.com/google-code-archive/v2/code.google.com/closure-compiler/issues/issue-433.json,1,1,"
            Bug report URL: https://storage.googleapis.com/google-code-archive/v2/code.google.com/closure-compiler/issues/issue-433.json

            Original files:
            {}

            Instruction: Given bug report URL and Original files, fix the bug by rewriting the files in orignal files

            STRICTLY follow this format for each file. Do NOT add any extra text, explanations, or quotes. Repeat the format for multiple files.

            ---FILE_START---
            FILENAME: <full_file_name>
            CONTENT:
            <full file content here>
            ---FILE_END---
            
            "
Closure,71,"Summary of configuration for Project: Closure
--------------------------------------------------------------------------------
    Script dir: /Users/likhithasurakasi/defects4j/framework
      Base dir: /Users/likhithasurakasi/defects4j
    Major root: /Users/likhithasurakasi/defects4j/major
      Repo dir: /Users/likhithasurakasi/defects4j/project_repos
--------------------------------------------------------------------------------
    Project ID: Closure
       Program: closure-compiler
    Build file: /Users/likhithasurakasi/defects4j/framework/projects/Closure/Closure.build.xml
--------------------------------------------------------------------------------
           Vcs: Vcs::Git
    Repository: /Users/likhithasurakasi/defects4j/project_repos/closure-compiler.git
     Commit db: /Users/likhithasurakasi/defects4j/framework/projects/Closure/active-bugs.csv
Number of bugs: 174
--------------------------------------------------------------------------------

Summary for Bug: Closure-71
--------------------------------------------------------------------------------
Revision ID (fixed version):
db1fdf97454a6e4ff2d29cab5f1ef2273b54c0b4
--------------------------------------------------------------------------------
Revision date (fixed version):
2011-05-12 18:49:05 +0000
--------------------------------------------------------------------------------
Bug report id:
254
--------------------------------------------------------------------------------
Bug report url:
https://storage.googleapis.com/google-code-archive/v2/code.google.com/closure-compiler/issues/issue-254.json
--------------------------------------------------------------------------------
Root cause in triggering tests:
 - com.google.javascript.jscomp.CheckAccessControlsTest::testNoPrivateAccessForProperties6
   --> junit.framework.AssertionFailedError: Overriding private property of Foo.prototype.
 - com.google.javascript.jscomp.CheckAccessControlsTest::testNoPrivateAccessForProperties8
   --> junit.framework.AssertionFailedError: There should be one error.  expected:<1> but was:<0>
--------------------------------------------------------------------------------
List of modified sources:
 - com.google.javascript.jscomp.CheckAccessControls
--------------------------------------------------------------------------------
",https://storage.googleapis.com/google-code-archive/v2/code.google.com/closure-compiler/issues/issue-254.json,1,1,"
            Bug report URL: https://storage.googleapis.com/google-code-archive/v2/code.google.com/closure-compiler/issues/issue-254.json

            Original files:
            {}

            Instruction: Given bug report URL and Original files, fix the bug by rewriting the files in orignal files

            STRICTLY follow this format for each file. Do NOT add any extra text, explanations, or quotes. Repeat the format for multiple files.

            ---FILE_START---
            FILENAME: <full_file_name>
            CONTENT:
            <full file content here>
            ---FILE_END---
            
            "
Closure,72,"Summary of configuration for Project: Closure
--------------------------------------------------------------------------------
    Script dir: /Users/likhithasurakasi/defects4j/framework
      Base dir: /Users/likhithasurakasi/defects4j
    Major root: /Users/likhithasurakasi/defects4j/major
      Repo dir: /Users/likhithasurakasi/defects4j/project_repos
--------------------------------------------------------------------------------
    Project ID: Closure
       Program: closure-compiler
    Build file: /Users/likhithasurakasi/defects4j/framework/projects/Closure/Closure.build.xml
--------------------------------------------------------------------------------
           Vcs: Vcs::Git
    Repository: /Users/likhithasurakasi/defects4j/project_repos/closure-compiler.git
     Commit db: /Users/likhithasurakasi/defects4j/framework/projects/Closure/active-bugs.csv
Number of bugs: 174
--------------------------------------------------------------------------------

Summary for Bug: Closure-72
--------------------------------------------------------------------------------
Revision ID (fixed version):
e323b879de2e53e5eedf6e7afb0d582382c6248d
--------------------------------------------------------------------------------
Revision date (fixed version):
2011-05-02 20:12:03 +0000
--------------------------------------------------------------------------------
Bug report id:
435
--------------------------------------------------------------------------------
Bug report url:
https://storage.googleapis.com/google-code-archive/v2/code.google.com/closure-compiler/issues/issue-435.json
--------------------------------------------------------------------------------
Root cause in triggering tests:
 - com.google.javascript.jscomp.InlineFunctionsTest::testInlineFunctions31
   --> junit.framework.AssertionFailedError: 
--------------------------------------------------------------------------------
List of modified sources:
 - com.google.javascript.jscomp.FunctionToBlockMutator
 - com.google.javascript.jscomp.RenameLabels
--------------------------------------------------------------------------------
",https://storage.googleapis.com/google-code-archive/v2/code.google.com/closure-compiler/issues/issue-435.json,1,2,"
            Bug report URL: https://storage.googleapis.com/google-code-archive/v2/code.google.com/closure-compiler/issues/issue-435.json

            Original files:
            {}

            Instruction: Given bug report URL and Original files, fix the bug by rewriting the files in orignal files

            STRICTLY follow this format for each file. Do NOT add any extra text, explanations, or quotes. Repeat the format for multiple files.

            ---FILE_START---
            FILENAME: <full_file_name>
            CONTENT:
            <full file content here>
            ---FILE_END---
            
            "
Closure,73,"Summary of configuration for Project: Closure
--------------------------------------------------------------------------------
    Script dir: /Users/likhithasurakasi/defects4j/framework
      Base dir: /Users/likhithasurakasi/defects4j
    Major root: /Users/likhithasurakasi/defects4j/major
      Repo dir: /Users/likhithasurakasi/defects4j/project_repos
--------------------------------------------------------------------------------
    Project ID: Closure
       Program: closure-compiler
    Build file: /Users/likhithasurakasi/defects4j/framework/projects/Closure/Closure.build.xml
--------------------------------------------------------------------------------
           Vcs: Vcs::Git
    Repository: /Users/likhithasurakasi/defects4j/project_repos/closure-compiler.git
     Commit db: /Users/likhithasurakasi/defects4j/framework/projects/Closure/active-bugs.csv
Number of bugs: 174
--------------------------------------------------------------------------------

Summary for Bug: Closure-73
--------------------------------------------------------------------------------
Revision ID (fixed version):
ee8344091722c28c9351e78dcb4155fbfddfd1af
--------------------------------------------------------------------------------
Revision date (fixed version):
2011-04-15 16:10:54 +0000
--------------------------------------------------------------------------------
Bug report id:
416
--------------------------------------------------------------------------------
Bug report url:
https://storage.googleapis.com/google-code-archive/v2/code.google.com/closure-compiler/issues/issue-416.json
--------------------------------------------------------------------------------
Root cause in triggering tests:
 - com.google.javascript.jscomp.CodePrinterTest::testUnicode
   --> junit.framework.ComparisonFailure: expected:<var x=""[\u007f]""> but was:<var x=""[]"">
--------------------------------------------------------------------------------
List of modified sources:
 - com.google.javascript.jscomp.CodeGenerator
--------------------------------------------------------------------------------
",https://storage.googleapis.com/google-code-archive/v2/code.google.com/closure-compiler/issues/issue-416.json,1,1,"
            Bug report URL: https://storage.googleapis.com/google-code-archive/v2/code.google.com/closure-compiler/issues/issue-416.json

            Original files:
            {}

            Instruction: Given bug report URL and Original files, fix the bug by rewriting the files in orignal files

            STRICTLY follow this format for each file. Do NOT add any extra text, explanations, or quotes. Repeat the format for multiple files.

            ---FILE_START---
            FILENAME: <full_file_name>
            CONTENT:
            <full file content here>
            ---FILE_END---
            
            "
Closure,74,"Summary of configuration for Project: Closure
--------------------------------------------------------------------------------
    Script dir: /Users/likhithasurakasi/defects4j/framework
      Base dir: /Users/likhithasurakasi/defects4j
    Major root: /Users/likhithasurakasi/defects4j/major
      Repo dir: /Users/likhithasurakasi/defects4j/project_repos
--------------------------------------------------------------------------------
    Project ID: Closure
       Program: closure-compiler
    Build file: /Users/likhithasurakasi/defects4j/framework/projects/Closure/Closure.build.xml
--------------------------------------------------------------------------------
           Vcs: Vcs::Git
    Repository: /Users/likhithasurakasi/defects4j/project_repos/closure-compiler.git
     Commit db: /Users/likhithasurakasi/defects4j/framework/projects/Closure/active-bugs.csv
Number of bugs: 174
--------------------------------------------------------------------------------

Summary for Bug: Closure-74
--------------------------------------------------------------------------------
Revision ID (fixed version):
03fee32a06ccf8257b2da67b9034270be38805ae
--------------------------------------------------------------------------------
Revision date (fixed version):
2011-04-08 19:27:37 +0000
--------------------------------------------------------------------------------
Bug report id:
413
--------------------------------------------------------------------------------
Bug report url:
https://storage.googleapis.com/google-code-archive/v2/code.google.com/closure-compiler/issues/issue-413.json
--------------------------------------------------------------------------------
Root cause in triggering tests:
 - com.google.javascript.jscomp.PeepholeFoldConstantsTest::testFoldComparison3
   --> junit.framework.AssertionFailedError: 
 - com.google.javascript.jscomp.PeepholeFoldConstantsTest::testInvertibleOperators
   --> junit.framework.ComparisonFailure: Expressions did not fold the same
 - com.google.javascript.jscomp.PeepholeFoldConstantsTest::testCommutativeOperators
   --> junit.framework.ComparisonFailure: Expressions did not fold the same
--------------------------------------------------------------------------------
List of modified sources:
 - com.google.javascript.jscomp.PeepholeFoldConstants
--------------------------------------------------------------------------------
",https://storage.googleapis.com/google-code-archive/v2/code.google.com/closure-compiler/issues/issue-413.json,1,1,"
            Bug report URL: https://storage.googleapis.com/google-code-archive/v2/code.google.com/closure-compiler/issues/issue-413.json

            Original files:
            {}

            Instruction: Given bug report URL and Original files, fix the bug by rewriting the files in orignal files

            STRICTLY follow this format for each file. Do NOT add any extra text, explanations, or quotes. Repeat the format for multiple files.

            ---FILE_START---
            FILENAME: <full_file_name>
            CONTENT:
            <full file content here>
            ---FILE_END---
            
            "
Closure,75,"Summary of configuration for Project: Closure
--------------------------------------------------------------------------------
    Script dir: /Users/likhithasurakasi/defects4j/framework
      Base dir: /Users/likhithasurakasi/defects4j
    Major root: /Users/likhithasurakasi/defects4j/major
      Repo dir: /Users/likhithasurakasi/defects4j/project_repos
--------------------------------------------------------------------------------
    Project ID: Closure
       Program: closure-compiler
    Build file: /Users/likhithasurakasi/defects4j/framework/projects/Closure/Closure.build.xml
--------------------------------------------------------------------------------
           Vcs: Vcs::Git
    Repository: /Users/likhithasurakasi/defects4j/project_repos/closure-compiler.git
     Commit db: /Users/likhithasurakasi/defects4j/framework/projects/Closure/active-bugs.csv
Number of bugs: 174
--------------------------------------------------------------------------------

Summary for Bug: Closure-75
--------------------------------------------------------------------------------
Revision ID (fixed version):
c6cc58a9bc617483366141386e047b085b4e83ff
--------------------------------------------------------------------------------
Revision date (fixed version):
2011-04-04 17:02:56 +0000
--------------------------------------------------------------------------------
Bug report id:
395
--------------------------------------------------------------------------------
Bug report url:
https://storage.googleapis.com/google-code-archive/v2/code.google.com/closure-compiler/issues/issue-395.json
--------------------------------------------------------------------------------
Root cause in triggering tests:
 - com.google.javascript.jscomp.PeepholeFoldConstantsTest::testIEString
   --> junit.framework.AssertionFailedError: 
--------------------------------------------------------------------------------
List of modified sources:
 - com.google.javascript.jscomp.NodeUtil
--------------------------------------------------------------------------------
",https://storage.googleapis.com/google-code-archive/v2/code.google.com/closure-compiler/issues/issue-395.json,1,1,"
            Bug report URL: https://storage.googleapis.com/google-code-archive/v2/code.google.com/closure-compiler/issues/issue-395.json

            Original files:
            {}

            Instruction: Given bug report URL and Original files, fix the bug by rewriting the files in orignal files

            STRICTLY follow this format for each file. Do NOT add any extra text, explanations, or quotes. Repeat the format for multiple files.

            ---FILE_START---
            FILENAME: <full_file_name>
            CONTENT:
            <full file content here>
            ---FILE_END---
            
            "
Closure,76,"Summary of configuration for Project: Closure
--------------------------------------------------------------------------------
    Script dir: /Users/likhithasurakasi/defects4j/framework
      Base dir: /Users/likhithasurakasi/defects4j
    Major root: /Users/likhithasurakasi/defects4j/major
      Repo dir: /Users/likhithasurakasi/defects4j/project_repos
--------------------------------------------------------------------------------
    Project ID: Closure
       Program: closure-compiler
    Build file: /Users/likhithasurakasi/defects4j/framework/projects/Closure/Closure.build.xml
--------------------------------------------------------------------------------
           Vcs: Vcs::Git
    Repository: /Users/likhithasurakasi/defects4j/project_repos/closure-compiler.git
     Commit db: /Users/likhithasurakasi/defects4j/framework/projects/Closure/active-bugs.csv
Number of bugs: 174
--------------------------------------------------------------------------------

Summary for Bug: Closure-76
--------------------------------------------------------------------------------
Revision ID (fixed version):
78b01c3a435cd175ce3ee70f97b2f8faac342cdc
--------------------------------------------------------------------------------
Revision date (fixed version):
2011-03-18 21:59:28 +0000
--------------------------------------------------------------------------------
Bug report id:
384
--------------------------------------------------------------------------------
Bug report url:
https://storage.googleapis.com/google-code-archive/v2/code.google.com/closure-compiler/issues/issue-384.json
--------------------------------------------------------------------------------
Root cause in triggering tests:
 - com.google.javascript.jscomp.DeadAssignmentsEliminationTest::testInExpression2
   --> junit.framework.AssertionFailedError: 
 - com.google.javascript.jscomp.DeadAssignmentsEliminationTest::testIssue384b
   --> junit.framework.AssertionFailedError: 
 - com.google.javascript.jscomp.DeadAssignmentsEliminationTest::testIssue384c
   --> junit.framework.AssertionFailedError: 
 - com.google.javascript.jscomp.DeadAssignmentsEliminationTest::testIssue384d
   --> junit.framework.AssertionFailedError: 
--------------------------------------------------------------------------------
List of modified sources:
 - com.google.javascript.jscomp.DeadAssignmentsElimination
--------------------------------------------------------------------------------
",https://storage.googleapis.com/google-code-archive/v2/code.google.com/closure-compiler/issues/issue-384.json,1,1,"
            Bug report URL: https://storage.googleapis.com/google-code-archive/v2/code.google.com/closure-compiler/issues/issue-384.json

            Original files:
            {}

            Instruction: Given bug report URL and Original files, fix the bug by rewriting the files in orignal files

            STRICTLY follow this format for each file. Do NOT add any extra text, explanations, or quotes. Repeat the format for multiple files.

            ---FILE_START---
            FILENAME: <full_file_name>
            CONTENT:
            <full file content here>
            ---FILE_END---
            
            "
Closure,77,"Summary of configuration for Project: Closure
--------------------------------------------------------------------------------
    Script dir: /Users/likhithasurakasi/defects4j/framework
      Base dir: /Users/likhithasurakasi/defects4j
    Major root: /Users/likhithasurakasi/defects4j/major
      Repo dir: /Users/likhithasurakasi/defects4j/project_repos
--------------------------------------------------------------------------------
    Project ID: Closure
       Program: closure-compiler
    Build file: /Users/likhithasurakasi/defects4j/framework/projects/Closure/Closure.build.xml
--------------------------------------------------------------------------------
           Vcs: Vcs::Git
    Repository: /Users/likhithasurakasi/defects4j/project_repos/closure-compiler.git
     Commit db: /Users/likhithasurakasi/defects4j/framework/projects/Closure/active-bugs.csv
Number of bugs: 174
--------------------------------------------------------------------------------

Summary for Bug: Closure-77
--------------------------------------------------------------------------------
Revision ID (fixed version):
b88400ce0e9c1a0dadfd3417c256b02a82f38fe1
--------------------------------------------------------------------------------
Revision date (fixed version):
2011-03-18 00:03:17 +0000
--------------------------------------------------------------------------------
Bug report id:
383
--------------------------------------------------------------------------------
Bug report url:
https://storage.googleapis.com/google-code-archive/v2/code.google.com/closure-compiler/issues/issue-383.json
--------------------------------------------------------------------------------
Root cause in triggering tests:
 - com.google.javascript.jscomp.CodePrinterTest::testZero
   --> junit.framework.ComparisonFailure: expected:<var x=""\[]0""> but was:<var x=""\[u000]0"">
--------------------------------------------------------------------------------
List of modified sources:
 - com.google.javascript.jscomp.CodeGenerator
--------------------------------------------------------------------------------
",https://storage.googleapis.com/google-code-archive/v2/code.google.com/closure-compiler/issues/issue-383.json,1,1,"
            Bug report URL: https://storage.googleapis.com/google-code-archive/v2/code.google.com/closure-compiler/issues/issue-383.json

            Original files:
            {}

            Instruction: Given bug report URL and Original files, fix the bug by rewriting the files in orignal files

            STRICTLY follow this format for each file. Do NOT add any extra text, explanations, or quotes. Repeat the format for multiple files.

            ---FILE_START---
            FILENAME: <full_file_name>
            CONTENT:
            <full file content here>
            ---FILE_END---
            
            "
Closure,78,"Summary of configuration for Project: Closure
--------------------------------------------------------------------------------
    Script dir: /Users/likhithasurakasi/defects4j/framework
      Base dir: /Users/likhithasurakasi/defects4j
    Major root: /Users/likhithasurakasi/defects4j/major
      Repo dir: /Users/likhithasurakasi/defects4j/project_repos
--------------------------------------------------------------------------------
    Project ID: Closure
       Program: closure-compiler
    Build file: /Users/likhithasurakasi/defects4j/framework/projects/Closure/Closure.build.xml
--------------------------------------------------------------------------------
           Vcs: Vcs::Git
    Repository: /Users/likhithasurakasi/defects4j/project_repos/closure-compiler.git
     Commit db: /Users/likhithasurakasi/defects4j/framework/projects/Closure/active-bugs.csv
Number of bugs: 174
--------------------------------------------------------------------------------

Summary for Bug: Closure-78
--------------------------------------------------------------------------------
Revision ID (fixed version):
25829b0395164533782d608399096803321225a7
--------------------------------------------------------------------------------
Revision date (fixed version):
2011-03-17 18:12:32 +0000
--------------------------------------------------------------------------------
Bug report id:
381
--------------------------------------------------------------------------------
Bug report url:
https://storage.googleapis.com/google-code-archive/v2/code.google.com/closure-compiler/issues/issue-381.json
--------------------------------------------------------------------------------
Root cause in triggering tests:
 - com.google.javascript.jscomp.PeepholeFoldConstantsTest::testFoldArithmetic
   --> junit.framework.AssertionFailedError: Unexpected error(s): JSC_DIVIDE_BY_0_ERROR. Divide by 0 at testcode line 1 : 8 expected:<0> but was:<1>
--------------------------------------------------------------------------------
List of modified sources:
 - com.google.javascript.jscomp.PeepholeFoldConstants
--------------------------------------------------------------------------------
",https://storage.googleapis.com/google-code-archive/v2/code.google.com/closure-compiler/issues/issue-381.json,1,1,"
            Bug report URL: https://storage.googleapis.com/google-code-archive/v2/code.google.com/closure-compiler/issues/issue-381.json

            Original files:
            {}

            Instruction: Given bug report URL and Original files, fix the bug by rewriting the files in orignal files

            STRICTLY follow this format for each file. Do NOT add any extra text, explanations, or quotes. Repeat the format for multiple files.

            ---FILE_START---
            FILENAME: <full_file_name>
            CONTENT:
            <full file content here>
            ---FILE_END---
            
            "
Closure,79,"Summary of configuration for Project: Closure
--------------------------------------------------------------------------------
    Script dir: /Users/likhithasurakasi/defects4j/framework
      Base dir: /Users/likhithasurakasi/defects4j
    Major root: /Users/likhithasurakasi/defects4j/major
      Repo dir: /Users/likhithasurakasi/defects4j/project_repos
--------------------------------------------------------------------------------
    Project ID: Closure
       Program: closure-compiler
    Build file: /Users/likhithasurakasi/defects4j/framework/projects/Closure/Closure.build.xml
--------------------------------------------------------------------------------
           Vcs: Vcs::Git
    Repository: /Users/likhithasurakasi/defects4j/project_repos/closure-compiler.git
     Commit db: /Users/likhithasurakasi/defects4j/framework/projects/Closure/active-bugs.csv
Number of bugs: 174
--------------------------------------------------------------------------------

Summary for Bug: Closure-79
--------------------------------------------------------------------------------
Revision ID (fixed version):
5d397618f3c86d9c444a4c4c6441267b8a89a21d
--------------------------------------------------------------------------------
Revision date (fixed version):
2011-03-02 23:30:42 +0000
--------------------------------------------------------------------------------
Bug report id:
367
--------------------------------------------------------------------------------
Bug report url:
https://storage.googleapis.com/google-code-archive/v2/code.google.com/closure-compiler/issues/issue-367.json
--------------------------------------------------------------------------------
Root cause in triggering tests:
 - com.google.javascript.jscomp.NormalizeTest::testIssue
   --> java.lang.RuntimeException: INTERNAL COMPILER ERROR.
 - com.google.javascript.jscomp.VarCheckTest::testPropReferenceInExterns1
   --> junit.framework.AssertionFailedError: compiler.reportCodeChange() should have been called
 - com.google.javascript.jscomp.VarCheckTest::testPropReferenceInExterns3
   --> junit.framework.AssertionFailedError: compiler.reportCodeChange() should have been called
 - com.google.javascript.jscomp.VarCheckTest::testVarReferenceInExterns
   --> junit.framework.AssertionFailedError: compiler.reportCodeChange() should have been called
 - com.google.javascript.jscomp.VarCheckTest::testCallInExterns
   --> junit.framework.AssertionFailedError: compiler.reportCodeChange() should have been called
--------------------------------------------------------------------------------
List of modified sources:
 - com.google.javascript.jscomp.Normalize
 - com.google.javascript.jscomp.VarCheck
--------------------------------------------------------------------------------
",https://storage.googleapis.com/google-code-archive/v2/code.google.com/closure-compiler/issues/issue-367.json,1,2,"
            Bug report URL: https://storage.googleapis.com/google-code-archive/v2/code.google.com/closure-compiler/issues/issue-367.json

            Original files:
            {}

            Instruction: Given bug report URL and Original files, fix the bug by rewriting the files in orignal files

            STRICTLY follow this format for each file. Do NOT add any extra text, explanations, or quotes. Repeat the format for multiple files.

            ---FILE_START---
            FILENAME: <full_file_name>
            CONTENT:
            <full file content here>
            ---FILE_END---
            
            "
Closure,80,"Summary of configuration for Project: Closure
--------------------------------------------------------------------------------
    Script dir: /Users/likhithasurakasi/defects4j/framework
      Base dir: /Users/likhithasurakasi/defects4j
    Major root: /Users/likhithasurakasi/defects4j/major
      Repo dir: /Users/likhithasurakasi/defects4j/project_repos
--------------------------------------------------------------------------------
    Project ID: Closure
       Program: closure-compiler
    Build file: /Users/likhithasurakasi/defects4j/framework/projects/Closure/Closure.build.xml
--------------------------------------------------------------------------------
           Vcs: Vcs::Git
    Repository: /Users/likhithasurakasi/defects4j/project_repos/closure-compiler.git
     Commit db: /Users/likhithasurakasi/defects4j/framework/projects/Closure/active-bugs.csv
Number of bugs: 174
--------------------------------------------------------------------------------

Summary for Bug: Closure-80
--------------------------------------------------------------------------------
Revision ID (fixed version):
58786c3f717fa506280127265cd68fedf17de0a9
--------------------------------------------------------------------------------
Revision date (fixed version):
2011-03-01 18:30:56 +0000
--------------------------------------------------------------------------------
Bug report id:
364
--------------------------------------------------------------------------------
Bug report url:
https://storage.googleapis.com/google-code-archive/v2/code.google.com/closure-compiler/issues/issue-364.json
--------------------------------------------------------------------------------
Root cause in triggering tests:
 - com.google.javascript.jscomp.NodeUtilTest::testIsBooleanResult
   --> junit.framework.AssertionFailedError
 - com.google.javascript.jscomp.NodeUtilTest::testLocalValue1
   --> java.lang.IllegalStateException: Unexpected expression nodeDELPROP 1 [sourcename:  [testcode] ] [parenthesized: true]
--------------------------------------------------------------------------------
List of modified sources:
 - com.google.javascript.jscomp.NodeUtil
--------------------------------------------------------------------------------
",https://storage.googleapis.com/google-code-archive/v2/code.google.com/closure-compiler/issues/issue-364.json,1,1,"
            Bug report URL: https://storage.googleapis.com/google-code-archive/v2/code.google.com/closure-compiler/issues/issue-364.json

            Original files:
            {}

            Instruction: Given bug report URL and Original files, fix the bug by rewriting the files in orignal files

            STRICTLY follow this format for each file. Do NOT add any extra text, explanations, or quotes. Repeat the format for multiple files.

            ---FILE_START---
            FILENAME: <full_file_name>
            CONTENT:
            <full file content here>
            ---FILE_END---
            
            "
Closure,81,"Summary of configuration for Project: Closure
--------------------------------------------------------------------------------
    Script dir: /Users/likhithasurakasi/defects4j/framework
      Base dir: /Users/likhithasurakasi/defects4j
    Major root: /Users/likhithasurakasi/defects4j/major
      Repo dir: /Users/likhithasurakasi/defects4j/project_repos
--------------------------------------------------------------------------------
    Project ID: Closure
       Program: closure-compiler
    Build file: /Users/likhithasurakasi/defects4j/framework/projects/Closure/Closure.build.xml
--------------------------------------------------------------------------------
           Vcs: Vcs::Git
    Repository: /Users/likhithasurakasi/defects4j/project_repos/closure-compiler.git
     Commit db: /Users/likhithasurakasi/defects4j/framework/projects/Closure/active-bugs.csv
Number of bugs: 174
--------------------------------------------------------------------------------

Summary for Bug: Closure-81
--------------------------------------------------------------------------------
Revision ID (fixed version):
084b868bc2fbf9d6d0319e5a362ade1d7f43f899
--------------------------------------------------------------------------------
Revision date (fixed version):
2011-02-17 21:20:42 +0000
--------------------------------------------------------------------------------
Bug report id:
251
--------------------------------------------------------------------------------
Bug report url:
https://storage.googleapis.com/google-code-archive/v2/code.google.com/closure-compiler/issues/issue-251.json
--------------------------------------------------------------------------------
Root cause in triggering tests:
 - com.google.javascript.jscomp.parsing.ParserTest::testUnnamedFunctionStatement
   --> junit.framework.AssertionFailedError
--------------------------------------------------------------------------------
List of modified sources:
 - com.google.javascript.jscomp.parsing.IRFactory
--------------------------------------------------------------------------------
",https://storage.googleapis.com/google-code-archive/v2/code.google.com/closure-compiler/issues/issue-251.json,1,1,"
            Bug report URL: https://storage.googleapis.com/google-code-archive/v2/code.google.com/closure-compiler/issues/issue-251.json

            Original files:
            {}

            Instruction: Given bug report URL and Original files, fix the bug by rewriting the files in orignal files

            STRICTLY follow this format for each file. Do NOT add any extra text, explanations, or quotes. Repeat the format for multiple files.

            ---FILE_START---
            FILENAME: <full_file_name>
            CONTENT:
            <full file content here>
            ---FILE_END---
            
            "
Closure,82,"Summary of configuration for Project: Closure
--------------------------------------------------------------------------------
    Script dir: /Users/likhithasurakasi/defects4j/framework
      Base dir: /Users/likhithasurakasi/defects4j
    Major root: /Users/likhithasurakasi/defects4j/major
      Repo dir: /Users/likhithasurakasi/defects4j/project_repos
--------------------------------------------------------------------------------
    Project ID: Closure
       Program: closure-compiler
    Build file: /Users/likhithasurakasi/defects4j/framework/projects/Closure/Closure.build.xml
--------------------------------------------------------------------------------
           Vcs: Vcs::Git
    Repository: /Users/likhithasurakasi/defects4j/project_repos/closure-compiler.git
     Commit db: /Users/likhithasurakasi/defects4j/framework/projects/Closure/active-bugs.csv
Number of bugs: 174
--------------------------------------------------------------------------------

Summary for Bug: Closure-82
--------------------------------------------------------------------------------
Revision ID (fixed version):
a857aec27d79fc234fddd4a72c1215af0251b2d8
--------------------------------------------------------------------------------
Revision date (fixed version):
2011-02-08 17:40:11 +0000
--------------------------------------------------------------------------------
Bug report id:
301
--------------------------------------------------------------------------------
Bug report url:
https://storage.googleapis.com/google-code-archive/v2/code.google.com/closure-compiler/issues/issue-301.json
--------------------------------------------------------------------------------
Root cause in triggering tests:
 - com.google.javascript.jscomp.TypeCheckTest::testIssue301
   --> junit.framework.AssertionFailedError: expected a warning
 - com.google.javascript.rhino.jstype.FunctionTypeTest::testEmptyFunctionTypes
   --> junit.framework.AssertionFailedError
--------------------------------------------------------------------------------
List of modified sources:
 - com.google.javascript.rhino.jstype.JSType
--------------------------------------------------------------------------------
",https://storage.googleapis.com/google-code-archive/v2/code.google.com/closure-compiler/issues/issue-301.json,1,1,"
            Bug report URL: https://storage.googleapis.com/google-code-archive/v2/code.google.com/closure-compiler/issues/issue-301.json

            Original files:
            {}

            Instruction: Given bug report URL and Original files, fix the bug by rewriting the files in orignal files

            STRICTLY follow this format for each file. Do NOT add any extra text, explanations, or quotes. Repeat the format for multiple files.

            ---FILE_START---
            FILENAME: <full_file_name>
            CONTENT:
            <full file content here>
            ---FILE_END---
            
            "
Closure,83,"Summary of configuration for Project: Closure
--------------------------------------------------------------------------------
    Script dir: /Users/likhithasurakasi/defects4j/framework
      Base dir: /Users/likhithasurakasi/defects4j
    Major root: /Users/likhithasurakasi/defects4j/major
      Repo dir: /Users/likhithasurakasi/defects4j/project_repos
--------------------------------------------------------------------------------
    Project ID: Closure
       Program: closure-compiler
    Build file: /Users/likhithasurakasi/defects4j/framework/projects/Closure/Closure.build.xml
--------------------------------------------------------------------------------
           Vcs: Vcs::Git
    Repository: /Users/likhithasurakasi/defects4j/project_repos/closure-compiler.git
     Commit db: /Users/likhithasurakasi/defects4j/framework/projects/Closure/active-bugs.csv
Number of bugs: 174
--------------------------------------------------------------------------------

Summary for Bug: Closure-83
--------------------------------------------------------------------------------
Revision ID (fixed version):
43c245f0ff8d409e81e25687e69d34666b7cf26a
--------------------------------------------------------------------------------
Revision date (fixed version):
2011-01-18 18:02:32 +0000
--------------------------------------------------------------------------------
Bug report id:
319
--------------------------------------------------------------------------------
Bug report url:
https://storage.googleapis.com/google-code-archive/v2/code.google.com/closure-compiler/issues/issue-319.json
--------------------------------------------------------------------------------
Root cause in triggering tests:
 - com.google.javascript.jscomp.CommandLineRunnerTest::testVersionFlag2
   --> junit.framework.AssertionFailedError
--------------------------------------------------------------------------------
List of modified sources:
 - com.google.javascript.jscomp.CommandLineRunner
--------------------------------------------------------------------------------
",https://storage.googleapis.com/google-code-archive/v2/code.google.com/closure-compiler/issues/issue-319.json,1,1,"
            Bug report URL: https://storage.googleapis.com/google-code-archive/v2/code.google.com/closure-compiler/issues/issue-319.json

            Original files:
            {}

            Instruction: Given bug report URL and Original files, fix the bug by rewriting the files in orignal files

            STRICTLY follow this format for each file. Do NOT add any extra text, explanations, or quotes. Repeat the format for multiple files.

            ---FILE_START---
            FILENAME: <full_file_name>
            CONTENT:
            <full file content here>
            ---FILE_END---
            
            "
Closure,84,"Summary of configuration for Project: Closure
--------------------------------------------------------------------------------
    Script dir: /Users/likhithasurakasi/defects4j/framework
      Base dir: /Users/likhithasurakasi/defects4j
    Major root: /Users/likhithasurakasi/defects4j/major
      Repo dir: /Users/likhithasurakasi/defects4j/project_repos
--------------------------------------------------------------------------------
    Project ID: Closure
       Program: closure-compiler
    Build file: /Users/likhithasurakasi/defects4j/framework/projects/Closure/Closure.build.xml
--------------------------------------------------------------------------------
           Vcs: Vcs::Git
    Repository: /Users/likhithasurakasi/defects4j/project_repos/closure-compiler.git
     Commit db: /Users/likhithasurakasi/defects4j/framework/projects/Closure/active-bugs.csv
Number of bugs: 174
--------------------------------------------------------------------------------

Summary for Bug: Closure-84
--------------------------------------------------------------------------------
Revision ID (fixed version):
4839e1ea57f9a1a26debd2cc8f22beef7282b490
--------------------------------------------------------------------------------
Revision date (fixed version):
2011-01-11 19:28:55 +0000
--------------------------------------------------------------------------------
Bug report id:
215
--------------------------------------------------------------------------------
Bug report url:
https://storage.googleapis.com/google-code-archive/v2/code.google.com/closure-compiler/issues/issue-215.json
--------------------------------------------------------------------------------
Root cause in triggering tests:
 - com.google.javascript.jscomp.parsing.ParserTest::testDestructuringAssignForbidden4
   --> junit.framework.AssertionFailedError
--------------------------------------------------------------------------------
List of modified sources:
 - com.google.javascript.jscomp.parsing.IRFactory
--------------------------------------------------------------------------------
",https://storage.googleapis.com/google-code-archive/v2/code.google.com/closure-compiler/issues/issue-215.json,1,1,"
            Bug report URL: https://storage.googleapis.com/google-code-archive/v2/code.google.com/closure-compiler/issues/issue-215.json

            Original files:
            {}

            Instruction: Given bug report URL and Original files, fix the bug by rewriting the files in orignal files

            STRICTLY follow this format for each file. Do NOT add any extra text, explanations, or quotes. Repeat the format for multiple files.

            ---FILE_START---
            FILENAME: <full_file_name>
            CONTENT:
            <full file content here>
            ---FILE_END---
            
            "
Closure,85,"Summary of configuration for Project: Closure
--------------------------------------------------------------------------------
    Script dir: /Users/likhithasurakasi/defects4j/framework
      Base dir: /Users/likhithasurakasi/defects4j
    Major root: /Users/likhithasurakasi/defects4j/major
      Repo dir: /Users/likhithasurakasi/defects4j/project_repos
--------------------------------------------------------------------------------
    Project ID: Closure
       Program: closure-compiler
    Build file: /Users/likhithasurakasi/defects4j/framework/projects/Closure/Closure.build.xml
--------------------------------------------------------------------------------
           Vcs: Vcs::Git
    Repository: /Users/likhithasurakasi/defects4j/project_repos/closure-compiler.git
     Commit db: /Users/likhithasurakasi/defects4j/framework/projects/Closure/active-bugs.csv
Number of bugs: 174
--------------------------------------------------------------------------------

Summary for Bug: Closure-85
--------------------------------------------------------------------------------
Revision ID (fixed version):
21a2103d7fa5664ea324ef9ee25b4a8922e50955
--------------------------------------------------------------------------------
Revision date (fixed version):
2011-01-07 21:09:14 +0000
--------------------------------------------------------------------------------
Bug report id:
311
--------------------------------------------------------------------------------
Bug report url:
https://storage.googleapis.com/google-code-archive/v2/code.google.com/closure-compiler/issues/issue-311.json
--------------------------------------------------------------------------------
Root cause in triggering tests:
 - com.google.javascript.jscomp.UnreachableCodeEliminationTest::testCascadedRemovalOfUnlessUnconditonalJumps
   --> junit.framework.AssertionFailedError: 
 - com.google.javascript.jscomp.UnreachableCodeEliminationTest::testIssue311
   --> java.lang.RuntimeException: INTERNAL COMPILER ERROR.
--------------------------------------------------------------------------------
List of modified sources:
 - com.google.javascript.jscomp.UnreachableCodeElimination
--------------------------------------------------------------------------------
",https://storage.googleapis.com/google-code-archive/v2/code.google.com/closure-compiler/issues/issue-311.json,1,1,"
            Bug report URL: https://storage.googleapis.com/google-code-archive/v2/code.google.com/closure-compiler/issues/issue-311.json

            Original files:
            {}

            Instruction: Given bug report URL and Original files, fix the bug by rewriting the files in orignal files

            STRICTLY follow this format for each file. Do NOT add any extra text, explanations, or quotes. Repeat the format for multiple files.

            ---FILE_START---
            FILENAME: <full_file_name>
            CONTENT:
            <full file content here>
            ---FILE_END---
            
            "
Closure,86,"Summary of configuration for Project: Closure
--------------------------------------------------------------------------------
    Script dir: /Users/likhithasurakasi/defects4j/framework
      Base dir: /Users/likhithasurakasi/defects4j
    Major root: /Users/likhithasurakasi/defects4j/major
      Repo dir: /Users/likhithasurakasi/defects4j/project_repos
--------------------------------------------------------------------------------
    Project ID: Closure
       Program: closure-compiler
    Build file: /Users/likhithasurakasi/defects4j/framework/projects/Closure/Closure.build.xml
--------------------------------------------------------------------------------
           Vcs: Vcs::Git
    Repository: /Users/likhithasurakasi/defects4j/project_repos/closure-compiler.git
     Commit db: /Users/likhithasurakasi/defects4j/framework/projects/Closure/active-bugs.csv
Number of bugs: 174
--------------------------------------------------------------------------------

Summary for Bug: Closure-86
--------------------------------------------------------------------------------
Revision ID (fixed version):
0907b6618a60b2de23c8f7ec2217a37dc5e9a091
--------------------------------------------------------------------------------
Revision date (fixed version):
2010-12-18 00:47:28 +0000
--------------------------------------------------------------------------------
Bug report id:
303
--------------------------------------------------------------------------------
Bug report url:
https://storage.googleapis.com/google-code-archive/v2/code.google.com/closure-compiler/issues/issue-303.json
--------------------------------------------------------------------------------
Root cause in triggering tests:
 - com.google.javascript.jscomp.NodeUtilTest::testLocalValue1
   --> junit.framework.AssertionFailedError
 - com.google.javascript.jscomp.PureFunctionIdentifierTest::testLocalizedSideEffects8
   --> junit.framework.AssertionFailedError: expected:<[A]> but was:<[A, f]>
 - com.google.javascript.jscomp.PureFunctionIdentifierTest::testLocalizedSideEffects9
   --> junit.framework.AssertionFailedError: expected:<[A]> but was:<[A, f]>
 - com.google.javascript.jscomp.PureFunctionIdentifierTest::testAnnotationInExterns_new4
   --> junit.framework.AssertionFailedError: expected:<[externObjSEThis]> but was:<[externObjSEThis, NEW STRING externObjSEThisMethod]>
 - com.google.javascript.jscomp.PureFunctionIdentifierTest::testAnnotationInExterns_new6
   --> junit.framework.AssertionFailedError: expected:<[externObjSEThis]> but was:<[externObjSEThis, NEW STRING externObjSEThisMethod, f]>
 - com.google.javascript.jscomp.PureFunctionIdentifierTest::testIssue303b
   --> junit.framework.AssertionFailedError: expected:<[]> but was:<[NEW STRING setLocation]>
 - com.google.javascript.jscomp.PureFunctionIdentifierTest::testIssue303
   --> junit.framework.AssertionFailedError: expected:<[]> but was:<[NEW STRING setLocation]>
--------------------------------------------------------------------------------
List of modified sources:
 - com.google.javascript.jscomp.NodeUtil
--------------------------------------------------------------------------------
",https://storage.googleapis.com/google-code-archive/v2/code.google.com/closure-compiler/issues/issue-303.json,1,1,"
            Bug report URL: https://storage.googleapis.com/google-code-archive/v2/code.google.com/closure-compiler/issues/issue-303.json

            Original files:
            {}

            Instruction: Given bug report URL and Original files, fix the bug by rewriting the files in orignal files

            STRICTLY follow this format for each file. Do NOT add any extra text, explanations, or quotes. Repeat the format for multiple files.

            ---FILE_START---
            FILENAME: <full_file_name>
            CONTENT:
            <full file content here>
            ---FILE_END---
            
            "
Closure,87,"Summary of configuration for Project: Closure
--------------------------------------------------------------------------------
    Script dir: /Users/likhithasurakasi/defects4j/framework
      Base dir: /Users/likhithasurakasi/defects4j
    Major root: /Users/likhithasurakasi/defects4j/major
      Repo dir: /Users/likhithasurakasi/defects4j/project_repos
--------------------------------------------------------------------------------
    Project ID: Closure
       Program: closure-compiler
    Build file: /Users/likhithasurakasi/defects4j/framework/projects/Closure/Closure.build.xml
--------------------------------------------------------------------------------
           Vcs: Vcs::Git
    Repository: /Users/likhithasurakasi/defects4j/project_repos/closure-compiler.git
     Commit db: /Users/likhithasurakasi/defects4j/framework/projects/Closure/active-bugs.csv
Number of bugs: 174
--------------------------------------------------------------------------------

Summary for Bug: Closure-87
--------------------------------------------------------------------------------
Revision ID (fixed version):
f64a3f51bd346547ce6e1edb30601df73dff27d9
--------------------------------------------------------------------------------
Revision date (fixed version):
2010-12-14 23:17:54 +0000
--------------------------------------------------------------------------------
Bug report id:
291
--------------------------------------------------------------------------------
Bug report url:
https://storage.googleapis.com/google-code-archive/v2/code.google.com/closure-compiler/issues/issue-291.json
--------------------------------------------------------------------------------
Root cause in triggering tests:
 - com.google.javascript.jscomp.PeepholeSubstituteAlternateSyntaxTest::testIssue291
   --> junit.framework.AssertionFailedError: 
--------------------------------------------------------------------------------
List of modified sources:
 - com.google.javascript.jscomp.PeepholeSubstituteAlternateSyntax
--------------------------------------------------------------------------------
",https://storage.googleapis.com/google-code-archive/v2/code.google.com/closure-compiler/issues/issue-291.json,1,1,"
            Bug report URL: https://storage.googleapis.com/google-code-archive/v2/code.google.com/closure-compiler/issues/issue-291.json

            Original files:
            {}

            Instruction: Given bug report URL and Original files, fix the bug by rewriting the files in orignal files

            STRICTLY follow this format for each file. Do NOT add any extra text, explanations, or quotes. Repeat the format for multiple files.

            ---FILE_START---
            FILENAME: <full_file_name>
            CONTENT:
            <full file content here>
            ---FILE_END---
            
            "
Closure,88,"Summary of configuration for Project: Closure
--------------------------------------------------------------------------------
    Script dir: /Users/likhithasurakasi/defects4j/framework
      Base dir: /Users/likhithasurakasi/defects4j
    Major root: /Users/likhithasurakasi/defects4j/major
      Repo dir: /Users/likhithasurakasi/defects4j/project_repos
--------------------------------------------------------------------------------
    Project ID: Closure
       Program: closure-compiler
    Build file: /Users/likhithasurakasi/defects4j/framework/projects/Closure/Closure.build.xml
--------------------------------------------------------------------------------
           Vcs: Vcs::Git
    Repository: /Users/likhithasurakasi/defects4j/project_repos/closure-compiler.git
     Commit db: /Users/likhithasurakasi/defects4j/framework/projects/Closure/active-bugs.csv
Number of bugs: 174
--------------------------------------------------------------------------------

Summary for Bug: Closure-88
--------------------------------------------------------------------------------
Revision ID (fixed version):
6a17da87f9e132bdc147b33223826da040c77a6b
--------------------------------------------------------------------------------
Revision date (fixed version):
2010-12-14 19:51:37 +0000
--------------------------------------------------------------------------------
Bug report id:
297
--------------------------------------------------------------------------------
Bug report url:
https://storage.googleapis.com/google-code-archive/v2/code.google.com/closure-compiler/issues/issue-297.json
--------------------------------------------------------------------------------
Root cause in triggering tests:
 - com.google.javascript.jscomp.CommandLineRunnerTest::testIssue297
   --> junit.framework.AssertionFailedError: 
 - com.google.javascript.jscomp.DeadAssignmentsEliminationTest::testIssue297a
   --> junit.framework.AssertionFailedError: 
 - com.google.javascript.jscomp.DeadAssignmentsEliminationTest::testIssue297b
   --> junit.framework.AssertionFailedError: 
 - com.google.javascript.jscomp.DeadAssignmentsEliminationTest::testIssue297c
   --> junit.framework.AssertionFailedError: 
 - com.google.javascript.jscomp.DeadAssignmentsEliminationTest::testIssue297d
   --> junit.framework.AssertionFailedError: 
 - com.google.javascript.jscomp.DeadAssignmentsEliminationTest::testIssue297e
   --> junit.framework.AssertionFailedError: 
 - com.google.javascript.jscomp.DeadAssignmentsEliminationTest::testIssue297f
   --> junit.framework.AssertionFailedError: 
--------------------------------------------------------------------------------
List of modified sources:
 - com.google.javascript.jscomp.DeadAssignmentsElimination
--------------------------------------------------------------------------------
",https://storage.googleapis.com/google-code-archive/v2/code.google.com/closure-compiler/issues/issue-297.json,1,1,"
            Bug report URL: https://storage.googleapis.com/google-code-archive/v2/code.google.com/closure-compiler/issues/issue-297.json

            Original files:
            {}

            Instruction: Given bug report URL and Original files, fix the bug by rewriting the files in orignal files

            STRICTLY follow this format for each file. Do NOT add any extra text, explanations, or quotes. Repeat the format for multiple files.

            ---FILE_START---
            FILENAME: <full_file_name>
            CONTENT:
            <full file content here>
            ---FILE_END---
            
            "
Closure,89,"Summary of configuration for Project: Closure
--------------------------------------------------------------------------------
    Script dir: /Users/likhithasurakasi/defects4j/framework
      Base dir: /Users/likhithasurakasi/defects4j
    Major root: /Users/likhithasurakasi/defects4j/major
      Repo dir: /Users/likhithasurakasi/defects4j/project_repos
--------------------------------------------------------------------------------
    Project ID: Closure
       Program: closure-compiler
    Build file: /Users/likhithasurakasi/defects4j/framework/projects/Closure/Closure.build.xml
--------------------------------------------------------------------------------
           Vcs: Vcs::Git
    Repository: /Users/likhithasurakasi/defects4j/project_repos/closure-compiler.git
     Commit db: /Users/likhithasurakasi/defects4j/framework/projects/Closure/active-bugs.csv
Number of bugs: 174
--------------------------------------------------------------------------------

Summary for Bug: Closure-89
--------------------------------------------------------------------------------
Revision ID (fixed version):
4b065734d8afb5ab0d241ee5da22af0fa9d75ec3
--------------------------------------------------------------------------------
Revision date (fixed version):
2010-12-01 01:36:46 +0000
--------------------------------------------------------------------------------
Bug report id:
289
--------------------------------------------------------------------------------
Bug report url:
https://storage.googleapis.com/google-code-archive/v2/code.google.com/closure-compiler/issues/issue-289.json
--------------------------------------------------------------------------------
Root cause in triggering tests:
 - com.google.javascript.jscomp.CollapsePropertiesTest::testAddPropertyToChildOfUncollapsibleFunctionInLocalScope
   --> junit.framework.AssertionFailedError: 
 - com.google.javascript.jscomp.CollapsePropertiesTest::testAliasCreatedForFunctionDepth1_1
   --> junit.framework.AssertionFailedError: 
 - com.google.javascript.jscomp.CollapsePropertiesTest::testAliasCreatedForFunctionDepth1_2
   --> junit.framework.AssertionFailedError: 
 - com.google.javascript.jscomp.CollapsePropertiesTest::testAliasCreatedForFunctionDepth1_3
   --> junit.framework.AssertionFailedError: 
 - com.google.javascript.jscomp.CollapsePropertiesTest::testAddPropertyToUncollapsibleNamedCtorInLocalScopeDepth1
   --> junit.framework.AssertionFailedError: 
 - com.google.javascript.jscomp.CollapsePropertiesTest::testAddPropertyToUncollapsibleFunctionInLocalScopeDepth1
   --> junit.framework.AssertionFailedError: 
 - com.google.javascript.jscomp.CollapsePropertiesTest::testAddPropertyToUncollapsibleFunctionInLocalScopeDepth2
   --> junit.framework.AssertionFailedError: 
 - com.google.javascript.jscomp.CollapsePropertiesTest::testAliasCreatedForFunctionDepth2
   --> junit.framework.AssertionFailedError: 
--------------------------------------------------------------------------------
List of modified sources:
 - com.google.javascript.jscomp.CollapseProperties
 - com.google.javascript.jscomp.GlobalNamespace
--------------------------------------------------------------------------------
",https://storage.googleapis.com/google-code-archive/v2/code.google.com/closure-compiler/issues/issue-289.json,1,2,"
            Bug report URL: https://storage.googleapis.com/google-code-archive/v2/code.google.com/closure-compiler/issues/issue-289.json

            Original files:
            {}

            Instruction: Given bug report URL and Original files, fix the bug by rewriting the files in orignal files

            STRICTLY follow this format for each file. Do NOT add any extra text, explanations, or quotes. Repeat the format for multiple files.

            ---FILE_START---
            FILENAME: <full_file_name>
            CONTENT:
            <full file content here>
            ---FILE_END---
            
            "
Closure,90,"Summary of configuration for Project: Closure
--------------------------------------------------------------------------------
    Script dir: /Users/likhithasurakasi/defects4j/framework
      Base dir: /Users/likhithasurakasi/defects4j
    Major root: /Users/likhithasurakasi/defects4j/major
      Repo dir: /Users/likhithasurakasi/defects4j/project_repos
--------------------------------------------------------------------------------
    Project ID: Closure
       Program: closure-compiler
    Build file: /Users/likhithasurakasi/defects4j/framework/projects/Closure/Closure.build.xml
--------------------------------------------------------------------------------
           Vcs: Vcs::Git
    Repository: /Users/likhithasurakasi/defects4j/project_repos/closure-compiler.git
     Commit db: /Users/likhithasurakasi/defects4j/framework/projects/Closure/active-bugs.csv
Number of bugs: 174
--------------------------------------------------------------------------------

Summary for Bug: Closure-90
--------------------------------------------------------------------------------
Revision ID (fixed version):
c5e143f7df0c3d73f6634488cac8ad8e7054fe05
--------------------------------------------------------------------------------
Revision date (fixed version):
2010-11-01 16:00:27 +0000
--------------------------------------------------------------------------------
Bug report id:
274
--------------------------------------------------------------------------------
Bug report url:
https://storage.googleapis.com/google-code-archive/v2/code.google.com/closure-compiler/issues/issue-274.json
--------------------------------------------------------------------------------
Root cause in triggering tests:
 - com.google.javascript.jscomp.TypeCheckTest::testBackwardsTypedefUse8
   --> junit.framework.AssertionFailedError: unexpected warnings(s):
 - com.google.javascript.jscomp.TypeCheckTest::testBackwardsTypedefUse9
   --> junit.framework.ComparisonFailure: expected:<[actual parameter 1 of g does not match formal parameter
--------------------------------------------------------------------------------
List of modified sources:
 - com.google.javascript.jscomp.FunctionTypeBuilder
 - com.google.javascript.rhino.jstype.FunctionType
--------------------------------------------------------------------------------
",https://storage.googleapis.com/google-code-archive/v2/code.google.com/closure-compiler/issues/issue-274.json,1,2,"
            Bug report URL: https://storage.googleapis.com/google-code-archive/v2/code.google.com/closure-compiler/issues/issue-274.json

            Original files:
            {}

            Instruction: Given bug report URL and Original files, fix the bug by rewriting the files in orignal files

            STRICTLY follow this format for each file. Do NOT add any extra text, explanations, or quotes. Repeat the format for multiple files.

            ---FILE_START---
            FILENAME: <full_file_name>
            CONTENT:
            <full file content here>
            ---FILE_END---
            
            "
Closure,91,"Summary of configuration for Project: Closure
--------------------------------------------------------------------------------
    Script dir: /Users/likhithasurakasi/defects4j/framework
      Base dir: /Users/likhithasurakasi/defects4j
    Major root: /Users/likhithasurakasi/defects4j/major
      Repo dir: /Users/likhithasurakasi/defects4j/project_repos
--------------------------------------------------------------------------------
    Project ID: Closure
       Program: closure-compiler
    Build file: /Users/likhithasurakasi/defects4j/framework/projects/Closure/Closure.build.xml
--------------------------------------------------------------------------------
           Vcs: Vcs::Git
    Repository: /Users/likhithasurakasi/defects4j/project_repos/closure-compiler.git
     Commit db: /Users/likhithasurakasi/defects4j/framework/projects/Closure/active-bugs.csv
Number of bugs: 174
--------------------------------------------------------------------------------

Summary for Bug: Closure-91
--------------------------------------------------------------------------------
Revision ID (fixed version):
7eb2d84de101a125d41d3a1157f4eed789ca4a0d
--------------------------------------------------------------------------------
Revision date (fixed version):
2010-10-22 22:22:01 +0000
--------------------------------------------------------------------------------
Bug report id:
248
--------------------------------------------------------------------------------
Bug report url:
https://storage.googleapis.com/google-code-archive/v2/code.google.com/closure-compiler/issues/issue-248.json
--------------------------------------------------------------------------------
Root cause in triggering tests:
 - com.google.javascript.jscomp.CheckGlobalThisTest::testLendsAnnotation3
   --> junit.framework.AssertionFailedError: Unexpected error(s): JSC_USED_GLOBAL_THIS. dangerous use of the global this object at testcode line 1 : 110 expected:<0> but was:<1>
--------------------------------------------------------------------------------
List of modified sources:
 - com.google.javascript.jscomp.CheckGlobalThis
--------------------------------------------------------------------------------
",https://storage.googleapis.com/google-code-archive/v2/code.google.com/closure-compiler/issues/issue-248.json,1,1,"
            Bug report URL: https://storage.googleapis.com/google-code-archive/v2/code.google.com/closure-compiler/issues/issue-248.json

            Original files:
            {}

            Instruction: Given bug report URL and Original files, fix the bug by rewriting the files in orignal files

            STRICTLY follow this format for each file. Do NOT add any extra text, explanations, or quotes. Repeat the format for multiple files.

            ---FILE_START---
            FILENAME: <full_file_name>
            CONTENT:
            <full file content here>
            ---FILE_END---
            
            "
Closure,92,"Summary of configuration for Project: Closure
--------------------------------------------------------------------------------
    Script dir: /Users/likhithasurakasi/defects4j/framework
      Base dir: /Users/likhithasurakasi/defects4j
    Major root: /Users/likhithasurakasi/defects4j/major
      Repo dir: /Users/likhithasurakasi/defects4j/project_repos
--------------------------------------------------------------------------------
    Project ID: Closure
       Program: closure-compiler
    Build file: /Users/likhithasurakasi/defects4j/framework/projects/Closure/Closure.build.xml
--------------------------------------------------------------------------------
           Vcs: Vcs::Git
    Repository: /Users/likhithasurakasi/defects4j/project_repos/closure-compiler.git
     Commit db: /Users/likhithasurakasi/defects4j/framework/projects/Closure/active-bugs.csv
Number of bugs: 174
--------------------------------------------------------------------------------

Summary for Bug: Closure-92
--------------------------------------------------------------------------------
Revision ID (fixed version):
8980b60033b1c6853cbca593ec89d3d332adf7dc
--------------------------------------------------------------------------------
Revision date (fixed version):
2010-10-15 17:51:45 +0000
--------------------------------------------------------------------------------
Bug report id:
261
--------------------------------------------------------------------------------
Bug report url:
https://storage.googleapis.com/google-code-archive/v2/code.google.com/closure-compiler/issues/issue-261.json
--------------------------------------------------------------------------------
Root cause in triggering tests:
 - com.google.javascript.jscomp.ProcessClosurePrimitivesTest::testProvideInIndependentModules4
   --> junit.framework.AssertionFailedError: 
--------------------------------------------------------------------------------
List of modified sources:
 - com.google.javascript.jscomp.ProcessClosurePrimitives
--------------------------------------------------------------------------------
",https://storage.googleapis.com/google-code-archive/v2/code.google.com/closure-compiler/issues/issue-261.json,1,1,"
            Bug report URL: https://storage.googleapis.com/google-code-archive/v2/code.google.com/closure-compiler/issues/issue-261.json

            Original files:
            {}

            Instruction: Given bug report URL and Original files, fix the bug by rewriting the files in orignal files

            STRICTLY follow this format for each file. Do NOT add any extra text, explanations, or quotes. Repeat the format for multiple files.

            ---FILE_START---
            FILENAME: <full_file_name>
            CONTENT:
            <full file content here>
            ---FILE_END---
            
            "
Closure,94,"Summary of configuration for Project: Closure
--------------------------------------------------------------------------------
    Script dir: /Users/likhithasurakasi/defects4j/framework
      Base dir: /Users/likhithasurakasi/defects4j
    Major root: /Users/likhithasurakasi/defects4j/major
      Repo dir: /Users/likhithasurakasi/defects4j/project_repos
--------------------------------------------------------------------------------
    Project ID: Closure
       Program: closure-compiler
    Build file: /Users/likhithasurakasi/defects4j/framework/projects/Closure/Closure.build.xml
--------------------------------------------------------------------------------
           Vcs: Vcs::Git
    Repository: /Users/likhithasurakasi/defects4j/project_repos/closure-compiler.git
     Commit db: /Users/likhithasurakasi/defects4j/framework/projects/Closure/active-bugs.csv
Number of bugs: 174
--------------------------------------------------------------------------------

Summary for Bug: Closure-94
--------------------------------------------------------------------------------
Revision ID (fixed version):
7cc748592670105f9d783b1b85f0f27e938db4ff
--------------------------------------------------------------------------------
Revision date (fixed version):
2010-10-01 23:37:19 +0000
--------------------------------------------------------------------------------
Bug report id:
255
--------------------------------------------------------------------------------
Bug report url:
https://storage.googleapis.com/google-code-archive/v2/code.google.com/closure-compiler/issues/issue-255.json
--------------------------------------------------------------------------------
Root cause in triggering tests:
 - com.google.javascript.jscomp.NodeUtilTest::testValidDefine
   --> junit.framework.AssertionFailedError
 - com.google.javascript.jscomp.ProcessDefinesTest::testOverridingString1
   --> junit.framework.AssertionFailedError: Unexpected error(s): JSC_INVALID_DEFINE_INIT_ERROR. illegal initialization of @define variable DEF_OVERRIDE_STRING at testcode line 1 : 54 expected:<0> but was:<1>
 - com.google.javascript.jscomp.ProcessDefinesTest::testOverridingString3
   --> junit.framework.AssertionFailedError: Unexpected error(s): JSC_INVALID_DEFINE_INIT_ERROR. illegal initialization of @define variable DEF_OVERRIDE_STRING at testcode line 1 : 54 expected:<0> but was:<1>
--------------------------------------------------------------------------------
List of modified sources:
 - com.google.javascript.jscomp.NodeUtil
--------------------------------------------------------------------------------
",https://storage.googleapis.com/google-code-archive/v2/code.google.com/closure-compiler/issues/issue-255.json,1,1,"
            Bug report URL: https://storage.googleapis.com/google-code-archive/v2/code.google.com/closure-compiler/issues/issue-255.json

            Original files:
            {}

            Instruction: Given bug report URL and Original files, fix the bug by rewriting the files in orignal files

            STRICTLY follow this format for each file. Do NOT add any extra text, explanations, or quotes. Repeat the format for multiple files.

            ---FILE_START---
            FILENAME: <full_file_name>
            CONTENT:
            <full file content here>
            ---FILE_END---
            
            "
Closure,95,"Summary of configuration for Project: Closure
--------------------------------------------------------------------------------
    Script dir: /Users/likhithasurakasi/defects4j/framework
      Base dir: /Users/likhithasurakasi/defects4j
    Major root: /Users/likhithasurakasi/defects4j/major
      Repo dir: /Users/likhithasurakasi/defects4j/project_repos
--------------------------------------------------------------------------------
    Project ID: Closure
       Program: closure-compiler
    Build file: /Users/likhithasurakasi/defects4j/framework/projects/Closure/Closure.build.xml
--------------------------------------------------------------------------------
           Vcs: Vcs::Git
    Repository: /Users/likhithasurakasi/defects4j/project_repos/closure-compiler.git
     Commit db: /Users/likhithasurakasi/defects4j/framework/projects/Closure/active-bugs.csv
Number of bugs: 174
--------------------------------------------------------------------------------

Summary for Bug: Closure-95
--------------------------------------------------------------------------------
Revision ID (fixed version):
f6607996d6d3bd6820ce3848d147991b27600a12
--------------------------------------------------------------------------------
Revision date (fixed version):
2010-09-15 14:50:36 +0000
--------------------------------------------------------------------------------
Bug report id:
66
--------------------------------------------------------------------------------
Bug report url:
https://storage.googleapis.com/google-code-archive/v2/code.google.com/closure-compiler/issues/issue-66.json
--------------------------------------------------------------------------------
Root cause in triggering tests:
 - com.google.javascript.jscomp.TypeCheckTest::testQualifiedNameInference5
   --> junit.framework.AssertionFailedError: expected a warning
 - com.google.javascript.jscomp.TypedScopeCreatorTest::testGlobalQualifiedNameInLocalScope
   --> junit.framework.AssertionFailedError
--------------------------------------------------------------------------------
List of modified sources:
 - com.google.javascript.jscomp.TypedScopeCreator
--------------------------------------------------------------------------------
",https://storage.googleapis.com/google-code-archive/v2/code.google.com/closure-compiler/issues/issue-66.json,1,1,"
            Bug report URL: https://storage.googleapis.com/google-code-archive/v2/code.google.com/closure-compiler/issues/issue-66.json

            Original files:
            {}

            Instruction: Given bug report URL and Original files, fix the bug by rewriting the files in orignal files

            STRICTLY follow this format for each file. Do NOT add any extra text, explanations, or quotes. Repeat the format for multiple files.

            ---FILE_START---
            FILENAME: <full_file_name>
            CONTENT:
            <full file content here>
            ---FILE_END---
            
            "
Closure,96,"Summary of configuration for Project: Closure
--------------------------------------------------------------------------------
    Script dir: /Users/likhithasurakasi/defects4j/framework
      Base dir: /Users/likhithasurakasi/defects4j
    Major root: /Users/likhithasurakasi/defects4j/major
      Repo dir: /Users/likhithasurakasi/defects4j/project_repos
--------------------------------------------------------------------------------
    Project ID: Closure
       Program: closure-compiler
    Build file: /Users/likhithasurakasi/defects4j/framework/projects/Closure/Closure.build.xml
--------------------------------------------------------------------------------
           Vcs: Vcs::Git
    Repository: /Users/likhithasurakasi/defects4j/project_repos/closure-compiler.git
     Commit db: /Users/likhithasurakasi/defects4j/framework/projects/Closure/active-bugs.csv
Number of bugs: 174
--------------------------------------------------------------------------------

Summary for Bug: Closure-96
--------------------------------------------------------------------------------
Revision ID (fixed version):
807aaf2569e9eb09761068c5aeb95654daea30d9
--------------------------------------------------------------------------------
Revision date (fixed version):
2010-09-02 16:49:07 +0000
--------------------------------------------------------------------------------
Bug report id:
229
--------------------------------------------------------------------------------
Bug report url:
https://storage.googleapis.com/google-code-archive/v2/code.google.com/closure-compiler/issues/issue-229.json
--------------------------------------------------------------------------------
Root cause in triggering tests:
 - com.google.javascript.jscomp.TypeCheckTest::testFunctionArguments16
   --> junit.framework.AssertionFailedError: expected a warning
--------------------------------------------------------------------------------
List of modified sources:
 - com.google.javascript.jscomp.TypeCheck
--------------------------------------------------------------------------------
",https://storage.googleapis.com/google-code-archive/v2/code.google.com/closure-compiler/issues/issue-229.json,1,1,"
            Bug report URL: https://storage.googleapis.com/google-code-archive/v2/code.google.com/closure-compiler/issues/issue-229.json

            Original files:
            {}

            Instruction: Given bug report URL and Original files, fix the bug by rewriting the files in orignal files

            STRICTLY follow this format for each file. Do NOT add any extra text, explanations, or quotes. Repeat the format for multiple files.

            ---FILE_START---
            FILENAME: <full_file_name>
            CONTENT:
            <full file content here>
            ---FILE_END---
            
            "
Closure,97,"Summary of configuration for Project: Closure
--------------------------------------------------------------------------------
    Script dir: /Users/likhithasurakasi/defects4j/framework
      Base dir: /Users/likhithasurakasi/defects4j
    Major root: /Users/likhithasurakasi/defects4j/major
      Repo dir: /Users/likhithasurakasi/defects4j/project_repos
--------------------------------------------------------------------------------
    Project ID: Closure
       Program: closure-compiler
    Build file: /Users/likhithasurakasi/defects4j/framework/projects/Closure/Closure.build.xml
--------------------------------------------------------------------------------
           Vcs: Vcs::Git
    Repository: /Users/likhithasurakasi/defects4j/project_repos/closure-compiler.git
     Commit db: /Users/likhithasurakasi/defects4j/framework/projects/Closure/active-bugs.csv
Number of bugs: 174
--------------------------------------------------------------------------------

Summary for Bug: Closure-97
--------------------------------------------------------------------------------
Revision ID (fixed version):
ee749e286b477f8d6f53ff5960a38453baf50f31
--------------------------------------------------------------------------------
Revision date (fixed version):
2010-07-19 23:41:45 +0000
--------------------------------------------------------------------------------
Bug report id:
200
--------------------------------------------------------------------------------
Bug report url:
https://storage.googleapis.com/google-code-archive/v2/code.google.com/closure-compiler/issues/issue-200.json
--------------------------------------------------------------------------------
Root cause in triggering tests:
 - com.google.javascript.jscomp.PeepholeFoldConstantsTest::testFoldBitShifts
   --> junit.framework.AssertionFailedError: 
--------------------------------------------------------------------------------
List of modified sources:
 - com.google.javascript.jscomp.PeepholeFoldConstants
--------------------------------------------------------------------------------
",https://storage.googleapis.com/google-code-archive/v2/code.google.com/closure-compiler/issues/issue-200.json,1,1,"
            Bug report URL: https://storage.googleapis.com/google-code-archive/v2/code.google.com/closure-compiler/issues/issue-200.json

            Original files:
            {}

            Instruction: Given bug report URL and Original files, fix the bug by rewriting the files in orignal files

            STRICTLY follow this format for each file. Do NOT add any extra text, explanations, or quotes. Repeat the format for multiple files.

            ---FILE_START---
            FILENAME: <full_file_name>
            CONTENT:
            <full file content here>
            ---FILE_END---
            
            "
Closure,98,"Summary of configuration for Project: Closure
--------------------------------------------------------------------------------
    Script dir: /Users/likhithasurakasi/defects4j/framework
      Base dir: /Users/likhithasurakasi/defects4j
    Major root: /Users/likhithasurakasi/defects4j/major
      Repo dir: /Users/likhithasurakasi/defects4j/project_repos
--------------------------------------------------------------------------------
    Project ID: Closure
       Program: closure-compiler
    Build file: /Users/likhithasurakasi/defects4j/framework/projects/Closure/Closure.build.xml
--------------------------------------------------------------------------------
           Vcs: Vcs::Git
    Repository: /Users/likhithasurakasi/defects4j/project_repos/closure-compiler.git
     Commit db: /Users/likhithasurakasi/defects4j/framework/projects/Closure/active-bugs.csv
Number of bugs: 174
--------------------------------------------------------------------------------

Summary for Bug: Closure-98
--------------------------------------------------------------------------------
Revision ID (fixed version):
d1df970451b5a18956448097b3afb43f3a82263d
--------------------------------------------------------------------------------
Revision date (fixed version):
2010-06-10 20:12:38 +0000
--------------------------------------------------------------------------------
Bug report id:
174
--------------------------------------------------------------------------------
Bug report url:
https://storage.googleapis.com/google-code-archive/v2/code.google.com/closure-compiler/issues/issue-174.json
--------------------------------------------------------------------------------
Root cause in triggering tests:
 - com.google.javascript.jscomp.InlineVariablesTest::testNoInlineAliasesInLoop
   --> junit.framework.AssertionFailedError: 
--------------------------------------------------------------------------------
List of modified sources:
 - com.google.javascript.jscomp.ReferenceCollectingCallback
--------------------------------------------------------------------------------
",https://storage.googleapis.com/google-code-archive/v2/code.google.com/closure-compiler/issues/issue-174.json,1,1,"
            Bug report URL: https://storage.googleapis.com/google-code-archive/v2/code.google.com/closure-compiler/issues/issue-174.json

            Original files:
            {}

            Instruction: Given bug report URL and Original files, fix the bug by rewriting the files in orignal files

            STRICTLY follow this format for each file. Do NOT add any extra text, explanations, or quotes. Repeat the format for multiple files.

            ---FILE_START---
            FILENAME: <full_file_name>
            CONTENT:
            <full file content here>
            ---FILE_END---
            
            "
Closure,99,"Summary of configuration for Project: Closure
--------------------------------------------------------------------------------
    Script dir: /Users/likhithasurakasi/defects4j/framework
      Base dir: /Users/likhithasurakasi/defects4j
    Major root: /Users/likhithasurakasi/defects4j/major
      Repo dir: /Users/likhithasurakasi/defects4j/project_repos
--------------------------------------------------------------------------------
    Project ID: Closure
       Program: closure-compiler
    Build file: /Users/likhithasurakasi/defects4j/framework/projects/Closure/Closure.build.xml
--------------------------------------------------------------------------------
           Vcs: Vcs::Git
    Repository: /Users/likhithasurakasi/defects4j/project_repos/closure-compiler.git
     Commit db: /Users/likhithasurakasi/defects4j/framework/projects/Closure/active-bugs.csv
Number of bugs: 174
--------------------------------------------------------------------------------

Summary for Bug: Closure-99
--------------------------------------------------------------------------------
Revision ID (fixed version):
8aa879a4eeb18cfc8d13e6c843a32b7f41ccd516
--------------------------------------------------------------------------------
Revision date (fixed version):
2010-06-04 18:47:05 +0000
--------------------------------------------------------------------------------
Bug report id:
125
--------------------------------------------------------------------------------
Bug report url:
https://storage.googleapis.com/google-code-archive/v2/code.google.com/closure-compiler/issues/issue-125.json
--------------------------------------------------------------------------------
Root cause in triggering tests:
 - com.google.javascript.jscomp.CheckGlobalThisTest::testPropertyOfMethod
   --> junit.framework.AssertionFailedError: There should be one error.  expected:<1> but was:<0>
 - com.google.javascript.jscomp.CheckGlobalThisTest::testMethod4
   --> junit.framework.AssertionFailedError: Unexpected error(s): JSC_USED_GLOBAL_THIS. dangerous use of the global this object at testcode line 1 : 39 expected:<0> but was:<1>
 - com.google.javascript.jscomp.CheckGlobalThisTest::testInterface1
   --> junit.framework.AssertionFailedError: Unexpected error(s): JSC_USED_GLOBAL_THIS. dangerous use of the global this object at testcode line 1 : 54 expected:<0> but was:<1>
--------------------------------------------------------------------------------
List of modified sources:
 - com.google.javascript.jscomp.CheckGlobalThis
--------------------------------------------------------------------------------
",https://storage.googleapis.com/google-code-archive/v2/code.google.com/closure-compiler/issues/issue-125.json,1,1,"
            Bug report URL: https://storage.googleapis.com/google-code-archive/v2/code.google.com/closure-compiler/issues/issue-125.json

            Original files:
            {}

            Instruction: Given bug report URL and Original files, fix the bug by rewriting the files in orignal files

            STRICTLY follow this format for each file. Do NOT add any extra text, explanations, or quotes. Repeat the format for multiple files.

            ---FILE_START---
            FILENAME: <full_file_name>
            CONTENT:
            <full file content here>
            ---FILE_END---
            
            "
Closure,100,"Summary of configuration for Project: Closure
--------------------------------------------------------------------------------
    Script dir: /Users/likhithasurakasi/defects4j/framework
      Base dir: /Users/likhithasurakasi/defects4j
    Major root: /Users/likhithasurakasi/defects4j/major
      Repo dir: /Users/likhithasurakasi/defects4j/project_repos
--------------------------------------------------------------------------------
    Project ID: Closure
       Program: closure-compiler
    Build file: /Users/likhithasurakasi/defects4j/framework/projects/Closure/Closure.build.xml
--------------------------------------------------------------------------------
           Vcs: Vcs::Git
    Repository: /Users/likhithasurakasi/defects4j/project_repos/closure-compiler.git
     Commit db: /Users/likhithasurakasi/defects4j/framework/projects/Closure/active-bugs.csv
Number of bugs: 174
--------------------------------------------------------------------------------

Summary for Bug: Closure-100
--------------------------------------------------------------------------------
Revision ID (fixed version):
6d00ac1a68612aade8a19d7ecc9b180f00ae5234
--------------------------------------------------------------------------------
Revision date (fixed version):
2010-05-28 05:18:30 +0000
--------------------------------------------------------------------------------
Bug report id:
144
--------------------------------------------------------------------------------
Bug report url:
https://storage.googleapis.com/google-code-archive/v2/code.google.com/closure-compiler/issues/issue-144.json
--------------------------------------------------------------------------------
Root cause in triggering tests:
 - com.google.javascript.jscomp.CheckGlobalThisTest::testStaticFunction6
   --> junit.framework.AssertionFailedError: Unexpected error(s): JSC_USED_GLOBAL_THIS. dangerous use of the global this object at testcode line 1 : 35 expected:<0> but was:<1>
 - com.google.javascript.jscomp.CheckGlobalThisTest::testStaticFunction7
   --> junit.framework.AssertionFailedError: Unexpected error(s): JSC_USED_GLOBAL_THIS. dangerous use of the global this object at testcode line 1 : 41 expected:<0> but was:<1>
 - com.google.javascript.jscomp.CheckGlobalThisTest::testStaticFunction8
   --> junit.framework.AssertionFailedError: There should be one error.  expected:<1> but was:<0>
 - com.google.javascript.jscomp.CheckGlobalThisTest::testGlobalThis7
   --> junit.framework.AssertionFailedError: There should be one error.  expected:<1> but was:<0>
 - com.google.javascript.jscomp.CheckGlobalThisTest::testStaticMethod2
   --> junit.framework.AssertionFailedError: Unexpected error(s): JSC_USED_GLOBAL_THIS. dangerous use of the global this object at testcode line 1 : 39 expected:<0> but was:<1>
 - com.google.javascript.jscomp.CheckGlobalThisTest::testStaticMethod3
   --> junit.framework.AssertionFailedError: Unexpected error(s): JSC_USED_GLOBAL_THIS. dangerous use of the global this object at testcode line 1 : 41 expected:<0> but was:<1>
 - com.google.javascript.jscomp.CheckGlobalThisTest::testInnerFunction1
   --> junit.framework.AssertionFailedError: There should be one error.  expected:<1> but was:<0>
 - com.google.javascript.jscomp.CheckGlobalThisTest::testInnerFunction2
   --> junit.framework.AssertionFailedError: There should be one error.  expected:<1> but was:<0>
 - com.google.javascript.jscomp.CheckGlobalThisTest::testInnerFunction3
   --> junit.framework.AssertionFailedError: There should be one error.  expected:<1> but was:<0>
--------------------------------------------------------------------------------
List of modified sources:
 - com.google.javascript.jscomp.CheckGlobalThis
--------------------------------------------------------------------------------
",https://storage.googleapis.com/google-code-archive/v2/code.google.com/closure-compiler/issues/issue-144.json,1,1,"
            Bug report URL: https://storage.googleapis.com/google-code-archive/v2/code.google.com/closure-compiler/issues/issue-144.json

            Original files:
            {}

            Instruction: Given bug report URL and Original files, fix the bug by rewriting the files in orignal files

            STRICTLY follow this format for each file. Do NOT add any extra text, explanations, or quotes. Repeat the format for multiple files.

            ---FILE_START---
            FILENAME: <full_file_name>
            CONTENT:
            <full file content here>
            ---FILE_END---
            
            "
Closure,101,"Summary of configuration for Project: Closure
--------------------------------------------------------------------------------
    Script dir: /Users/likhithasurakasi/defects4j/framework
      Base dir: /Users/likhithasurakasi/defects4j
    Major root: /Users/likhithasurakasi/defects4j/major
      Repo dir: /Users/likhithasurakasi/defects4j/project_repos
--------------------------------------------------------------------------------
    Project ID: Closure
       Program: closure-compiler
    Build file: /Users/likhithasurakasi/defects4j/framework/projects/Closure/Closure.build.xml
--------------------------------------------------------------------------------
           Vcs: Vcs::Git
    Repository: /Users/likhithasurakasi/defects4j/project_repos/closure-compiler.git
     Commit db: /Users/likhithasurakasi/defects4j/framework/projects/Closure/active-bugs.csv
Number of bugs: 174
--------------------------------------------------------------------------------

Summary for Bug: Closure-101
--------------------------------------------------------------------------------
Revision ID (fixed version):
369282db85567f1bf2c9635d0c0043d47f114814
--------------------------------------------------------------------------------
Revision date (fixed version):
2010-03-24 00:40:59 +0000
--------------------------------------------------------------------------------
Bug report id:
130
--------------------------------------------------------------------------------
Bug report url:
https://storage.googleapis.com/google-code-archive/v2/code.google.com/closure-compiler/issues/issue-130.json
--------------------------------------------------------------------------------
Root cause in triggering tests:
 - com.google.javascript.jscomp.CommandLineRunnerTest::testProcessClosurePrimitives
   --> junit.framework.AssertionFailedError: 
--------------------------------------------------------------------------------
List of modified sources:
 - com.google.javascript.jscomp.CommandLineRunner
--------------------------------------------------------------------------------
",https://storage.googleapis.com/google-code-archive/v2/code.google.com/closure-compiler/issues/issue-130.json,1,1,"
            Bug report URL: https://storage.googleapis.com/google-code-archive/v2/code.google.com/closure-compiler/issues/issue-130.json

            Original files:
            {}

            Instruction: Given bug report URL and Original files, fix the bug by rewriting the files in orignal files

            STRICTLY follow this format for each file. Do NOT add any extra text, explanations, or quotes. Repeat the format for multiple files.

            ---FILE_START---
            FILENAME: <full_file_name>
            CONTENT:
            <full file content here>
            ---FILE_END---
            
            "
Closure,102,"Summary of configuration for Project: Closure
--------------------------------------------------------------------------------
    Script dir: /Users/likhithasurakasi/defects4j/framework
      Base dir: /Users/likhithasurakasi/defects4j
    Major root: /Users/likhithasurakasi/defects4j/major
      Repo dir: /Users/likhithasurakasi/defects4j/project_repos
--------------------------------------------------------------------------------
    Project ID: Closure
       Program: closure-compiler
    Build file: /Users/likhithasurakasi/defects4j/framework/projects/Closure/Closure.build.xml
--------------------------------------------------------------------------------
           Vcs: Vcs::Git
    Repository: /Users/likhithasurakasi/defects4j/project_repos/closure-compiler.git
     Commit db: /Users/likhithasurakasi/defects4j/framework/projects/Closure/active-bugs.csv
Number of bugs: 174
--------------------------------------------------------------------------------

Summary for Bug: Closure-102
--------------------------------------------------------------------------------
Revision ID (fixed version):
d48c365ba8251057a71a2e2b7aabff640209e31b
--------------------------------------------------------------------------------
Revision date (fixed version):
2010-02-26 15:11:05 +0000
--------------------------------------------------------------------------------
Bug report id:
115
--------------------------------------------------------------------------------
Bug report url:
https://storage.googleapis.com/google-code-archive/v2/code.google.com/closure-compiler/issues/issue-115.json
--------------------------------------------------------------------------------
Root cause in triggering tests:
 - com.google.javascript.jscomp.CompilerRunnerTest::testIssue115
   --> junit.framework.AssertionFailedError: 
--------------------------------------------------------------------------------
List of modified sources:
 - com.google.javascript.jscomp.Normalize
--------------------------------------------------------------------------------
",https://storage.googleapis.com/google-code-archive/v2/code.google.com/closure-compiler/issues/issue-115.json,1,1,"
            Bug report URL: https://storage.googleapis.com/google-code-archive/v2/code.google.com/closure-compiler/issues/issue-115.json

            Original files:
            {}

            Instruction: Given bug report URL and Original files, fix the bug by rewriting the files in orignal files

            STRICTLY follow this format for each file. Do NOT add any extra text, explanations, or quotes. Repeat the format for multiple files.

            ---FILE_START---
            FILENAME: <full_file_name>
            CONTENT:
            <full file content here>
            ---FILE_END---
            
            "
Closure,103,"Summary of configuration for Project: Closure
--------------------------------------------------------------------------------
    Script dir: /Users/likhithasurakasi/defects4j/framework
      Base dir: /Users/likhithasurakasi/defects4j
    Major root: /Users/likhithasurakasi/defects4j/major
      Repo dir: /Users/likhithasurakasi/defects4j/project_repos
--------------------------------------------------------------------------------
    Project ID: Closure
       Program: closure-compiler
    Build file: /Users/likhithasurakasi/defects4j/framework/projects/Closure/Closure.build.xml
--------------------------------------------------------------------------------
           Vcs: Vcs::Git
    Repository: /Users/likhithasurakasi/defects4j/project_repos/closure-compiler.git
     Commit db: /Users/likhithasurakasi/defects4j/framework/projects/Closure/active-bugs.csv
Number of bugs: 174
--------------------------------------------------------------------------------

Summary for Bug: Closure-103
--------------------------------------------------------------------------------
Revision ID (fixed version):
2f5cb1622371de540fe20dcbe0411651ec89f952
--------------------------------------------------------------------------------
Revision date (fixed version):
2010-02-23 01:07:42 +0000
--------------------------------------------------------------------------------
Bug report id:
113
--------------------------------------------------------------------------------
Bug report url:
https://storage.googleapis.com/google-code-archive/v2/code.google.com/closure-compiler/issues/issue-113.json
--------------------------------------------------------------------------------
Root cause in triggering tests:
 - com.google.javascript.jscomp.CheckUnreachableCodeTest::testInstanceOfThrowsException
   --> junit.framework.AssertionFailedError: Unexpected error(s): JSC_UNREACHABLE_CODE. unreachable code at testcode line 1 expected:<0> but was:<1>
 - com.google.javascript.jscomp.ControlFlowAnalysisTest::testInstanceOf
   --> junit.framework.AssertionFailedError: No cross edges found
 - com.google.javascript.jscomp.DisambiguatePropertiesTest::testSupertypeReferenceOfSubtypeProperty
   --> junit.framework.AssertionFailedError: 
--------------------------------------------------------------------------------
List of modified sources:
 - com.google.javascript.jscomp.ControlFlowAnalysis
 - com.google.javascript.jscomp.DisambiguateProperties
--------------------------------------------------------------------------------
",https://storage.googleapis.com/google-code-archive/v2/code.google.com/closure-compiler/issues/issue-113.json,1,2,"
            Bug report URL: https://storage.googleapis.com/google-code-archive/v2/code.google.com/closure-compiler/issues/issue-113.json

            Original files:
            {}

            Instruction: Given bug report URL and Original files, fix the bug by rewriting the files in orignal files

            STRICTLY follow this format for each file. Do NOT add any extra text, explanations, or quotes. Repeat the format for multiple files.

            ---FILE_START---
            FILENAME: <full_file_name>
            CONTENT:
            <full file content here>
            ---FILE_END---
            
            "
Closure,104,"Summary of configuration for Project: Closure
--------------------------------------------------------------------------------
    Script dir: /Users/likhithasurakasi/defects4j/framework
      Base dir: /Users/likhithasurakasi/defects4j
    Major root: /Users/likhithasurakasi/defects4j/major
      Repo dir: /Users/likhithasurakasi/defects4j/project_repos
--------------------------------------------------------------------------------
    Project ID: Closure
       Program: closure-compiler
    Build file: /Users/likhithasurakasi/defects4j/framework/projects/Closure/Closure.build.xml
--------------------------------------------------------------------------------
           Vcs: Vcs::Git
    Repository: /Users/likhithasurakasi/defects4j/project_repos/closure-compiler.git
     Commit db: /Users/likhithasurakasi/defects4j/framework/projects/Closure/active-bugs.csv
Number of bugs: 174
--------------------------------------------------------------------------------

Summary for Bug: Closure-104
--------------------------------------------------------------------------------
Revision ID (fixed version):
67289ae4cbaba3ae70cd2e8fb92f3f2898039dfb
--------------------------------------------------------------------------------
Revision date (fixed version):
2010-02-22 22:55:41 +0000
--------------------------------------------------------------------------------
Bug report id:
114
--------------------------------------------------------------------------------
Bug report url:
https://storage.googleapis.com/google-code-archive/v2/code.google.com/closure-compiler/issues/issue-114.json
--------------------------------------------------------------------------------
Root cause in triggering tests:
 - com.google.javascript.rhino.jstype.UnionTypeTest::testGreatestSubtypeUnionTypes5
   --> junit.framework.AssertionFailedError: expected:<NoObject> but was:<None>
--------------------------------------------------------------------------------
List of modified sources:
 - com.google.javascript.rhino.jstype.UnionType
--------------------------------------------------------------------------------
",https://storage.googleapis.com/google-code-archive/v2/code.google.com/closure-compiler/issues/issue-114.json,1,1,"
            Bug report URL: https://storage.googleapis.com/google-code-archive/v2/code.google.com/closure-compiler/issues/issue-114.json

            Original files:
            {}

            Instruction: Given bug report URL and Original files, fix the bug by rewriting the files in orignal files

            STRICTLY follow this format for each file. Do NOT add any extra text, explanations, or quotes. Repeat the format for multiple files.

            ---FILE_START---
            FILENAME: <full_file_name>
            CONTENT:
            <full file content here>
            ---FILE_END---
            
            "
Closure,105,"Summary of configuration for Project: Closure
--------------------------------------------------------------------------------
    Script dir: /Users/likhithasurakasi/defects4j/framework
      Base dir: /Users/likhithasurakasi/defects4j
    Major root: /Users/likhithasurakasi/defects4j/major
      Repo dir: /Users/likhithasurakasi/defects4j/project_repos
--------------------------------------------------------------------------------
    Project ID: Closure
       Program: closure-compiler
    Build file: /Users/likhithasurakasi/defects4j/framework/projects/Closure/Closure.build.xml
--------------------------------------------------------------------------------
           Vcs: Vcs::Git
    Repository: /Users/likhithasurakasi/defects4j/project_repos/closure-compiler.git
     Commit db: /Users/likhithasurakasi/defects4j/framework/projects/Closure/active-bugs.csv
Number of bugs: 174
--------------------------------------------------------------------------------

Summary for Bug: Closure-105
--------------------------------------------------------------------------------
Revision ID (fixed version):
113a08f59e8116fb11a7d4ceb11d5bb09b74ac3c
--------------------------------------------------------------------------------
Revision date (fixed version):
2010-02-09 21:33:10 +0000
--------------------------------------------------------------------------------
Bug report id:
106
--------------------------------------------------------------------------------
Bug report url:
https://storage.googleapis.com/google-code-archive/v2/code.google.com/closure-compiler/issues/issue-106.json
--------------------------------------------------------------------------------
Root cause in triggering tests:
 - com.google.javascript.jscomp.FoldConstantsTest::testStringJoinAdd
   --> junit.framework.AssertionFailedError: 
--------------------------------------------------------------------------------
List of modified sources:
 - com.google.javascript.jscomp.FoldConstants
--------------------------------------------------------------------------------
",https://storage.googleapis.com/google-code-archive/v2/code.google.com/closure-compiler/issues/issue-106.json,1,1,"
            Bug report URL: https://storage.googleapis.com/google-code-archive/v2/code.google.com/closure-compiler/issues/issue-106.json

            Original files:
            {}

            Instruction: Given bug report URL and Original files, fix the bug by rewriting the files in orignal files

            STRICTLY follow this format for each file. Do NOT add any extra text, explanations, or quotes. Repeat the format for multiple files.

            ---FILE_START---
            FILENAME: <full_file_name>
            CONTENT:
            <full file content here>
            ---FILE_END---
            
            "
Closure,106,"Summary of configuration for Project: Closure
--------------------------------------------------------------------------------
    Script dir: /Users/likhithasurakasi/defects4j/framework
      Base dir: /Users/likhithasurakasi/defects4j
    Major root: /Users/likhithasurakasi/defects4j/major
      Repo dir: /Users/likhithasurakasi/defects4j/project_repos
--------------------------------------------------------------------------------
    Project ID: Closure
       Program: closure-compiler
    Build file: /Users/likhithasurakasi/defects4j/framework/projects/Closure/Closure.build.xml
--------------------------------------------------------------------------------
           Vcs: Vcs::Git
    Repository: /Users/likhithasurakasi/defects4j/project_repos/closure-compiler.git
     Commit db: /Users/likhithasurakasi/defects4j/framework/projects/Closure/active-bugs.csv
Number of bugs: 174
--------------------------------------------------------------------------------

Summary for Bug: Closure-106
--------------------------------------------------------------------------------
Revision ID (fixed version):
e609670bb56e0c7216c9476a5f6a5594e7f1acdb
--------------------------------------------------------------------------------
Revision date (fixed version):
2009-11-12 20:02:06 +0000
--------------------------------------------------------------------------------
Bug report id:
19
--------------------------------------------------------------------------------
Bug report url:
https://storage.googleapis.com/google-code-archive/v2/code.google.com/closure-compiler/issues/issue-19.json
--------------------------------------------------------------------------------
Root cause in triggering tests:
 - com.google.javascript.jscomp.CheckSideEffectsTest::testJSDocComments
   --> junit.framework.AssertionFailedError: Unexpected error(s): JSC_USELESS_CODE. Suspicious code. This code lacks side-effects. Is there a bug? at testcode line 1 expected:<0> but was:<1>
 - com.google.javascript.jscomp.CollapsePropertiesTest::testTwinReferenceCancelsChildCollapsing
   --> junit.framework.AssertionFailedError: 
 - com.google.javascript.jscomp.CollapsePropertiesTest::testCrashInNestedAssign
   --> junit.framework.AssertionFailedError: 
 - com.google.javascript.jscomp.CollapsePropertiesTest::testCrashInCommaOperator
   --> java.lang.IllegalArgumentException
--------------------------------------------------------------------------------
List of modified sources:
 - com.google.javascript.jscomp.GlobalNamespace
 - com.google.javascript.rhino.JSDocInfoBuilder
--------------------------------------------------------------------------------
",https://storage.googleapis.com/google-code-archive/v2/code.google.com/closure-compiler/issues/issue-19.json,1,2,"
            Bug report URL: https://storage.googleapis.com/google-code-archive/v2/code.google.com/closure-compiler/issues/issue-19.json

            Original files:
            {}

            Instruction: Given bug report URL and Original files, fix the bug by rewriting the files in orignal files

            STRICTLY follow this format for each file. Do NOT add any extra text, explanations, or quotes. Repeat the format for multiple files.

            ---FILE_START---
            FILENAME: <full_file_name>
            CONTENT:
            <full file content here>
            ---FILE_END---
            
            "
Closure,107,"Summary of configuration for Project: Closure
--------------------------------------------------------------------------------
    Script dir: /Users/likhithasurakasi/defects4j/framework
      Base dir: /Users/likhithasurakasi/defects4j
    Major root: /Users/likhithasurakasi/defects4j/major
      Repo dir: /Users/likhithasurakasi/defects4j/project_repos
--------------------------------------------------------------------------------
    Project ID: Closure
       Program: closure-compiler
    Build file: /Users/likhithasurakasi/defects4j/framework/projects/Closure/Closure.build.xml
--------------------------------------------------------------------------------
           Vcs: Vcs::Git
    Repository: /Users/likhithasurakasi/defects4j/project_repos/closure-compiler.git
     Commit db: /Users/likhithasurakasi/defects4j/framework/projects/Closure/active-bugs.csv
Number of bugs: 174
--------------------------------------------------------------------------------

Summary for Bug: Closure-107
--------------------------------------------------------------------------------
Revision ID (fixed version):
49e9565febba904484396e2aef7dbe86f55e9cc5
--------------------------------------------------------------------------------
Revision date (fixed version):
2013-11-25 21:36:40 -0500
--------------------------------------------------------------------------------
Bug report id:
1135
--------------------------------------------------------------------------------
Bug report url:
https://storage.googleapis.com/google-code-archive/v2/code.google.com/closure-compiler/issues/issue-1135.json
--------------------------------------------------------------------------------
Root cause in triggering tests:
 - com.google.javascript.jscomp.CommandLineRunnerTest::testGetMsgWiringNoWarnings
   --> junit.framework.AssertionFailedError: Expected no warnings or errors
--------------------------------------------------------------------------------
List of modified sources:
 - com.google.javascript.jscomp.CommandLineRunner
--------------------------------------------------------------------------------
",https://storage.googleapis.com/google-code-archive/v2/code.google.com/closure-compiler/issues/issue-1135.json,1,1,"
            Bug report URL: https://storage.googleapis.com/google-code-archive/v2/code.google.com/closure-compiler/issues/issue-1135.json

            Original files:
            {}

            Instruction: Given bug report URL and Original files, fix the bug by rewriting the files in orignal files

            STRICTLY follow this format for each file. Do NOT add any extra text, explanations, or quotes. Repeat the format for multiple files.

            ---FILE_START---
            FILENAME: <full_file_name>
            CONTENT:
            <full file content here>
            ---FILE_END---
            
            "
Closure,108,"Summary of configuration for Project: Closure
--------------------------------------------------------------------------------
    Script dir: /Users/likhithasurakasi/defects4j/framework
      Base dir: /Users/likhithasurakasi/defects4j
    Major root: /Users/likhithasurakasi/defects4j/major
      Repo dir: /Users/likhithasurakasi/defects4j/project_repos
--------------------------------------------------------------------------------
    Project ID: Closure
       Program: closure-compiler
    Build file: /Users/likhithasurakasi/defects4j/framework/projects/Closure/Closure.build.xml
--------------------------------------------------------------------------------
           Vcs: Vcs::Git
    Repository: /Users/likhithasurakasi/defects4j/project_repos/closure-compiler.git
     Commit db: /Users/likhithasurakasi/defects4j/framework/projects/Closure/active-bugs.csv
Number of bugs: 174
--------------------------------------------------------------------------------

Summary for Bug: Closure-108
--------------------------------------------------------------------------------
Revision ID (fixed version):
aae547f4d911dfbf42ca5a31aeb401ac83725a14
--------------------------------------------------------------------------------
Revision date (fixed version):
2013-11-25 21:36:03 -0500
--------------------------------------------------------------------------------
Bug report id:
1144
--------------------------------------------------------------------------------
Bug report url:
https://storage.googleapis.com/google-code-archive/v2/code.google.com/closure-compiler/issues/issue-1144.json
--------------------------------------------------------------------------------
Root cause in triggering tests:
 - com.google.javascript.jscomp.ScopedAliasesTest::testIssue1144
   --> java.lang.IllegalStateException
--------------------------------------------------------------------------------
List of modified sources:
 - com.google.javascript.jscomp.ScopedAliases
--------------------------------------------------------------------------------
",https://storage.googleapis.com/google-code-archive/v2/code.google.com/closure-compiler/issues/issue-1144.json,1,1,"
            Bug report URL: https://storage.googleapis.com/google-code-archive/v2/code.google.com/closure-compiler/issues/issue-1144.json

            Original files:
            {}

            Instruction: Given bug report URL and Original files, fix the bug by rewriting the files in orignal files

            STRICTLY follow this format for each file. Do NOT add any extra text, explanations, or quotes. Repeat the format for multiple files.

            ---FILE_START---
            FILENAME: <full_file_name>
            CONTENT:
            <full file content here>
            ---FILE_END---
            
            "
Closure,109,"Summary of configuration for Project: Closure
--------------------------------------------------------------------------------
    Script dir: /Users/likhithasurakasi/defects4j/framework
      Base dir: /Users/likhithasurakasi/defects4j
    Major root: /Users/likhithasurakasi/defects4j/major
      Repo dir: /Users/likhithasurakasi/defects4j/project_repos
--------------------------------------------------------------------------------
    Project ID: Closure
       Program: closure-compiler
    Build file: /Users/likhithasurakasi/defects4j/framework/projects/Closure/Closure.build.xml
--------------------------------------------------------------------------------
           Vcs: Vcs::Git
    Repository: /Users/likhithasurakasi/defects4j/project_repos/closure-compiler.git
     Commit db: /Users/likhithasurakasi/defects4j/framework/projects/Closure/active-bugs.csv
Number of bugs: 174
--------------------------------------------------------------------------------

Summary for Bug: Closure-109
--------------------------------------------------------------------------------
Revision ID (fixed version):
7d26b7bcae8311f3c032bae3f1df27b590a4c174
--------------------------------------------------------------------------------
Revision date (fixed version):
2013-11-08 00:06:42 -0500
--------------------------------------------------------------------------------
Bug report id:
1105
--------------------------------------------------------------------------------
Bug report url:
https://storage.googleapis.com/google-code-archive/v2/code.google.com/closure-compiler/issues/issue-1105.json
--------------------------------------------------------------------------------
Root cause in triggering tests:
 - com.google.javascript.jscomp.parsing.JsDocInfoParserTest::testStructuralConstructor2
   --> junit.framework.AssertionFailedError: extra warning: Bad type annotation. type not recognized due to syntax error
 - com.google.javascript.jscomp.parsing.JsDocInfoParserTest::testStructuralConstructor3
   --> junit.framework.AssertionFailedError: extra warning: Bad type annotation. type not recognized due to syntax error
--------------------------------------------------------------------------------
List of modified sources:
 - com.google.javascript.jscomp.parsing.JsDocInfoParser
--------------------------------------------------------------------------------
",https://storage.googleapis.com/google-code-archive/v2/code.google.com/closure-compiler/issues/issue-1105.json,1,1,"
            Bug report URL: https://storage.googleapis.com/google-code-archive/v2/code.google.com/closure-compiler/issues/issue-1105.json

            Original files:
            {}

            Instruction: Given bug report URL and Original files, fix the bug by rewriting the files in orignal files

            STRICTLY follow this format for each file. Do NOT add any extra text, explanations, or quotes. Repeat the format for multiple files.

            ---FILE_START---
            FILENAME: <full_file_name>
            CONTENT:
            <full file content here>
            ---FILE_END---
            
            "
Closure,110,"Summary of configuration for Project: Closure
--------------------------------------------------------------------------------
    Script dir: /Users/likhithasurakasi/defects4j/framework
      Base dir: /Users/likhithasurakasi/defects4j
    Major root: /Users/likhithasurakasi/defects4j/major
      Repo dir: /Users/likhithasurakasi/defects4j/project_repos
--------------------------------------------------------------------------------
    Project ID: Closure
       Program: closure-compiler
    Build file: /Users/likhithasurakasi/defects4j/framework/projects/Closure/Closure.build.xml
--------------------------------------------------------------------------------
           Vcs: Vcs::Git
    Repository: /Users/likhithasurakasi/defects4j/project_repos/closure-compiler.git
     Commit db: /Users/likhithasurakasi/defects4j/framework/projects/Closure/active-bugs.csv
Number of bugs: 174
--------------------------------------------------------------------------------

Summary for Bug: Closure-110
--------------------------------------------------------------------------------
Revision ID (fixed version):
13fb7fcbcad87f8df63535491627bf7b01471064
--------------------------------------------------------------------------------
Revision date (fixed version):
2013-10-24 10:53:13 -0400
--------------------------------------------------------------------------------
Bug report id:
1111
--------------------------------------------------------------------------------
Bug report url:
https://storage.googleapis.com/google-code-archive/v2/code.google.com/closure-compiler/issues/issue-1111.json
--------------------------------------------------------------------------------
Root cause in triggering tests:
 - com.google.javascript.jscomp.ScopedAliasesTest::testHoistedFunctionDeclaration
   --> junit.framework.AssertionFailedError: Unexpected error(s): JSC_GOOG_SCOPE_NON_ALIAS_LOCAL. The local variable f is in a goog.scope and is not an alias. at testcode line 1 : 39 expected:<0> but was:<1>
 - com.google.javascript.jscomp.ScopedAliasesTest::testFunctionDeclaration
   --> junit.framework.AssertionFailedError: Unexpected error(s): JSC_GOOG_SCOPE_NON_ALIAS_LOCAL. The local variable f is in a goog.scope and is not an alias. at testcode line 1 : 41 expected:<0> but was:<1>
--------------------------------------------------------------------------------
List of modified sources:
 - com.google.javascript.jscomp.ScopedAliases
 - com.google.javascript.rhino.Node
--------------------------------------------------------------------------------
",https://storage.googleapis.com/google-code-archive/v2/code.google.com/closure-compiler/issues/issue-1111.json,1,2,"
            Bug report URL: https://storage.googleapis.com/google-code-archive/v2/code.google.com/closure-compiler/issues/issue-1111.json

            Original files:
            {}

            Instruction: Given bug report URL and Original files, fix the bug by rewriting the files in orignal files

            STRICTLY follow this format for each file. Do NOT add any extra text, explanations, or quotes. Repeat the format for multiple files.

            ---FILE_START---
            FILENAME: <full_file_name>
            CONTENT:
            <full file content here>
            ---FILE_END---
            
            "
Closure,111,"Summary of configuration for Project: Closure
--------------------------------------------------------------------------------
    Script dir: /Users/likhithasurakasi/defects4j/framework
      Base dir: /Users/likhithasurakasi/defects4j
    Major root: /Users/likhithasurakasi/defects4j/major
      Repo dir: /Users/likhithasurakasi/defects4j/project_repos
--------------------------------------------------------------------------------
    Project ID: Closure
       Program: closure-compiler
    Build file: /Users/likhithasurakasi/defects4j/framework/projects/Closure/Closure.build.xml
--------------------------------------------------------------------------------
           Vcs: Vcs::Git
    Repository: /Users/likhithasurakasi/defects4j/project_repos/closure-compiler.git
     Commit db: /Users/likhithasurakasi/defects4j/framework/projects/Closure/active-bugs.csv
Number of bugs: 174
--------------------------------------------------------------------------------

Summary for Bug: Closure-111
--------------------------------------------------------------------------------
Revision ID (fixed version):
6f981f77e5bd9e2eecbd851a2a02933cdb9af0d8
--------------------------------------------------------------------------------
Revision date (fixed version):
2013-10-23 00:47:12 -0400
--------------------------------------------------------------------------------
Bug report id:
1114
--------------------------------------------------------------------------------
Bug report url:
https://storage.googleapis.com/google-code-archive/v2/code.google.com/closure-compiler/issues/issue-1114.json
--------------------------------------------------------------------------------
Root cause in triggering tests:
 - com.google.javascript.jscomp.ClosureReverseAbstractInterpreterTest::testGoogIsArray2
   --> junit.framework.AssertionFailedError: Expected: Array
--------------------------------------------------------------------------------
List of modified sources:
 - com.google.javascript.jscomp.type.ClosureReverseAbstractInterpreter
--------------------------------------------------------------------------------
",https://storage.googleapis.com/google-code-archive/v2/code.google.com/closure-compiler/issues/issue-1114.json,1,1,"
            Bug report URL: https://storage.googleapis.com/google-code-archive/v2/code.google.com/closure-compiler/issues/issue-1114.json

            Original files:
            {}

            Instruction: Given bug report URL and Original files, fix the bug by rewriting the files in orignal files

            STRICTLY follow this format for each file. Do NOT add any extra text, explanations, or quotes. Repeat the format for multiple files.

            ---FILE_START---
            FILENAME: <full_file_name>
            CONTENT:
            <full file content here>
            ---FILE_END---
            
            "
Closure,112,"Summary of configuration for Project: Closure
--------------------------------------------------------------------------------
    Script dir: /Users/likhithasurakasi/defects4j/framework
      Base dir: /Users/likhithasurakasi/defects4j
    Major root: /Users/likhithasurakasi/defects4j/major
      Repo dir: /Users/likhithasurakasi/defects4j/project_repos
--------------------------------------------------------------------------------
    Project ID: Closure
       Program: closure-compiler
    Build file: /Users/likhithasurakasi/defects4j/framework/projects/Closure/Closure.build.xml
--------------------------------------------------------------------------------
           Vcs: Vcs::Git
    Repository: /Users/likhithasurakasi/defects4j/project_repos/closure-compiler.git
     Commit db: /Users/likhithasurakasi/defects4j/framework/projects/Closure/active-bugs.csv
Number of bugs: 174
--------------------------------------------------------------------------------

Summary for Bug: Closure-112
--------------------------------------------------------------------------------
Revision ID (fixed version):
b168c8822b2d3d12515ec6477812674c8805bcf3
--------------------------------------------------------------------------------
Revision date (fixed version):
2013-10-08 16:18:27 -0700
--------------------------------------------------------------------------------
Bug report id:
1058
--------------------------------------------------------------------------------
Bug report url:
https://storage.googleapis.com/google-code-archive/v2/code.google.com/closure-compiler/issues/issue-1058.json
--------------------------------------------------------------------------------
Root cause in triggering tests:
 - com.google.javascript.jscomp.TypeCheckTest::testIssue1058
   --> junit.framework.AssertionFailedError: unexpected warnings(s):
 - com.google.javascript.jscomp.TypeCheckTest::testTemplatized11
   --> junit.framework.AssertionFailedError: unexpected warnings(s):
--------------------------------------------------------------------------------
List of modified sources:
 - com.google.javascript.jscomp.TypeInference
--------------------------------------------------------------------------------
",https://storage.googleapis.com/google-code-archive/v2/code.google.com/closure-compiler/issues/issue-1058.json,1,1,"
            Bug report URL: https://storage.googleapis.com/google-code-archive/v2/code.google.com/closure-compiler/issues/issue-1058.json

            Original files:
            {}

            Instruction: Given bug report URL and Original files, fix the bug by rewriting the files in orignal files

            STRICTLY follow this format for each file. Do NOT add any extra text, explanations, or quotes. Repeat the format for multiple files.

            ---FILE_START---
            FILENAME: <full_file_name>
            CONTENT:
            <full file content here>
            ---FILE_END---
            
            "
Closure,113,"Summary of configuration for Project: Closure
--------------------------------------------------------------------------------
    Script dir: /Users/likhithasurakasi/defects4j/framework
      Base dir: /Users/likhithasurakasi/defects4j
    Major root: /Users/likhithasurakasi/defects4j/major
      Repo dir: /Users/likhithasurakasi/defects4j/project_repos
--------------------------------------------------------------------------------
    Project ID: Closure
       Program: closure-compiler
    Build file: /Users/likhithasurakasi/defects4j/framework/projects/Closure/Closure.build.xml
--------------------------------------------------------------------------------
           Vcs: Vcs::Git
    Repository: /Users/likhithasurakasi/defects4j/project_repos/closure-compiler.git
     Commit db: /Users/likhithasurakasi/defects4j/framework/projects/Closure/active-bugs.csv
Number of bugs: 174
--------------------------------------------------------------------------------

Summary for Bug: Closure-113
--------------------------------------------------------------------------------
Revision ID (fixed version):
0fb76a81bbdd8ab84a00b8be2099abfb83c88668
--------------------------------------------------------------------------------
Revision date (fixed version):
2013-10-04 16:50:10 -0700
--------------------------------------------------------------------------------
Bug report id:
1079
--------------------------------------------------------------------------------
Bug report url:
https://storage.googleapis.com/google-code-archive/v2/code.google.com/closure-compiler/issues/issue-1079.json
--------------------------------------------------------------------------------
Root cause in triggering tests:
 - com.google.javascript.jscomp.VarCheckTest::testNoUndeclaredVarWhenUsingClosurePass
   --> junit.framework.AssertionFailedError: There should be one error. required ""namespace.Class1"" namespace never provided
--------------------------------------------------------------------------------
List of modified sources:
 - com.google.javascript.jscomp.ProcessClosurePrimitives
--------------------------------------------------------------------------------
",https://storage.googleapis.com/google-code-archive/v2/code.google.com/closure-compiler/issues/issue-1079.json,1,1,"
            Bug report URL: https://storage.googleapis.com/google-code-archive/v2/code.google.com/closure-compiler/issues/issue-1079.json

            Original files:
            {}

            Instruction: Given bug report URL and Original files, fix the bug by rewriting the files in orignal files

            STRICTLY follow this format for each file. Do NOT add any extra text, explanations, or quotes. Repeat the format for multiple files.

            ---FILE_START---
            FILENAME: <full_file_name>
            CONTENT:
            <full file content here>
            ---FILE_END---
            
            "
Closure,114,"Summary of configuration for Project: Closure
--------------------------------------------------------------------------------
    Script dir: /Users/likhithasurakasi/defects4j/framework
      Base dir: /Users/likhithasurakasi/defects4j
    Major root: /Users/likhithasurakasi/defects4j/major
      Repo dir: /Users/likhithasurakasi/defects4j/project_repos
--------------------------------------------------------------------------------
    Project ID: Closure
       Program: closure-compiler
    Build file: /Users/likhithasurakasi/defects4j/framework/projects/Closure/Closure.build.xml
--------------------------------------------------------------------------------
           Vcs: Vcs::Git
    Repository: /Users/likhithasurakasi/defects4j/project_repos/closure-compiler.git
     Commit db: /Users/likhithasurakasi/defects4j/framework/projects/Closure/active-bugs.csv
Number of bugs: 174
--------------------------------------------------------------------------------

Summary for Bug: Closure-114
--------------------------------------------------------------------------------
Revision ID (fixed version):
5f03c6817341d39d8dead76c7511fd6bb0b9009f
--------------------------------------------------------------------------------
Revision date (fixed version):
2013-10-03 18:21:15 -0700
--------------------------------------------------------------------------------
Bug report id:
1085
--------------------------------------------------------------------------------
Bug report url:
https://storage.googleapis.com/google-code-archive/v2/code.google.com/closure-compiler/issues/issue-1085.json
--------------------------------------------------------------------------------
Root cause in triggering tests:
 - com.google.javascript.jscomp.NameAnalyzerTest::testAssignWithCall
   --> junit.framework.AssertionFailedError: 
--------------------------------------------------------------------------------
List of modified sources:
 - com.google.javascript.jscomp.NameAnalyzer
--------------------------------------------------------------------------------
",https://storage.googleapis.com/google-code-archive/v2/code.google.com/closure-compiler/issues/issue-1085.json,1,1,"
            Bug report URL: https://storage.googleapis.com/google-code-archive/v2/code.google.com/closure-compiler/issues/issue-1085.json

            Original files:
            {}

            Instruction: Given bug report URL and Original files, fix the bug by rewriting the files in orignal files

            STRICTLY follow this format for each file. Do NOT add any extra text, explanations, or quotes. Repeat the format for multiple files.

            ---FILE_START---
            FILENAME: <full_file_name>
            CONTENT:
            <full file content here>
            ---FILE_END---
            
            "
Closure,115,"Summary of configuration for Project: Closure
--------------------------------------------------------------------------------
    Script dir: /Users/likhithasurakasi/defects4j/framework
      Base dir: /Users/likhithasurakasi/defects4j
    Major root: /Users/likhithasurakasi/defects4j/major
      Repo dir: /Users/likhithasurakasi/defects4j/project_repos
--------------------------------------------------------------------------------
    Project ID: Closure
       Program: closure-compiler
    Build file: /Users/likhithasurakasi/defects4j/framework/projects/Closure/Closure.build.xml
--------------------------------------------------------------------------------
           Vcs: Vcs::Git
    Repository: /Users/likhithasurakasi/defects4j/project_repos/closure-compiler.git
     Commit db: /Users/likhithasurakasi/defects4j/framework/projects/Closure/active-bugs.csv
Number of bugs: 174
--------------------------------------------------------------------------------

Summary for Bug: Closure-115
--------------------------------------------------------------------------------
Revision ID (fixed version):
4597738e8898f738c1f969fe90479728be81cc80
--------------------------------------------------------------------------------
Revision date (fixed version):
2013-10-01 16:59:46 -0700
--------------------------------------------------------------------------------
Bug report id:
1101
--------------------------------------------------------------------------------
Bug report url:
https://storage.googleapis.com/google-code-archive/v2/code.google.com/closure-compiler/issues/issue-1101.json
--------------------------------------------------------------------------------
Root cause in triggering tests:
 - com.google.javascript.jscomp.InlineFunctionsTest::testBug4944818
   --> junit.framework.AssertionFailedError: 
 - com.google.javascript.jscomp.InlineFunctionsTest::testDoubleInlining1
   --> junit.framework.AssertionFailedError: 
 - com.google.javascript.jscomp.InlineFunctionsTest::testNoInlineIfParametersModified8
   --> junit.framework.AssertionFailedError: 
 - com.google.javascript.jscomp.InlineFunctionsTest::testNoInlineIfParametersModified9
   --> junit.framework.AssertionFailedError: 
 - com.google.javascript.jscomp.InlineFunctionsTest::testInlineFunctions6
   --> junit.framework.AssertionFailedError: 
--------------------------------------------------------------------------------
List of modified sources:
 - com.google.javascript.jscomp.FunctionInjector
--------------------------------------------------------------------------------
",https://storage.googleapis.com/google-code-archive/v2/code.google.com/closure-compiler/issues/issue-1101.json,1,1,"
            Bug report URL: https://storage.googleapis.com/google-code-archive/v2/code.google.com/closure-compiler/issues/issue-1101.json

            Original files:
            {}

            Instruction: Given bug report URL and Original files, fix the bug by rewriting the files in orignal files

            STRICTLY follow this format for each file. Do NOT add any extra text, explanations, or quotes. Repeat the format for multiple files.

            ---FILE_START---
            FILENAME: <full_file_name>
            CONTENT:
            <full file content here>
            ---FILE_END---
            
            "
Closure,116,"Summary of configuration for Project: Closure
--------------------------------------------------------------------------------
    Script dir: /Users/likhithasurakasi/defects4j/framework
      Base dir: /Users/likhithasurakasi/defects4j
    Major root: /Users/likhithasurakasi/defects4j/major
      Repo dir: /Users/likhithasurakasi/defects4j/project_repos
--------------------------------------------------------------------------------
    Project ID: Closure
       Program: closure-compiler
    Build file: /Users/likhithasurakasi/defects4j/framework/projects/Closure/Closure.build.xml
--------------------------------------------------------------------------------
           Vcs: Vcs::Git
    Repository: /Users/likhithasurakasi/defects4j/project_repos/closure-compiler.git
     Commit db: /Users/likhithasurakasi/defects4j/framework/projects/Closure/active-bugs.csv
Number of bugs: 174
--------------------------------------------------------------------------------

Summary for Bug: Closure-116
--------------------------------------------------------------------------------
Revision ID (fixed version):
b80dfd3b0e5e4b490b7afb469320d18bac4520b4
--------------------------------------------------------------------------------
Revision date (fixed version):
2013-10-01 16:59:25 -0700
--------------------------------------------------------------------------------
Bug report id:
1101
--------------------------------------------------------------------------------
Bug report url:
https://storage.googleapis.com/google-code-archive/v2/code.google.com/closure-compiler/issues/issue-1101.json
--------------------------------------------------------------------------------
Root cause in triggering tests:
 - com.google.javascript.jscomp.FunctionInjectorTest::testIssue1101a
   --> junit.framework.AssertionFailedError: expected:<NO> but was:<YES>
 - com.google.javascript.jscomp.FunctionInjectorTest::testIssue1101b
   --> junit.framework.AssertionFailedError: expected:<NO> but was:<YES>
 - com.google.javascript.jscomp.InlineFunctionsTest::testBug4944818
   --> junit.framework.AssertionFailedError: 
 - com.google.javascript.jscomp.InlineFunctionsTest::testDoubleInlining2
   --> junit.framework.AssertionFailedError: 
 - com.google.javascript.jscomp.InlineFunctionsTest::testIssue1101
   --> junit.framework.AssertionFailedError: 
 - com.google.javascript.jscomp.InlineFunctionsTest::testInlineIfParametersModified8
   --> junit.framework.AssertionFailedError: 
 - com.google.javascript.jscomp.InlineFunctionsTest::testInlineIfParametersModified9
   --> junit.framework.AssertionFailedError: 
 - com.google.javascript.jscomp.InlineFunctionsTest::testInlineFunctions6
   --> junit.framework.AssertionFailedError: 
--------------------------------------------------------------------------------
List of modified sources:
 - com.google.javascript.jscomp.FunctionInjector
--------------------------------------------------------------------------------
",https://storage.googleapis.com/google-code-archive/v2/code.google.com/closure-compiler/issues/issue-1101.json,1,1,"
            Bug report URL: https://storage.googleapis.com/google-code-archive/v2/code.google.com/closure-compiler/issues/issue-1101.json

            Original files:
            {}

            Instruction: Given bug report URL and Original files, fix the bug by rewriting the files in orignal files

            STRICTLY follow this format for each file. Do NOT add any extra text, explanations, or quotes. Repeat the format for multiple files.

            ---FILE_START---
            FILENAME: <full_file_name>
            CONTENT:
            <full file content here>
            ---FILE_END---
            
            "
Closure,117,"Summary of configuration for Project: Closure
--------------------------------------------------------------------------------
    Script dir: /Users/likhithasurakasi/defects4j/framework
      Base dir: /Users/likhithasurakasi/defects4j
    Major root: /Users/likhithasurakasi/defects4j/major
      Repo dir: /Users/likhithasurakasi/defects4j/project_repos
--------------------------------------------------------------------------------
    Project ID: Closure
       Program: closure-compiler
    Build file: /Users/likhithasurakasi/defects4j/framework/projects/Closure/Closure.build.xml
--------------------------------------------------------------------------------
           Vcs: Vcs::Git
    Repository: /Users/likhithasurakasi/defects4j/project_repos/closure-compiler.git
     Commit db: /Users/likhithasurakasi/defects4j/framework/projects/Closure/active-bugs.csv
Number of bugs: 174
--------------------------------------------------------------------------------

Summary for Bug: Closure-117
--------------------------------------------------------------------------------
Revision ID (fixed version):
871bca1f36c5c06aa880ce21429da63a76f8f6e9
--------------------------------------------------------------------------------
Revision date (fixed version):
2013-08-30 18:12:50 -0400
--------------------------------------------------------------------------------
Bug report id:
1047
--------------------------------------------------------------------------------
Bug report url:
https://storage.googleapis.com/google-code-archive/v2/code.google.com/closure-compiler/issues/issue-1047.json
--------------------------------------------------------------------------------
Root cause in triggering tests:
 - com.google.javascript.jscomp.TypeCheckTest::testIssue1047
   --> junit.framework.ComparisonFailure: expected:<...p never defined on C[2]> but was:<...p never defined on C[3.c2_]>
--------------------------------------------------------------------------------
List of modified sources:
 - com.google.javascript.jscomp.TypeValidator
--------------------------------------------------------------------------------
",https://storage.googleapis.com/google-code-archive/v2/code.google.com/closure-compiler/issues/issue-1047.json,1,1,"
            Bug report URL: https://storage.googleapis.com/google-code-archive/v2/code.google.com/closure-compiler/issues/issue-1047.json

            Original files:
            {}

            Instruction: Given bug report URL and Original files, fix the bug by rewriting the files in orignal files

            STRICTLY follow this format for each file. Do NOT add any extra text, explanations, or quotes. Repeat the format for multiple files.

            ---FILE_START---
            FILENAME: <full_file_name>
            CONTENT:
            <full file content here>
            ---FILE_END---
            
            "
Closure,118,"Summary of configuration for Project: Closure
--------------------------------------------------------------------------------
    Script dir: /Users/likhithasurakasi/defects4j/framework
      Base dir: /Users/likhithasurakasi/defects4j
    Major root: /Users/likhithasurakasi/defects4j/major
      Repo dir: /Users/likhithasurakasi/defects4j/project_repos
--------------------------------------------------------------------------------
    Project ID: Closure
       Program: closure-compiler
    Build file: /Users/likhithasurakasi/defects4j/framework/projects/Closure/Closure.build.xml
--------------------------------------------------------------------------------
           Vcs: Vcs::Git
    Repository: /Users/likhithasurakasi/defects4j/project_repos/closure-compiler.git
     Commit db: /Users/likhithasurakasi/defects4j/framework/projects/Closure/active-bugs.csv
Number of bugs: 174
--------------------------------------------------------------------------------

Summary for Bug: Closure-118
--------------------------------------------------------------------------------
Revision ID (fixed version):
f17961ae4d3d7cf5ea291d82804239982d009ef7
--------------------------------------------------------------------------------
Revision date (fixed version):
2013-08-26 10:00:28 -0700
--------------------------------------------------------------------------------
Bug report id:
1024
--------------------------------------------------------------------------------
Bug report url:
https://storage.googleapis.com/google-code-archive/v2/code.google.com/closure-compiler/issues/issue-1024.json
--------------------------------------------------------------------------------
Root cause in triggering tests:
 - com.google.javascript.jscomp.DisambiguatePropertiesTest::testOneType4
   --> junit.framework.ComparisonFailure: expected:<{[]}> but was:<{[a=[[Foo.prototype]]]}>
 - com.google.javascript.jscomp.DisambiguatePropertiesTest::testTwoTypes4
   --> junit.framework.AssertionFailedError: 
--------------------------------------------------------------------------------
List of modified sources:
 - com.google.javascript.jscomp.DisambiguateProperties
--------------------------------------------------------------------------------
",https://storage.googleapis.com/google-code-archive/v2/code.google.com/closure-compiler/issues/issue-1024.json,1,1,"
            Bug report URL: https://storage.googleapis.com/google-code-archive/v2/code.google.com/closure-compiler/issues/issue-1024.json

            Original files:
            {}

            Instruction: Given bug report URL and Original files, fix the bug by rewriting the files in orignal files

            STRICTLY follow this format for each file. Do NOT add any extra text, explanations, or quotes. Repeat the format for multiple files.

            ---FILE_START---
            FILENAME: <full_file_name>
            CONTENT:
            <full file content here>
            ---FILE_END---
            
            "
Closure,119,"Summary of configuration for Project: Closure
--------------------------------------------------------------------------------
    Script dir: /Users/likhithasurakasi/defects4j/framework
      Base dir: /Users/likhithasurakasi/defects4j
    Major root: /Users/likhithasurakasi/defects4j/major
      Repo dir: /Users/likhithasurakasi/defects4j/project_repos
--------------------------------------------------------------------------------
    Project ID: Closure
       Program: closure-compiler
    Build file: /Users/likhithasurakasi/defects4j/framework/projects/Closure/Closure.build.xml
--------------------------------------------------------------------------------
           Vcs: Vcs::Git
    Repository: /Users/likhithasurakasi/defects4j/project_repos/closure-compiler.git
     Commit db: /Users/likhithasurakasi/defects4j/framework/projects/Closure/active-bugs.csv
Number of bugs: 174
--------------------------------------------------------------------------------

Summary for Bug: Closure-119
--------------------------------------------------------------------------------
Revision ID (fixed version):
046e0b226e963bc584c2a6cd3c2b471777c5cc53
--------------------------------------------------------------------------------
Revision date (fixed version):
2013-08-26 12:47:25 -0400
--------------------------------------------------------------------------------
Bug report id:
1070
--------------------------------------------------------------------------------
Bug report url:
https://storage.googleapis.com/google-code-archive/v2/code.google.com/closure-compiler/issues/issue-1070.json
--------------------------------------------------------------------------------
Root cause in triggering tests:
 - com.google.javascript.jscomp.CheckGlobalNamesTest::testGlobalCatch
   --> junit.framework.AssertionFailedError: Unexpected warning(s): JSC_UNDEFINED_NAME. e is never defined at testcode line 1 : 48
--------------------------------------------------------------------------------
List of modified sources:
 - com.google.javascript.jscomp.GlobalNamespace
--------------------------------------------------------------------------------
",https://storage.googleapis.com/google-code-archive/v2/code.google.com/closure-compiler/issues/issue-1070.json,1,1,"
            Bug report URL: https://storage.googleapis.com/google-code-archive/v2/code.google.com/closure-compiler/issues/issue-1070.json

            Original files:
            {}

            Instruction: Given bug report URL and Original files, fix the bug by rewriting the files in orignal files

            STRICTLY follow this format for each file. Do NOT add any extra text, explanations, or quotes. Repeat the format for multiple files.

            ---FILE_START---
            FILENAME: <full_file_name>
            CONTENT:
            <full file content here>
            ---FILE_END---
            
            "
Closure,120,"Summary of configuration for Project: Closure
--------------------------------------------------------------------------------
    Script dir: /Users/likhithasurakasi/defects4j/framework
      Base dir: /Users/likhithasurakasi/defects4j
    Major root: /Users/likhithasurakasi/defects4j/major
      Repo dir: /Users/likhithasurakasi/defects4j/project_repos
--------------------------------------------------------------------------------
    Project ID: Closure
       Program: closure-compiler
    Build file: /Users/likhithasurakasi/defects4j/framework/projects/Closure/Closure.build.xml
--------------------------------------------------------------------------------
           Vcs: Vcs::Git
    Repository: /Users/likhithasurakasi/defects4j/project_repos/closure-compiler.git
     Commit db: /Users/likhithasurakasi/defects4j/framework/projects/Closure/active-bugs.csv
Number of bugs: 174
--------------------------------------------------------------------------------

Summary for Bug: Closure-120
--------------------------------------------------------------------------------
Revision ID (fixed version):
0123fd5303c85d0d26add64aa2e19fee33f73aaa
--------------------------------------------------------------------------------
Revision date (fixed version):
2013-08-13 18:28:20 -0700
--------------------------------------------------------------------------------
Bug report id:
1053
--------------------------------------------------------------------------------
Bug report url:
https://storage.googleapis.com/google-code-archive/v2/code.google.com/closure-compiler/issues/issue-1053.json
--------------------------------------------------------------------------------
Root cause in triggering tests:
 - com.google.javascript.jscomp.InlineVariablesTest::testExternalIssue1053
   --> junit.framework.AssertionFailedError: 
--------------------------------------------------------------------------------
List of modified sources:
 - com.google.javascript.jscomp.ReferenceCollectingCallback
--------------------------------------------------------------------------------
",https://storage.googleapis.com/google-code-archive/v2/code.google.com/closure-compiler/issues/issue-1053.json,1,1,"
            Bug report URL: https://storage.googleapis.com/google-code-archive/v2/code.google.com/closure-compiler/issues/issue-1053.json

            Original files:
            {}

            Instruction: Given bug report URL and Original files, fix the bug by rewriting the files in orignal files

            STRICTLY follow this format for each file. Do NOT add any extra text, explanations, or quotes. Repeat the format for multiple files.

            ---FILE_START---
            FILENAME: <full_file_name>
            CONTENT:
            <full file content here>
            ---FILE_END---
            
            "
Closure,121,"Summary of configuration for Project: Closure
--------------------------------------------------------------------------------
    Script dir: /Users/likhithasurakasi/defects4j/framework
      Base dir: /Users/likhithasurakasi/defects4j
    Major root: /Users/likhithasurakasi/defects4j/major
      Repo dir: /Users/likhithasurakasi/defects4j/project_repos
--------------------------------------------------------------------------------
    Project ID: Closure
       Program: closure-compiler
    Build file: /Users/likhithasurakasi/defects4j/framework/projects/Closure/Closure.build.xml
--------------------------------------------------------------------------------
           Vcs: Vcs::Git
    Repository: /Users/likhithasurakasi/defects4j/project_repos/closure-compiler.git
     Commit db: /Users/likhithasurakasi/defects4j/framework/projects/Closure/active-bugs.csv
Number of bugs: 174
--------------------------------------------------------------------------------

Summary for Bug: Closure-121
--------------------------------------------------------------------------------
Revision ID (fixed version):
2aee36e667526ff8b0b5e6dad66506acee920ea6
--------------------------------------------------------------------------------
Revision date (fixed version):
2013-08-12 16:08:47 -0700
--------------------------------------------------------------------------------
Bug report id:
1053
--------------------------------------------------------------------------------
Bug report url:
https://storage.googleapis.com/google-code-archive/v2/code.google.com/closure-compiler/issues/issue-1053.json
--------------------------------------------------------------------------------
Root cause in triggering tests:
 - com.google.javascript.jscomp.InlineVariablesTest::testExternalIssue1053
   --> junit.framework.AssertionFailedError: 
--------------------------------------------------------------------------------
List of modified sources:
 - com.google.javascript.jscomp.InlineVariables
--------------------------------------------------------------------------------
",https://storage.googleapis.com/google-code-archive/v2/code.google.com/closure-compiler/issues/issue-1053.json,1,1,"
            Bug report URL: https://storage.googleapis.com/google-code-archive/v2/code.google.com/closure-compiler/issues/issue-1053.json

            Original files:
            {}

            Instruction: Given bug report URL and Original files, fix the bug by rewriting the files in orignal files

            STRICTLY follow this format for each file. Do NOT add any extra text, explanations, or quotes. Repeat the format for multiple files.

            ---FILE_START---
            FILENAME: <full_file_name>
            CONTENT:
            <full file content here>
            ---FILE_END---
            
            "
Closure,122,"Summary of configuration for Project: Closure
--------------------------------------------------------------------------------
    Script dir: /Users/likhithasurakasi/defects4j/framework
      Base dir: /Users/likhithasurakasi/defects4j
    Major root: /Users/likhithasurakasi/defects4j/major
      Repo dir: /Users/likhithasurakasi/defects4j/project_repos
--------------------------------------------------------------------------------
    Project ID: Closure
       Program: closure-compiler
    Build file: /Users/likhithasurakasi/defects4j/framework/projects/Closure/Closure.build.xml
--------------------------------------------------------------------------------
           Vcs: Vcs::Git
    Repository: /Users/likhithasurakasi/defects4j/project_repos/closure-compiler.git
     Commit db: /Users/likhithasurakasi/defects4j/framework/projects/Closure/active-bugs.csv
Number of bugs: 174
--------------------------------------------------------------------------------

Summary for Bug: Closure-122
--------------------------------------------------------------------------------
Revision ID (fixed version):
a8a456b183c9600658bcb0c72091bae1a30a4fda
--------------------------------------------------------------------------------
Revision date (fixed version):
2013-07-12 16:19:23 -0700
--------------------------------------------------------------------------------
Bug report id:
1037
--------------------------------------------------------------------------------
Bug report url:
https://storage.googleapis.com/google-code-archive/v2/code.google.com/closure-compiler/issues/issue-1037.json
--------------------------------------------------------------------------------
Root cause in triggering tests:
 - com.google.javascript.jscomp.parsing.ParserTest::testSuspiciousBlockCommentWarning3
   --> junit.framework.AssertionFailedError
 - com.google.javascript.jscomp.parsing.ParserTest::testSuspiciousBlockCommentWarning4
   --> junit.framework.AssertionFailedError
 - com.google.javascript.jscomp.parsing.ParserTest::testSuspiciousBlockCommentWarning5
   --> junit.framework.AssertionFailedError
--------------------------------------------------------------------------------
List of modified sources:
 - com.google.javascript.jscomp.parsing.IRFactory
--------------------------------------------------------------------------------
",https://storage.googleapis.com/google-code-archive/v2/code.google.com/closure-compiler/issues/issue-1037.json,1,1,"
            Bug report URL: https://storage.googleapis.com/google-code-archive/v2/code.google.com/closure-compiler/issues/issue-1037.json

            Original files:
            {}

            Instruction: Given bug report URL and Original files, fix the bug by rewriting the files in orignal files

            STRICTLY follow this format for each file. Do NOT add any extra text, explanations, or quotes. Repeat the format for multiple files.

            ---FILE_START---
            FILENAME: <full_file_name>
            CONTENT:
            <full file content here>
            ---FILE_END---
            
            "
Closure,123,"Summary of configuration for Project: Closure
--------------------------------------------------------------------------------
    Script dir: /Users/likhithasurakasi/defects4j/framework
      Base dir: /Users/likhithasurakasi/defects4j
    Major root: /Users/likhithasurakasi/defects4j/major
      Repo dir: /Users/likhithasurakasi/defects4j/project_repos
--------------------------------------------------------------------------------
    Project ID: Closure
       Program: closure-compiler
    Build file: /Users/likhithasurakasi/defects4j/framework/projects/Closure/Closure.build.xml
--------------------------------------------------------------------------------
           Vcs: Vcs::Git
    Repository: /Users/likhithasurakasi/defects4j/project_repos/closure-compiler.git
     Commit db: /Users/likhithasurakasi/defects4j/framework/projects/Closure/active-bugs.csv
Number of bugs: 174
--------------------------------------------------------------------------------

Summary for Bug: Closure-123
--------------------------------------------------------------------------------
Revision ID (fixed version):
8d11b8cc7a6183222b61c9bd398fed5448c59109
--------------------------------------------------------------------------------
Revision date (fixed version):
2013-06-28 16:09:36 -0700
--------------------------------------------------------------------------------
Bug report id:
1033
--------------------------------------------------------------------------------
Bug report url:
https://storage.googleapis.com/google-code-archive/v2/code.google.com/closure-compiler/issues/issue-1033.json
--------------------------------------------------------------------------------
Root cause in triggering tests:
 - com.google.javascript.jscomp.CodePrinterTest::testPrintInOperatorInForLoop
   --> junit.framework.ComparisonFailure: expected:<for(a=c?0:[(0 in d)];;)foo()> but was:<for(a=c?0:[0 in d];;)foo()>
--------------------------------------------------------------------------------
List of modified sources:
 - com.google.javascript.jscomp.CodeGenerator
--------------------------------------------------------------------------------
",https://storage.googleapis.com/google-code-archive/v2/code.google.com/closure-compiler/issues/issue-1033.json,1,1,"
            Bug report URL: https://storage.googleapis.com/google-code-archive/v2/code.google.com/closure-compiler/issues/issue-1033.json

            Original files:
            {}

            Instruction: Given bug report URL and Original files, fix the bug by rewriting the files in orignal files

            STRICTLY follow this format for each file. Do NOT add any extra text, explanations, or quotes. Repeat the format for multiple files.

            ---FILE_START---
            FILENAME: <full_file_name>
            CONTENT:
            <full file content here>
            ---FILE_END---
            
            "
Closure,124,"Summary of configuration for Project: Closure
--------------------------------------------------------------------------------
    Script dir: /Users/likhithasurakasi/defects4j/framework
      Base dir: /Users/likhithasurakasi/defects4j
    Major root: /Users/likhithasurakasi/defects4j/major
      Repo dir: /Users/likhithasurakasi/defects4j/project_repos
--------------------------------------------------------------------------------
    Project ID: Closure
       Program: closure-compiler
    Build file: /Users/likhithasurakasi/defects4j/framework/projects/Closure/Closure.build.xml
--------------------------------------------------------------------------------
           Vcs: Vcs::Git
    Repository: /Users/likhithasurakasi/defects4j/project_repos/closure-compiler.git
     Commit db: /Users/likhithasurakasi/defects4j/framework/projects/Closure/active-bugs.csv
Number of bugs: 174
--------------------------------------------------------------------------------

Summary for Bug: Closure-124
--------------------------------------------------------------------------------
Revision ID (fixed version):
e7f4269d0289f4d47217207ec456219db8efe47c
--------------------------------------------------------------------------------
Revision date (fixed version):
2013-06-05 16:45:35 -0700
--------------------------------------------------------------------------------
Bug report id:
1017
--------------------------------------------------------------------------------
Bug report url:
https://storage.googleapis.com/google-code-archive/v2/code.google.com/closure-compiler/issues/issue-1017.json
--------------------------------------------------------------------------------
Root cause in triggering tests:
 - com.google.javascript.jscomp.ExploitAssignsTest::testIssue1017
   --> junit.framework.AssertionFailedError: 
--------------------------------------------------------------------------------
List of modified sources:
 - com.google.javascript.jscomp.ExploitAssigns
--------------------------------------------------------------------------------
",https://storage.googleapis.com/google-code-archive/v2/code.google.com/closure-compiler/issues/issue-1017.json,1,1,"
            Bug report URL: https://storage.googleapis.com/google-code-archive/v2/code.google.com/closure-compiler/issues/issue-1017.json

            Original files:
            {}

            Instruction: Given bug report URL and Original files, fix the bug by rewriting the files in orignal files

            STRICTLY follow this format for each file. Do NOT add any extra text, explanations, or quotes. Repeat the format for multiple files.

            ---FILE_START---
            FILENAME: <full_file_name>
            CONTENT:
            <full file content here>
            ---FILE_END---
            
            "
Closure,125,"Summary of configuration for Project: Closure
--------------------------------------------------------------------------------
    Script dir: /Users/likhithasurakasi/defects4j/framework
      Base dir: /Users/likhithasurakasi/defects4j
    Major root: /Users/likhithasurakasi/defects4j/major
      Repo dir: /Users/likhithasurakasi/defects4j/project_repos
--------------------------------------------------------------------------------
    Project ID: Closure
       Program: closure-compiler
    Build file: /Users/likhithasurakasi/defects4j/framework/projects/Closure/Closure.build.xml
--------------------------------------------------------------------------------
           Vcs: Vcs::Git
    Repository: /Users/likhithasurakasi/defects4j/project_repos/closure-compiler.git
     Commit db: /Users/likhithasurakasi/defects4j/framework/projects/Closure/active-bugs.csv
Number of bugs: 174
--------------------------------------------------------------------------------

Summary for Bug: Closure-125
--------------------------------------------------------------------------------
Revision ID (fixed version):
8cef00180a5cf67d047919c89668a6405030dbab
--------------------------------------------------------------------------------
Revision date (fixed version):
2013-05-23 18:49:49 -0700
--------------------------------------------------------------------------------
Bug report id:
1002
--------------------------------------------------------------------------------
Bug report url:
https://storage.googleapis.com/google-code-archive/v2/code.google.com/closure-compiler/issues/issue-1002.json
--------------------------------------------------------------------------------
Root cause in triggering tests:
 - com.google.javascript.jscomp.TypeCheckTest::testIssue1002
   --> java.lang.IllegalStateException
--------------------------------------------------------------------------------
List of modified sources:
 - com.google.javascript.jscomp.TypeCheck
--------------------------------------------------------------------------------
",https://storage.googleapis.com/google-code-archive/v2/code.google.com/closure-compiler/issues/issue-1002.json,1,1,"
            Bug report URL: https://storage.googleapis.com/google-code-archive/v2/code.google.com/closure-compiler/issues/issue-1002.json

            Original files:
            {}

            Instruction: Given bug report URL and Original files, fix the bug by rewriting the files in orignal files

            STRICTLY follow this format for each file. Do NOT add any extra text, explanations, or quotes. Repeat the format for multiple files.

            ---FILE_START---
            FILENAME: <full_file_name>
            CONTENT:
            <full file content here>
            ---FILE_END---
            
            "
Closure,126,"Summary of configuration for Project: Closure
--------------------------------------------------------------------------------
    Script dir: /Users/likhithasurakasi/defects4j/framework
      Base dir: /Users/likhithasurakasi/defects4j
    Major root: /Users/likhithasurakasi/defects4j/major
      Repo dir: /Users/likhithasurakasi/defects4j/project_repos
--------------------------------------------------------------------------------
    Project ID: Closure
       Program: closure-compiler
    Build file: /Users/likhithasurakasi/defects4j/framework/projects/Closure/Closure.build.xml
--------------------------------------------------------------------------------
           Vcs: Vcs::Git
    Repository: /Users/likhithasurakasi/defects4j/project_repos/closure-compiler.git
     Commit db: /Users/likhithasurakasi/defects4j/framework/projects/Closure/active-bugs.csv
Number of bugs: 174
--------------------------------------------------------------------------------

Summary for Bug: Closure-126
--------------------------------------------------------------------------------
Revision ID (fixed version):
bd2803b6d9ab600906b262ae51cb3591160b5f3c
--------------------------------------------------------------------------------
Revision date (fixed version):
2013-03-22 17:55:49 -0700
--------------------------------------------------------------------------------
Bug report id:
936
--------------------------------------------------------------------------------
Bug report url:
https://storage.googleapis.com/google-code-archive/v2/code.google.com/closure-compiler/issues/issue-936.json
--------------------------------------------------------------------------------
Root cause in triggering tests:
 - com.google.javascript.jscomp.MinimizeExitPointsTest::testDontRemoveBreakInTryFinally
   --> junit.framework.AssertionFailedError: 
 - com.google.javascript.jscomp.MinimizeExitPointsTest::testFunctionReturnOptimization
   --> junit.framework.AssertionFailedError: 
--------------------------------------------------------------------------------
List of modified sources:
 - com.google.javascript.jscomp.MinimizeExitPoints
--------------------------------------------------------------------------------
",https://storage.googleapis.com/google-code-archive/v2/code.google.com/closure-compiler/issues/issue-936.json,1,1,"
            Bug report URL: https://storage.googleapis.com/google-code-archive/v2/code.google.com/closure-compiler/issues/issue-936.json

            Original files:
            {}

            Instruction: Given bug report URL and Original files, fix the bug by rewriting the files in orignal files

            STRICTLY follow this format for each file. Do NOT add any extra text, explanations, or quotes. Repeat the format for multiple files.

            ---FILE_START---
            FILENAME: <full_file_name>
            CONTENT:
            <full file content here>
            ---FILE_END---
            
            "
Closure,127,"Summary of configuration for Project: Closure
--------------------------------------------------------------------------------
    Script dir: /Users/likhithasurakasi/defects4j/framework
      Base dir: /Users/likhithasurakasi/defects4j
    Major root: /Users/likhithasurakasi/defects4j/major
      Repo dir: /Users/likhithasurakasi/defects4j/project_repos
--------------------------------------------------------------------------------
    Project ID: Closure
       Program: closure-compiler
    Build file: /Users/likhithasurakasi/defects4j/framework/projects/Closure/Closure.build.xml
--------------------------------------------------------------------------------
           Vcs: Vcs::Git
    Repository: /Users/likhithasurakasi/defects4j/project_repos/closure-compiler.git
     Commit db: /Users/likhithasurakasi/defects4j/framework/projects/Closure/active-bugs.csv
Number of bugs: 174
--------------------------------------------------------------------------------

Summary for Bug: Closure-127
--------------------------------------------------------------------------------
Revision ID (fixed version):
211dc0161ae737f59cac22f30b048d56a059d14b
--------------------------------------------------------------------------------
Revision date (fixed version):
2013-03-22 17:55:47 -0700
--------------------------------------------------------------------------------
Bug report id:
936
--------------------------------------------------------------------------------
Bug report url:
https://storage.googleapis.com/google-code-archive/v2/code.google.com/closure-compiler/issues/issue-936.json
--------------------------------------------------------------------------------
Root cause in triggering tests:
 - com.google.javascript.jscomp.UnreachableCodeEliminationTest::testIssue4177428_return
   --> junit.framework.AssertionFailedError: 
 - com.google.javascript.jscomp.UnreachableCodeEliminationTest::testDontRemoveBreakInTryFinally
   --> junit.framework.AssertionFailedError: 
 - com.google.javascript.jscomp.UnreachableCodeEliminationTest::testIssue4177428_continue
   --> junit.framework.AssertionFailedError: 
 - com.google.javascript.jscomp.UnreachableCodeEliminationTest::testDontRemoveBreakInTryFinallySwitch
   --> junit.framework.AssertionFailedError: 
 - com.google.javascript.jscomp.UnreachableCodeEliminationTest::testIssue4177428a
   --> junit.framework.AssertionFailedError: 
 - com.google.javascript.jscomp.UnreachableCodeEliminationTest::testIssue4177428c
   --> junit.framework.AssertionFailedError: 
--------------------------------------------------------------------------------
List of modified sources:
 - com.google.javascript.jscomp.UnreachableCodeElimination
--------------------------------------------------------------------------------
",https://storage.googleapis.com/google-code-archive/v2/code.google.com/closure-compiler/issues/issue-936.json,1,1,"
            Bug report URL: https://storage.googleapis.com/google-code-archive/v2/code.google.com/closure-compiler/issues/issue-936.json

            Original files:
            {}

            Instruction: Given bug report URL and Original files, fix the bug by rewriting the files in orignal files

            STRICTLY follow this format for each file. Do NOT add any extra text, explanations, or quotes. Repeat the format for multiple files.

            ---FILE_START---
            FILENAME: <full_file_name>
            CONTENT:
            <full file content here>
            ---FILE_END---
            
            "
Closure,128,"Summary of configuration for Project: Closure
--------------------------------------------------------------------------------
    Script dir: /Users/likhithasurakasi/defects4j/framework
      Base dir: /Users/likhithasurakasi/defects4j
    Major root: /Users/likhithasurakasi/defects4j/major
      Repo dir: /Users/likhithasurakasi/defects4j/project_repos
--------------------------------------------------------------------------------
    Project ID: Closure
       Program: closure-compiler
    Build file: /Users/likhithasurakasi/defects4j/framework/projects/Closure/Closure.build.xml
--------------------------------------------------------------------------------
           Vcs: Vcs::Git
    Repository: /Users/likhithasurakasi/defects4j/project_repos/closure-compiler.git
     Commit db: /Users/likhithasurakasi/defects4j/framework/projects/Closure/active-bugs.csv
Number of bugs: 174
--------------------------------------------------------------------------------

Summary for Bug: Closure-128
--------------------------------------------------------------------------------
Revision ID (fixed version):
d82fb38b0121bf690cea58df293185c7e91ded9c
--------------------------------------------------------------------------------
Revision date (fixed version):
2013-03-20 09:48:28 -0700
--------------------------------------------------------------------------------
Bug report id:
942
--------------------------------------------------------------------------------
Bug report url:
https://storage.googleapis.com/google-code-archive/v2/code.google.com/closure-compiler/issues/issue-942.json
--------------------------------------------------------------------------------
Root cause in triggering tests:
 - com.google.javascript.jscomp.CodePrinterTest::testIssue942
   --> junit.framework.ComparisonFailure: expected:<var x={[0]:1}> but was:<var x={[""0""]:1}>
--------------------------------------------------------------------------------
List of modified sources:
 - com.google.javascript.jscomp.CodeGenerator
--------------------------------------------------------------------------------
",https://storage.googleapis.com/google-code-archive/v2/code.google.com/closure-compiler/issues/issue-942.json,1,1,"
            Bug report URL: https://storage.googleapis.com/google-code-archive/v2/code.google.com/closure-compiler/issues/issue-942.json

            Original files:
            {}

            Instruction: Given bug report URL and Original files, fix the bug by rewriting the files in orignal files

            STRICTLY follow this format for each file. Do NOT add any extra text, explanations, or quotes. Repeat the format for multiple files.

            ---FILE_START---
            FILENAME: <full_file_name>
            CONTENT:
            <full file content here>
            ---FILE_END---
            
            "
Closure,129,"Summary of configuration for Project: Closure
--------------------------------------------------------------------------------
    Script dir: /Users/likhithasurakasi/defects4j/framework
      Base dir: /Users/likhithasurakasi/defects4j
    Major root: /Users/likhithasurakasi/defects4j/major
      Repo dir: /Users/likhithasurakasi/defects4j/project_repos
--------------------------------------------------------------------------------
    Project ID: Closure
       Program: closure-compiler
    Build file: /Users/likhithasurakasi/defects4j/framework/projects/Closure/Closure.build.xml
--------------------------------------------------------------------------------
           Vcs: Vcs::Git
    Repository: /Users/likhithasurakasi/defects4j/project_repos/closure-compiler.git
     Commit db: /Users/likhithasurakasi/defects4j/framework/projects/Closure/active-bugs.csv
Number of bugs: 174
--------------------------------------------------------------------------------

Summary for Bug: Closure-129
--------------------------------------------------------------------------------
Revision ID (fixed version):
79a8906570f44e5f519282bd32595985ed089aed
--------------------------------------------------------------------------------
Revision date (fixed version):
2013-03-20 09:48:25 -0700
--------------------------------------------------------------------------------
Bug report id:
937
--------------------------------------------------------------------------------
Bug report url:
https://storage.googleapis.com/google-code-archive/v2/code.google.com/closure-compiler/issues/issue-937.json
--------------------------------------------------------------------------------
Root cause in triggering tests:
 - com.google.javascript.jscomp.IntegrationTest::testIssue937
   --> junit.framework.AssertionFailedError: 
--------------------------------------------------------------------------------
List of modified sources:
 - com.google.javascript.jscomp.PrepareAst
--------------------------------------------------------------------------------
",https://storage.googleapis.com/google-code-archive/v2/code.google.com/closure-compiler/issues/issue-937.json,1,1,"
            Bug report URL: https://storage.googleapis.com/google-code-archive/v2/code.google.com/closure-compiler/issues/issue-937.json

            Original files:
            {}

            Instruction: Given bug report URL and Original files, fix the bug by rewriting the files in orignal files

            STRICTLY follow this format for each file. Do NOT add any extra text, explanations, or quotes. Repeat the format for multiple files.

            ---FILE_START---
            FILENAME: <full_file_name>
            CONTENT:
            <full file content here>
            ---FILE_END---
            
            "
Closure,130,"Summary of configuration for Project: Closure
--------------------------------------------------------------------------------
    Script dir: /Users/likhithasurakasi/defects4j/framework
      Base dir: /Users/likhithasurakasi/defects4j
    Major root: /Users/likhithasurakasi/defects4j/major
      Repo dir: /Users/likhithasurakasi/defects4j/project_repos
--------------------------------------------------------------------------------
    Project ID: Closure
       Program: closure-compiler
    Build file: /Users/likhithasurakasi/defects4j/framework/projects/Closure/Closure.build.xml
--------------------------------------------------------------------------------
           Vcs: Vcs::Git
    Repository: /Users/likhithasurakasi/defects4j/project_repos/closure-compiler.git
     Commit db: /Users/likhithasurakasi/defects4j/framework/projects/Closure/active-bugs.csv
Number of bugs: 174
--------------------------------------------------------------------------------

Summary for Bug: Closure-130
--------------------------------------------------------------------------------
Revision ID (fixed version):
9fac3ccd2fa9e6137584f079db1a6f5962a65cf4
--------------------------------------------------------------------------------
Revision date (fixed version):
2013-02-27 15:08:53 -0800
--------------------------------------------------------------------------------
Bug report id:
931
--------------------------------------------------------------------------------
Bug report url:
https://storage.googleapis.com/google-code-archive/v2/code.google.com/closure-compiler/issues/issue-931.json
--------------------------------------------------------------------------------
Root cause in triggering tests:
 - com.google.javascript.jscomp.CollapsePropertiesTest::testIssue931
   --> junit.framework.AssertionFailedError: 
--------------------------------------------------------------------------------
List of modified sources:
 - com.google.javascript.jscomp.CollapseProperties
--------------------------------------------------------------------------------
",https://storage.googleapis.com/google-code-archive/v2/code.google.com/closure-compiler/issues/issue-931.json,1,1,"
            Bug report URL: https://storage.googleapis.com/google-code-archive/v2/code.google.com/closure-compiler/issues/issue-931.json

            Original files:
            {}

            Instruction: Given bug report URL and Original files, fix the bug by rewriting the files in orignal files

            STRICTLY follow this format for each file. Do NOT add any extra text, explanations, or quotes. Repeat the format for multiple files.

            ---FILE_START---
            FILENAME: <full_file_name>
            CONTENT:
            <full file content here>
            ---FILE_END---
            
            "
Closure,131,"Summary of configuration for Project: Closure
--------------------------------------------------------------------------------
    Script dir: /Users/likhithasurakasi/defects4j/framework
      Base dir: /Users/likhithasurakasi/defects4j
    Major root: /Users/likhithasurakasi/defects4j/major
      Repo dir: /Users/likhithasurakasi/defects4j/project_repos
--------------------------------------------------------------------------------
    Project ID: Closure
       Program: closure-compiler
    Build file: /Users/likhithasurakasi/defects4j/framework/projects/Closure/Closure.build.xml
--------------------------------------------------------------------------------
           Vcs: Vcs::Git
    Repository: /Users/likhithasurakasi/defects4j/project_repos/closure-compiler.git
     Commit db: /Users/likhithasurakasi/defects4j/framework/projects/Closure/active-bugs.csv
Number of bugs: 174
--------------------------------------------------------------------------------

Summary for Bug: Closure-131
--------------------------------------------------------------------------------
Revision ID (fixed version):
7f6700e2b54af3af409f3e8851a0d98a72beef4b
--------------------------------------------------------------------------------
Revision date (fixed version):
2013-02-26 17:18:25 -0800
--------------------------------------------------------------------------------
Bug report id:
921
--------------------------------------------------------------------------------
Bug report url:
https://storage.googleapis.com/google-code-archive/v2/code.google.com/closure-compiler/issues/issue-921.json
--------------------------------------------------------------------------------
Root cause in triggering tests:
 - com.google.javascript.jscomp.ConvertToDottedPropertiesTest::testQuotedProps
   --> junit.framework.AssertionFailedError: 
 - com.google.javascript.jscomp.ConvertToDottedPropertiesTest::testDoNotConvert
   --> junit.framework.AssertionFailedError: 
--------------------------------------------------------------------------------
List of modified sources:
 - com.google.javascript.rhino.TokenStream
--------------------------------------------------------------------------------
",https://storage.googleapis.com/google-code-archive/v2/code.google.com/closure-compiler/issues/issue-921.json,1,1,"
            Bug report URL: https://storage.googleapis.com/google-code-archive/v2/code.google.com/closure-compiler/issues/issue-921.json

            Original files:
            {}

            Instruction: Given bug report URL and Original files, fix the bug by rewriting the files in orignal files

            STRICTLY follow this format for each file. Do NOT add any extra text, explanations, or quotes. Repeat the format for multiple files.

            ---FILE_START---
            FILENAME: <full_file_name>
            CONTENT:
            <full file content here>
            ---FILE_END---
            
            "
Closure,132,"Summary of configuration for Project: Closure
--------------------------------------------------------------------------------
    Script dir: /Users/likhithasurakasi/defects4j/framework
      Base dir: /Users/likhithasurakasi/defects4j
    Major root: /Users/likhithasurakasi/defects4j/major
      Repo dir: /Users/likhithasurakasi/defects4j/project_repos
--------------------------------------------------------------------------------
    Project ID: Closure
       Program: closure-compiler
    Build file: /Users/likhithasurakasi/defects4j/framework/projects/Closure/Closure.build.xml
--------------------------------------------------------------------------------
           Vcs: Vcs::Git
    Repository: /Users/likhithasurakasi/defects4j/project_repos/closure-compiler.git
     Commit db: /Users/likhithasurakasi/defects4j/framework/projects/Closure/active-bugs.csv
Number of bugs: 174
--------------------------------------------------------------------------------

Summary for Bug: Closure-132
--------------------------------------------------------------------------------
Revision ID (fixed version):
5b9485903b5e7d926f49dc91b915a256df92591c
--------------------------------------------------------------------------------
Revision date (fixed version):
2013-02-25 10:05:04 -0800
--------------------------------------------------------------------------------
Bug report id:
925
--------------------------------------------------------------------------------
Bug report url:
https://storage.googleapis.com/google-code-archive/v2/code.google.com/closure-compiler/issues/issue-925.json
--------------------------------------------------------------------------------
Root cause in triggering tests:
 - com.google.javascript.jscomp.PeepholeSubstituteAlternateSyntaxTest::testIssue925
   --> junit.framework.AssertionFailedError: 
--------------------------------------------------------------------------------
List of modified sources:
 - com.google.javascript.jscomp.PeepholeSubstituteAlternateSyntax
--------------------------------------------------------------------------------
",https://storage.googleapis.com/google-code-archive/v2/code.google.com/closure-compiler/issues/issue-925.json,1,1,"
            Bug report URL: https://storage.googleapis.com/google-code-archive/v2/code.google.com/closure-compiler/issues/issue-925.json

            Original files:
            {}

            Instruction: Given bug report URL and Original files, fix the bug by rewriting the files in orignal files

            STRICTLY follow this format for each file. Do NOT add any extra text, explanations, or quotes. Repeat the format for multiple files.

            ---FILE_START---
            FILENAME: <full_file_name>
            CONTENT:
            <full file content here>
            ---FILE_END---
            
            "
Closure,133,"Summary of configuration for Project: Closure
--------------------------------------------------------------------------------
    Script dir: /Users/likhithasurakasi/defects4j/framework
      Base dir: /Users/likhithasurakasi/defects4j
    Major root: /Users/likhithasurakasi/defects4j/major
      Repo dir: /Users/likhithasurakasi/defects4j/project_repos
--------------------------------------------------------------------------------
    Project ID: Closure
       Program: closure-compiler
    Build file: /Users/likhithasurakasi/defects4j/framework/projects/Closure/Closure.build.xml
--------------------------------------------------------------------------------
           Vcs: Vcs::Git
    Repository: /Users/likhithasurakasi/defects4j/project_repos/closure-compiler.git
     Commit db: /Users/likhithasurakasi/defects4j/framework/projects/Closure/active-bugs.csv
Number of bugs: 174
--------------------------------------------------------------------------------

Summary for Bug: Closure-133
--------------------------------------------------------------------------------
Revision ID (fixed version):
4fbbc47cb18f241b23dd2d4bf9c15d45b2473523
--------------------------------------------------------------------------------
Revision date (fixed version):
2013-02-21 14:37:42 -0800
--------------------------------------------------------------------------------
Bug report id:
919
--------------------------------------------------------------------------------
Bug report url:
https://storage.googleapis.com/google-code-archive/v2/code.google.com/closure-compiler/issues/issue-919.json
--------------------------------------------------------------------------------
Root cause in triggering tests:
 - com.google.javascript.jscomp.parsing.JsDocInfoParserTest::testTextExtents
   --> java.lang.IllegalStateException: Recorded bad position information
--------------------------------------------------------------------------------
List of modified sources:
 - com.google.javascript.jscomp.parsing.JsDocInfoParser
--------------------------------------------------------------------------------
",https://storage.googleapis.com/google-code-archive/v2/code.google.com/closure-compiler/issues/issue-919.json,1,1,"
            Bug report URL: https://storage.googleapis.com/google-code-archive/v2/code.google.com/closure-compiler/issues/issue-919.json

            Original files:
            {}

            Instruction: Given bug report URL and Original files, fix the bug by rewriting the files in orignal files

            STRICTLY follow this format for each file. Do NOT add any extra text, explanations, or quotes. Repeat the format for multiple files.

            ---FILE_START---
            FILENAME: <full_file_name>
            CONTENT:
            <full file content here>
            ---FILE_END---
            
            "
Closure,134,"Summary of configuration for Project: Closure
--------------------------------------------------------------------------------
    Script dir: /Users/likhithasurakasi/defects4j/framework
      Base dir: /Users/likhithasurakasi/defects4j
    Major root: /Users/likhithasurakasi/defects4j/major
      Repo dir: /Users/likhithasurakasi/defects4j/project_repos
--------------------------------------------------------------------------------
    Project ID: Closure
       Program: closure-compiler
    Build file: /Users/likhithasurakasi/defects4j/framework/projects/Closure/Closure.build.xml
--------------------------------------------------------------------------------
           Vcs: Vcs::Git
    Repository: /Users/likhithasurakasi/defects4j/project_repos/closure-compiler.git
     Commit db: /Users/likhithasurakasi/defects4j/framework/projects/Closure/active-bugs.csv
Number of bugs: 174
--------------------------------------------------------------------------------

Summary for Bug: Closure-134
--------------------------------------------------------------------------------
Revision ID (fixed version):
6d374c3ee4c9c2651ffb44048924e127fd2bf37c
--------------------------------------------------------------------------------
Revision date (fixed version):
2010-01-08 21:41:36 +0000
--------------------------------------------------------------------------------
Bug report id:
86
--------------------------------------------------------------------------------
Bug report url:
https://storage.googleapis.com/google-code-archive/v2/code.google.com/closure-compiler/issues/issue-86.json
--------------------------------------------------------------------------------
Root cause in triggering tests:
 - com.google.javascript.jscomp.AmbiguatePropertiesTest::testImplementsAndExtends
   --> junit.framework.AssertionFailedError: 
 - com.google.javascript.jscomp.TypeCheckTest::testIssue86
   --> junit.framework.AssertionFailedError: expected a warning
--------------------------------------------------------------------------------
List of modified sources:
 - com.google.javascript.jscomp.AmbiguateProperties
 - com.google.javascript.jscomp.TypedScopeCreator
--------------------------------------------------------------------------------
",https://storage.googleapis.com/google-code-archive/v2/code.google.com/closure-compiler/issues/issue-86.json,1,2,"
            Bug report URL: https://storage.googleapis.com/google-code-archive/v2/code.google.com/closure-compiler/issues/issue-86.json

            Original files:
            {}

            Instruction: Given bug report URL and Original files, fix the bug by rewriting the files in orignal files

            STRICTLY follow this format for each file. Do NOT add any extra text, explanations, or quotes. Repeat the format for multiple files.

            ---FILE_START---
            FILENAME: <full_file_name>
            CONTENT:
            <full file content here>
            ---FILE_END---
            
            "
Closure,135,"Summary of configuration for Project: Closure
--------------------------------------------------------------------------------
    Script dir: /Users/likhithasurakasi/defects4j/framework
      Base dir: /Users/likhithasurakasi/defects4j
    Major root: /Users/likhithasurakasi/defects4j/major
      Repo dir: /Users/likhithasurakasi/defects4j/project_repos
--------------------------------------------------------------------------------
    Project ID: Closure
       Program: closure-compiler
    Build file: /Users/likhithasurakasi/defects4j/framework/projects/Closure/Closure.build.xml
--------------------------------------------------------------------------------
           Vcs: Vcs::Git
    Repository: /Users/likhithasurakasi/defects4j/project_repos/closure-compiler.git
     Commit db: /Users/likhithasurakasi/defects4j/framework/projects/Closure/active-bugs.csv
Number of bugs: 174
--------------------------------------------------------------------------------

Summary for Bug: Closure-135
--------------------------------------------------------------------------------
Revision ID (fixed version):
d1f25380b5d74c5303533491e36ae4b33a50e2da
--------------------------------------------------------------------------------
Revision date (fixed version):
2010-02-05 18:31:28 +0000
--------------------------------------------------------------------------------
Bug report id:
59
--------------------------------------------------------------------------------
Bug report url:
https://storage.googleapis.com/google-code-archive/v2/code.google.com/closure-compiler/issues/issue-59.json
--------------------------------------------------------------------------------
Root cause in triggering tests:
 - com.google.javascript.jscomp.DevirtualizePrototypeMethodsTest::testRewritePrototypeMethods2
   --> junit.framework.AssertionFailedError: expected:<[FUNCTION a = function (this:a): ?, NAME JSCompiler_StaticMethods_foo$self = a, FUNCTION JSCompiler_StaticMethods_foo = function (a): number, NAME JSCompiler_StaticMethods_bar$self = a, FUNCTION JSCompiler_StaticMethods_bar = function (a, number): number, FUNCTION JSCompiler_StaticMethods_baz = function (a): ?, NEW a = a, CALL JSCompiler_StaticMethods_foo = number, CALL JSCompiler_StaticMethods_bar = number, CALL JSCompiler_StaticMethods_baz = ?]> but was:<[FUNCTION a = function (this:a): ?, NAME JSCompiler_StaticMethods_foo$self = null, FUNCTION JSCompiler_StaticMethods_foo = function (a): number, NAME JSCompiler_StaticMethods_bar$self = null, FUNCTION JSCompiler_StaticMethods_bar = function (a, number): number, FUNCTION JSCompiler_StaticMethods_baz = function (a): ?, NEW a = a, CALL JSCompiler_StaticMethods_foo = number, CALL JSCompiler_StaticMethods_bar = number, CALL JSCompiler_StaticMethods_baz = ?]>
 - com.google.javascript.jscomp.TypeCheckTest::testGoodExtends9
   --> junit.framework.AssertionFailedError: unexpected warnings(s):
--------------------------------------------------------------------------------
List of modified sources:
 - com.google.javascript.jscomp.DevirtualizePrototypeMethods
 - com.google.javascript.rhino.jstype.FunctionType
--------------------------------------------------------------------------------
",https://storage.googleapis.com/google-code-archive/v2/code.google.com/closure-compiler/issues/issue-59.json,1,2,"
            Bug report URL: https://storage.googleapis.com/google-code-archive/v2/code.google.com/closure-compiler/issues/issue-59.json

            Original files:
            {}

            Instruction: Given bug report URL and Original files, fix the bug by rewriting the files in orignal files

            STRICTLY follow this format for each file. Do NOT add any extra text, explanations, or quotes. Repeat the format for multiple files.

            ---FILE_START---
            FILENAME: <full_file_name>
            CONTENT:
            <full file content here>
            ---FILE_END---
            
            "
Closure,136,"Summary of configuration for Project: Closure
--------------------------------------------------------------------------------
    Script dir: /Users/likhithasurakasi/defects4j/framework
      Base dir: /Users/likhithasurakasi/defects4j
    Major root: /Users/likhithasurakasi/defects4j/major
      Repo dir: /Users/likhithasurakasi/defects4j/project_repos
--------------------------------------------------------------------------------
    Project ID: Closure
       Program: closure-compiler
    Build file: /Users/likhithasurakasi/defects4j/framework/projects/Closure/Closure.build.xml
--------------------------------------------------------------------------------
           Vcs: Vcs::Git
    Repository: /Users/likhithasurakasi/defects4j/project_repos/closure-compiler.git
     Commit db: /Users/likhithasurakasi/defects4j/framework/projects/Closure/active-bugs.csv
Number of bugs: 174
--------------------------------------------------------------------------------

Summary for Bug: Closure-136
--------------------------------------------------------------------------------
Revision ID (fixed version):
938f48a60c544f6b7bdb5d49006f654a51ca9a22
--------------------------------------------------------------------------------
Revision date (fixed version):
2010-03-16 22:53:04 +0000
--------------------------------------------------------------------------------
Bug report id:
103
--------------------------------------------------------------------------------
Bug report url:
https://storage.googleapis.com/google-code-archive/v2/code.google.com/closure-compiler/issues/issue-103.json
--------------------------------------------------------------------------------
Root cause in triggering tests:
 - com.google.javascript.jscomp.InlineGettersTest::testIssue2508576_1
   --> junit.framework.ComparisonFailure: expected:<[({a:alert,b:alert}).a(""a"")]> but was:<[]>
 - com.google.javascript.jscomp.InlineGettersTest::testIssue2508576_3
   --> java.lang.RuntimeException: INTERNAL COMPILER ERROR.
 - com.google.javascript.jscomp.MethodCheckTest::testSeparateMethods
   --> junit.framework.AssertionFailedError: Unexpected error(s): JSC_WRONG_ARGUMENT_COUNT. Function oneOrTwoArg2: called with 3 argument(s). All definitions of this function require at least 1 argument(s) and no more than 2 argument(s). at testcode line 1 expected:<0> but was:<1>
 - com.google.javascript.jscomp.RenameVarsTest::testDollarSignSuperExport2
   --> junit.framework.AssertionFailedError: 
--------------------------------------------------------------------------------
List of modified sources:
 - com.google.javascript.jscomp.MethodCompilerPass
 - com.google.javascript.jscomp.RenameVars
--------------------------------------------------------------------------------
",https://storage.googleapis.com/google-code-archive/v2/code.google.com/closure-compiler/issues/issue-103.json,1,2,"
            Bug report URL: https://storage.googleapis.com/google-code-archive/v2/code.google.com/closure-compiler/issues/issue-103.json

            Original files:
            {}

            Instruction: Given bug report URL and Original files, fix the bug by rewriting the files in orignal files

            STRICTLY follow this format for each file. Do NOT add any extra text, explanations, or quotes. Repeat the format for multiple files.

            ---FILE_START---
            FILENAME: <full_file_name>
            CONTENT:
            <full file content here>
            ---FILE_END---
            
            "
Closure,137,"Summary of configuration for Project: Closure
--------------------------------------------------------------------------------
    Script dir: /Users/likhithasurakasi/defects4j/framework
      Base dir: /Users/likhithasurakasi/defects4j
    Major root: /Users/likhithasurakasi/defects4j/major
      Repo dir: /Users/likhithasurakasi/defects4j/project_repos
--------------------------------------------------------------------------------
    Project ID: Closure
       Program: closure-compiler
    Build file: /Users/likhithasurakasi/defects4j/framework/projects/Closure/Closure.build.xml
--------------------------------------------------------------------------------
           Vcs: Vcs::Git
    Repository: /Users/likhithasurakasi/defects4j/project_repos/closure-compiler.git
     Commit db: /Users/likhithasurakasi/defects4j/framework/projects/Closure/active-bugs.csv
Number of bugs: 174
--------------------------------------------------------------------------------

Summary for Bug: Closure-137
--------------------------------------------------------------------------------
Revision ID (fixed version):
da30f170f29e983f014fb029fe5779bfd5d3b04f
--------------------------------------------------------------------------------
Revision date (fixed version):
2010-03-18 22:51:03 +0000
--------------------------------------------------------------------------------
Bug report id:
124
--------------------------------------------------------------------------------
Bug report url:
https://storage.googleapis.com/google-code-archive/v2/code.google.com/closure-compiler/issues/issue-124.json
--------------------------------------------------------------------------------
Root cause in triggering tests:
 - com.google.javascript.jscomp.MakeDeclaredNamesUniqueTest::testOnlyInversion3
   --> junit.framework.AssertionFailedError: 
 - com.google.javascript.jscomp.MakeDeclaredNamesUniqueTest::testOnlyInversion4
   --> junit.framework.AssertionFailedError: 
 - com.google.javascript.jscomp.MakeDeclaredNamesUniqueTest::testArguments
   --> junit.framework.AssertionFailedError: 
 - com.google.javascript.jscomp.MakeDeclaredNamesUniqueTest::testMakeLocalNamesUniqueWithContext1
   --> junit.framework.AssertionFailedError: 
 - com.google.javascript.jscomp.NormalizeTest::testRemoveDuplicateVarDeclarations2
   --> junit.framework.AssertionFailedError: 
--------------------------------------------------------------------------------
List of modified sources:
 - com.google.javascript.jscomp.MakeDeclaredNamesUnique
 - com.google.javascript.jscomp.NodeUtil
 - com.google.javascript.jscomp.Normalize
--------------------------------------------------------------------------------
",https://storage.googleapis.com/google-code-archive/v2/code.google.com/closure-compiler/issues/issue-124.json,1,3,"
            Bug report URL: https://storage.googleapis.com/google-code-archive/v2/code.google.com/closure-compiler/issues/issue-124.json

            Original files:
            {}

            Instruction: Given bug report URL and Original files, fix the bug by rewriting the files in orignal files

            STRICTLY follow this format for each file. Do NOT add any extra text, explanations, or quotes. Repeat the format for multiple files.

            ---FILE_START---
            FILENAME: <full_file_name>
            CONTENT:
            <full file content here>
            ---FILE_END---
            
            "
Closure,138,"Summary of configuration for Project: Closure
--------------------------------------------------------------------------------
    Script dir: /Users/likhithasurakasi/defects4j/framework
      Base dir: /Users/likhithasurakasi/defects4j
    Major root: /Users/likhithasurakasi/defects4j/major
      Repo dir: /Users/likhithasurakasi/defects4j/project_repos
--------------------------------------------------------------------------------
    Project ID: Closure
       Program: closure-compiler
    Build file: /Users/likhithasurakasi/defects4j/framework/projects/Closure/Closure.build.xml
--------------------------------------------------------------------------------
           Vcs: Vcs::Git
    Repository: /Users/likhithasurakasi/defects4j/project_repos/closure-compiler.git
     Commit db: /Users/likhithasurakasi/defects4j/framework/projects/Closure/active-bugs.csv
Number of bugs: 174
--------------------------------------------------------------------------------

Summary for Bug: Closure-138
--------------------------------------------------------------------------------
Revision ID (fixed version):
1f5edbcd2b5b09ec59151137e643d9ce75ef1055
--------------------------------------------------------------------------------
Revision date (fixed version):
2010-03-18 23:07:23 +0000
--------------------------------------------------------------------------------
Bug report id:
124
--------------------------------------------------------------------------------
Bug report url:
https://storage.googleapis.com/google-code-archive/v2/code.google.com/closure-compiler/issues/issue-124.json
--------------------------------------------------------------------------------
Root cause in triggering tests:
 - com.google.javascript.jscomp.ClosureReverseAbstractInterpreterTest::testGoogIsArrayOnNull
   --> junit.framework.AssertionFailedError: expected:<Array> but was:<null>
 - com.google.javascript.jscomp.ClosureReverseAbstractInterpreterTest::testGoogIsFunctionOnNull
   --> junit.framework.AssertionFailedError: expected:<Function> but was:<null>
 - com.google.javascript.jscomp.ClosureReverseAbstractInterpreterTest::testGoogIsObjectOnNull
   --> junit.framework.AssertionFailedError: expected:<Object> but was:<null>
 - com.google.javascript.jscomp.TypeCheckTest::testIssue124b
   --> junit.framework.ComparisonFailure: expected:<...tes to false
 - com.google.javascript.jscomp.TypeCheckTest::testIssue124
   --> junit.framework.AssertionFailedError: unexpected warnings(s):
--------------------------------------------------------------------------------
List of modified sources:
 - com.google.javascript.jscomp.ClosureReverseAbstractInterpreter
 - com.google.javascript.jscomp.TypeInference
--------------------------------------------------------------------------------
",https://storage.googleapis.com/google-code-archive/v2/code.google.com/closure-compiler/issues/issue-124.json,1,2,"
            Bug report URL: https://storage.googleapis.com/google-code-archive/v2/code.google.com/closure-compiler/issues/issue-124.json

            Original files:
            {}

            Instruction: Given bug report URL and Original files, fix the bug by rewriting the files in orignal files

            STRICTLY follow this format for each file. Do NOT add any extra text, explanations, or quotes. Repeat the format for multiple files.

            ---FILE_START---
            FILENAME: <full_file_name>
            CONTENT:
            <full file content here>
            ---FILE_END---
            
            "
Closure,139,"Summary of configuration for Project: Closure
--------------------------------------------------------------------------------
    Script dir: /Users/likhithasurakasi/defects4j/framework
      Base dir: /Users/likhithasurakasi/defects4j
    Major root: /Users/likhithasurakasi/defects4j/major
      Repo dir: /Users/likhithasurakasi/defects4j/project_repos
--------------------------------------------------------------------------------
    Project ID: Closure
       Program: closure-compiler
    Build file: /Users/likhithasurakasi/defects4j/framework/projects/Closure/Closure.build.xml
--------------------------------------------------------------------------------
           Vcs: Vcs::Git
    Repository: /Users/likhithasurakasi/defects4j/project_repos/closure-compiler.git
     Commit db: /Users/likhithasurakasi/defects4j/framework/projects/Closure/active-bugs.csv
Number of bugs: 174
--------------------------------------------------------------------------------

Summary for Bug: Closure-139
--------------------------------------------------------------------------------
Revision ID (fixed version):
b347ce3a71e23a4ab92dc0a6c07d43e2f497c953
--------------------------------------------------------------------------------
Revision date (fixed version):
2010-03-22 22:55:34 +0000
--------------------------------------------------------------------------------
Bug report id:
33
--------------------------------------------------------------------------------
Bug report url:
https://storage.googleapis.com/google-code-archive/v2/code.google.com/closure-compiler/issues/issue-33.json
--------------------------------------------------------------------------------
Root cause in triggering tests:
 - com.google.javascript.jscomp.NormalizeTest::testNormalizeFunctionDeclarations
   --> junit.framework.AssertionFailedError: 
 - com.google.javascript.jscomp.NormalizeTest::testRemoveDuplicateVarDeclarations3
   --> junit.framework.AssertionFailedError: Unexpected error(s): JSC_VAR_MULTIPLY_DECLARED_ERROR. Variable f first declared in testcode at testcode line 1 expected:<0> but was:<1>
 - com.google.javascript.jscomp.NormalizeTest::testMoveFunctions2
   --> junit.framework.AssertionFailedError: 
--------------------------------------------------------------------------------
List of modified sources:
 - com.google.javascript.jscomp.Normalize
--------------------------------------------------------------------------------
",https://storage.googleapis.com/google-code-archive/v2/code.google.com/closure-compiler/issues/issue-33.json,1,1,"
            Bug report URL: https://storage.googleapis.com/google-code-archive/v2/code.google.com/closure-compiler/issues/issue-33.json

            Original files:
            {}

            Instruction: Given bug report URL and Original files, fix the bug by rewriting the files in orignal files

            STRICTLY follow this format for each file. Do NOT add any extra text, explanations, or quotes. Repeat the format for multiple files.

            ---FILE_START---
            FILENAME: <full_file_name>
            CONTENT:
            <full file content here>
            ---FILE_END---
            
            "
Closure,140,"Summary of configuration for Project: Closure
--------------------------------------------------------------------------------
    Script dir: /Users/likhithasurakasi/defects4j/framework
      Base dir: /Users/likhithasurakasi/defects4j
    Major root: /Users/likhithasurakasi/defects4j/major
      Repo dir: /Users/likhithasurakasi/defects4j/project_repos
--------------------------------------------------------------------------------
    Project ID: Closure
       Program: closure-compiler
    Build file: /Users/likhithasurakasi/defects4j/framework/projects/Closure/Closure.build.xml
--------------------------------------------------------------------------------
           Vcs: Vcs::Git
    Repository: /Users/likhithasurakasi/defects4j/project_repos/closure-compiler.git
     Commit db: /Users/likhithasurakasi/defects4j/framework/projects/Closure/active-bugs.csv
Number of bugs: 174
--------------------------------------------------------------------------------

Summary for Bug: Closure-140
--------------------------------------------------------------------------------
Revision ID (fixed version):
a70a7c599e53a7752cf4b9e6e82b4408c3c4c04b
--------------------------------------------------------------------------------
Revision date (fixed version):
2010-03-23 05:51:47 +0000
--------------------------------------------------------------------------------
Bug report id:
126
--------------------------------------------------------------------------------
Bug report url:
https://storage.googleapis.com/google-code-archive/v2/code.google.com/closure-compiler/issues/issue-126.json
--------------------------------------------------------------------------------
Root cause in triggering tests:
 - com.google.javascript.jscomp.CrossModuleCodeMotionTest::testEmptyModule
   --> junit.framework.AssertionFailedError: compiler.reportCodeChange() was called even though nothing changed
--------------------------------------------------------------------------------
List of modified sources:
 - com.google.javascript.jscomp.Compiler
--------------------------------------------------------------------------------
",https://storage.googleapis.com/google-code-archive/v2/code.google.com/closure-compiler/issues/issue-126.json,1,1,"
            Bug report URL: https://storage.googleapis.com/google-code-archive/v2/code.google.com/closure-compiler/issues/issue-126.json

            Original files:
            {}

            Instruction: Given bug report URL and Original files, fix the bug by rewriting the files in orignal files

            STRICTLY follow this format for each file. Do NOT add any extra text, explanations, or quotes. Repeat the format for multiple files.

            ---FILE_START---
            FILENAME: <full_file_name>
            CONTENT:
            <full file content here>
            ---FILE_END---
            
            "
Closure,141,"Summary of configuration for Project: Closure
--------------------------------------------------------------------------------
    Script dir: /Users/likhithasurakasi/defects4j/framework
      Base dir: /Users/likhithasurakasi/defects4j
    Major root: /Users/likhithasurakasi/defects4j/major
      Repo dir: /Users/likhithasurakasi/defects4j/project_repos
--------------------------------------------------------------------------------
    Project ID: Closure
       Program: closure-compiler
    Build file: /Users/likhithasurakasi/defects4j/framework/projects/Closure/Closure.build.xml
--------------------------------------------------------------------------------
           Vcs: Vcs::Git
    Repository: /Users/likhithasurakasi/defects4j/project_repos/closure-compiler.git
     Commit db: /Users/likhithasurakasi/defects4j/framework/projects/Closure/active-bugs.csv
Number of bugs: 174
--------------------------------------------------------------------------------

Summary for Bug: Closure-141
--------------------------------------------------------------------------------
Revision ID (fixed version):
3ce4716848eb71b6e78a4545a2cc0c27e74a29b3
--------------------------------------------------------------------------------
Revision date (fixed version):
2010-03-25 15:58:20 +0000
--------------------------------------------------------------------------------
Bug report id:
116
--------------------------------------------------------------------------------
Bug report url:
https://storage.googleapis.com/google-code-archive/v2/code.google.com/closure-compiler/issues/issue-116.json
--------------------------------------------------------------------------------
Root cause in triggering tests:
 - com.google.javascript.jscomp.ExpresssionDecomposerTest::testCanExposeExpression2
   --> junit.framework.AssertionFailedError: expected:<MOVABLE> but was:<DECOMPOSABLE>
 - com.google.javascript.jscomp.ExpresssionDecomposerTest::testCanExposeExpression7
   --> junit.framework.AssertionFailedError: expected:<MOVABLE> but was:<DECOMPOSABLE>
 - com.google.javascript.jscomp.InlineFunctionsTest::testDecomposeAnonymousInCall
   --> java.lang.IllegalStateException: Call site missed.
 - com.google.javascript.jscomp.PureFunctionIdentifierTest::testCallFunctionFOrGViaHookWithSideEffects
   --> junit.framework.AssertionFailedError: expected:<[(g : g), k]> but was:<[]>
 - com.google.javascript.jscomp.PureFunctionIdentifierTest::testCallFunctionForGorH
   --> junit.framework.AssertionFailedError: expected:<[(f : (g || h)), i]> but was:<[]>
 - com.google.javascript.jscomp.PureFunctionIdentifierTest::testCallFunctionFOrG
   --> junit.framework.AssertionFailedError: expected:<[(f || g), h]> but was:<[]>
 - com.google.javascript.jscomp.PureFunctionIdentifierTest::testCallFunctionFOrGViaHook
   --> junit.framework.AssertionFailedError: expected:<[(f : g), h]> but was:<[]>
 - com.google.javascript.jscomp.PureFunctionIdentifierTest::testCallFunctionFOrGWithSideEffects
   --> junit.framework.AssertionFailedError: expected:<[(g || g), k]> but was:<[]>
--------------------------------------------------------------------------------
List of modified sources:
 - com.google.javascript.jscomp.NodeUtil
 - com.google.javascript.jscomp.PureFunctionIdentifier
--------------------------------------------------------------------------------
",https://storage.googleapis.com/google-code-archive/v2/code.google.com/closure-compiler/issues/issue-116.json,1,2,"
            Bug report URL: https://storage.googleapis.com/google-code-archive/v2/code.google.com/closure-compiler/issues/issue-116.json

            Original files:
            {}

            Instruction: Given bug report URL and Original files, fix the bug by rewriting the files in orignal files

            STRICTLY follow this format for each file. Do NOT add any extra text, explanations, or quotes. Repeat the format for multiple files.

            ---FILE_START---
            FILENAME: <full_file_name>
            CONTENT:
            <full file content here>
            ---FILE_END---
            
            "
Closure,142,"Summary of configuration for Project: Closure
--------------------------------------------------------------------------------
    Script dir: /Users/likhithasurakasi/defects4j/framework
      Base dir: /Users/likhithasurakasi/defects4j
    Major root: /Users/likhithasurakasi/defects4j/major
      Repo dir: /Users/likhithasurakasi/defects4j/project_repos
--------------------------------------------------------------------------------
    Project ID: Closure
       Program: closure-compiler
    Build file: /Users/likhithasurakasi/defects4j/framework/projects/Closure/Closure.build.xml
--------------------------------------------------------------------------------
           Vcs: Vcs::Git
    Repository: /Users/likhithasurakasi/defects4j/project_repos/closure-compiler.git
     Commit db: /Users/likhithasurakasi/defects4j/framework/projects/Closure/active-bugs.csv
Number of bugs: 174
--------------------------------------------------------------------------------

Summary for Bug: Closure-142
--------------------------------------------------------------------------------
Revision ID (fixed version):
c25df7eca2462861bf42ad8b74215099c3f81ae6
--------------------------------------------------------------------------------
Revision date (fixed version):
2010-04-06 06:58:16 +0000
--------------------------------------------------------------------------------
Bug report id:
58
--------------------------------------------------------------------------------
Bug report url:
https://storage.googleapis.com/google-code-archive/v2/code.google.com/closure-compiler/issues/issue-58.json
--------------------------------------------------------------------------------
Root cause in triggering tests:
 - com.google.javascript.jscomp.CoalesceVariableNamesTest::testParameter4
   --> junit.framework.AssertionFailedError: 
 - com.google.javascript.jscomp.parsing.JsDocInfoParserTest::testParseLicenseWithAnnotation
   --> junit.framework.ComparisonFailure: expected:< Foo 
--------------------------------------------------------------------------------
List of modified sources:
 - com.google.javascript.jscomp.CoalesceVariableNames
 - com.google.javascript.jscomp.parsing.JsDocInfoParser
--------------------------------------------------------------------------------
",https://storage.googleapis.com/google-code-archive/v2/code.google.com/closure-compiler/issues/issue-58.json,1,2,"
            Bug report URL: https://storage.googleapis.com/google-code-archive/v2/code.google.com/closure-compiler/issues/issue-58.json

            Original files:
            {}

            Instruction: Given bug report URL and Original files, fix the bug by rewriting the files in orignal files

            STRICTLY follow this format for each file. Do NOT add any extra text, explanations, or quotes. Repeat the format for multiple files.

            ---FILE_START---
            FILENAME: <full_file_name>
            CONTENT:
            <full file content here>
            ---FILE_END---
            
            "
Closure,143,"Summary of configuration for Project: Closure
--------------------------------------------------------------------------------
    Script dir: /Users/likhithasurakasi/defects4j/framework
      Base dir: /Users/likhithasurakasi/defects4j
    Major root: /Users/likhithasurakasi/defects4j/major
      Repo dir: /Users/likhithasurakasi/defects4j/project_repos
--------------------------------------------------------------------------------
    Project ID: Closure
       Program: closure-compiler
    Build file: /Users/likhithasurakasi/defects4j/framework/projects/Closure/Closure.build.xml
--------------------------------------------------------------------------------
           Vcs: Vcs::Git
    Repository: /Users/likhithasurakasi/defects4j/project_repos/closure-compiler.git
     Commit db: /Users/likhithasurakasi/defects4j/framework/projects/Closure/active-bugs.csv
Number of bugs: 174
--------------------------------------------------------------------------------

Summary for Bug: Closure-143
--------------------------------------------------------------------------------
Revision ID (fixed version):
7eaa0d8eca2549742649af34671eaf3da83b5c08
--------------------------------------------------------------------------------
Revision date (fixed version):
2010-04-07 18:34:02 +0000
--------------------------------------------------------------------------------
Bug report id:
139
--------------------------------------------------------------------------------
Bug report url:
https://storage.googleapis.com/google-code-archive/v2/code.google.com/closure-compiler/issues/issue-139.json
--------------------------------------------------------------------------------
Root cause in triggering tests:
 - com.google.javascript.jscomp.CommandLineRunnerTest::testDefineFlag3
   --> java.lang.RuntimeException: --define flag syntax invalid: FOO=""x'""
 - com.google.javascript.jscomp.RemoveConstantExpressionsTest::testCall1
   --> junit.framework.AssertionFailedError: 
 - com.google.javascript.jscomp.RemoveConstantExpressionsTest::testNew1
   --> junit.framework.AssertionFailedError: 
--------------------------------------------------------------------------------
List of modified sources:
 - com.google.javascript.jscomp.AbstractCommandLineRunner
 - com.google.javascript.jscomp.RemoveConstantExpressions
--------------------------------------------------------------------------------
",https://storage.googleapis.com/google-code-archive/v2/code.google.com/closure-compiler/issues/issue-139.json,1,2,"
            Bug report URL: https://storage.googleapis.com/google-code-archive/v2/code.google.com/closure-compiler/issues/issue-139.json

            Original files:
            {}

            Instruction: Given bug report URL and Original files, fix the bug by rewriting the files in orignal files

            STRICTLY follow this format for each file. Do NOT add any extra text, explanations, or quotes. Repeat the format for multiple files.

            ---FILE_START---
            FILENAME: <full_file_name>
            CONTENT:
            <full file content here>
            ---FILE_END---
            
            "
Closure,144,"Summary of configuration for Project: Closure
--------------------------------------------------------------------------------
    Script dir: /Users/likhithasurakasi/defects4j/framework
      Base dir: /Users/likhithasurakasi/defects4j
    Major root: /Users/likhithasurakasi/defects4j/major
      Repo dir: /Users/likhithasurakasi/defects4j/project_repos
--------------------------------------------------------------------------------
    Project ID: Closure
       Program: closure-compiler
    Build file: /Users/likhithasurakasi/defects4j/framework/projects/Closure/Closure.build.xml
--------------------------------------------------------------------------------
           Vcs: Vcs::Git
    Repository: /Users/likhithasurakasi/defects4j/project_repos/closure-compiler.git
     Commit db: /Users/likhithasurakasi/defects4j/framework/projects/Closure/active-bugs.csv
Number of bugs: 174
--------------------------------------------------------------------------------

Summary for Bug: Closure-144
--------------------------------------------------------------------------------
Revision ID (fixed version):
465282f1ca28a208b06c47b55fd292d4631c55da
--------------------------------------------------------------------------------
Revision date (fixed version):
2010-06-23 00:19:37 +0000
--------------------------------------------------------------------------------
Bug report id:
143
--------------------------------------------------------------------------------
Bug report url:
https://storage.googleapis.com/google-code-archive/v2/code.google.com/closure-compiler/issues/issue-143.json
--------------------------------------------------------------------------------
Root cause in triggering tests:
 - com.google.javascript.jscomp.CodePrinterTest::testTypeAnnotationsAssign
   --> junit.framework.ComparisonFailure: expected:</**
 - com.google.javascript.jscomp.CodePrinterTest::testTypeAnnotationsMember
   --> junit.framework.ComparisonFailure: expected:<var a = {};
 - com.google.javascript.jscomp.CodePrinterTest::testOptionalTypesAnnotation
   --> junit.framework.ComparisonFailure: expected:<...param {string=} x
 - com.google.javascript.jscomp.CodePrinterTest::testTempConstructor
   --> junit.framework.ComparisonFailure: expected:</**
 - com.google.javascript.jscomp.CodePrinterTest::testTypeAnnotationsDispatcher1
   --> junit.framework.ComparisonFailure: expected:<var a = {};
 - com.google.javascript.jscomp.CodePrinterTest::testTypeAnnotationsDispatcher2
   --> junit.framework.ComparisonFailure: expected:<var a = {};
 - com.google.javascript.jscomp.CodePrinterTest::testTypeAnnotationsImplements
   --> junit.framework.ComparisonFailure: expected:<var a = {};
 - com.google.javascript.jscomp.CodePrinterTest::testTypeAnnotationsNamespace
   --> junit.framework.ComparisonFailure: expected:<var a = {};
 - com.google.javascript.jscomp.CodePrinterTest::testTypeAnnotations
   --> junit.framework.ComparisonFailure: expected:</**
 - com.google.javascript.jscomp.CodePrinterTest::testVariableArgumentsTypesAnnotation
   --> junit.framework.ComparisonFailure: expected:<...ram {...string} x
 - com.google.javascript.jscomp.CodePrinterTest::testEmitUnknownParamTypesAsAllType
   --> junit.framework.ComparisonFailure: expected:<...*
 - com.google.javascript.jscomp.CodePrinterTest::testTypeAnnotationsMemberSubclass
   --> junit.framework.ComparisonFailure: expected:<var a = {};
 - com.google.javascript.jscomp.DevirtualizePrototypeMethodsTest::testRewritePrototypeMethods2
   --> junit.framework.AssertionFailedError: expected:<[FUNCTION a = function (this:a): undefined, NAME JSCompiler_StaticMethods_foo$self = a, FUNCTION JSCompiler_StaticMethods_foo = function (a): number, NAME JSCompiler_StaticMethods_bar$self = a, FUNCTION JSCompiler_StaticMethods_bar = function (a, number): number, FUNCTION JSCompiler_StaticMethods_baz = function (a): undefined, NEW a = a, CALL JSCompiler_StaticMethods_foo = number, CALL JSCompiler_StaticMethods_bar = number, CALL JSCompiler_StaticMethods_baz = undefined]> but was:<[FUNCTION a = function (this:a): ?, NAME JSCompiler_StaticMethods_foo$self = a, FUNCTION JSCompiler_StaticMethods_foo = function (a): number, NAME JSCompiler_StaticMethods_bar$self = a, FUNCTION JSCompiler_StaticMethods_bar = function (a, number): number, FUNCTION JSCompiler_StaticMethods_baz = function (a): ?, NEW a = a, CALL JSCompiler_StaticMethods_foo = number, CALL JSCompiler_StaticMethods_bar = number, CALL JSCompiler_StaticMethods_baz = ?]>
 - com.google.javascript.jscomp.DisambiguatePropertiesTest::testStaticProperty
   --> junit.framework.AssertionFailedError: 
 - com.google.javascript.jscomp.ExternExportsPassTest::testExportDontEmitPrototypePathPrefix
   --> junit.framework.ComparisonFailure: expected:</**
 - com.google.javascript.jscomp.ExternExportsPassTest::testExportMultiple
   --> junit.framework.ComparisonFailure: expected:<...
 - com.google.javascript.jscomp.ExternExportsPassTest::testExportSymbolWithConstructor
   --> junit.framework.ComparisonFailure: expected:</**
 - com.google.javascript.jscomp.ExternExportsPassTest::testExportSymbolDefinedInVar
   --> junit.framework.ComparisonFailure: expected:<...e
 - com.google.javascript.jscomp.ExternExportsPassTest::testExportSymbol
   --> junit.framework.ComparisonFailure: expected:<...e
 - com.google.javascript.jscomp.ExternExportsPassTest::testExportMultiple2
   --> junit.framework.ComparisonFailure: expected:<...e
 - com.google.javascript.jscomp.ExternExportsPassTest::testExportMultiple3
   --> junit.framework.ComparisonFailure: expected:<...
 - com.google.javascript.jscomp.ExternExportsPassTest::testExportProperty
   --> junit.framework.ComparisonFailure: expected:<...e
 - com.google.javascript.jscomp.LooseTypeCheckTest::testNestedFunctionInference1
   --> junit.framework.ComparisonFailure: expected:<... function (this:f): [undefined]
 - com.google.javascript.jscomp.LooseTypeCheckTest::testScoping10
   --> junit.framework.ComparisonFailure: expected:<function (): [undefined]> but was:<function (): [?]>
 - com.google.javascript.jscomp.LooseTypeCheckTest::testDuplicateOldTypeDef
   --> junit.framework.ComparisonFailure: expected:<...on (this:goog.Bar): [undefined]> but was:<...on (this:goog.Bar): [?]>
 - com.google.javascript.jscomp.LooseTypeCheckTest::testBadConstructorCall
   --> junit.framework.ComparisonFailure: expected:<...unction (this:Foo): [undefined] should be called wi...> but was:<...unction (this:Foo): [?] should be called wi...>
 - com.google.javascript.jscomp.LooseTypeCheckTest::testDontAddMethodsIfNoConstructor
   --> junit.framework.ComparisonFailure: expected:<function (): [undefined]> but was:<function (): [?]>
 - com.google.javascript.jscomp.LooseTypeCheckTest::testInterfaceInheritanceCheck11
   --> junit.framework.ComparisonFailure: expected:<...his:Super, number): [undefined
 - com.google.javascript.jscomp.LooseTypeCheckTest::testErrorMismatchingPropertyOnInterface5
   --> junit.framework.ComparisonFailure: expected:<...nd   : function (): [undefined]
 - com.google.javascript.jscomp.LooseTypeCheckTest::testDuplicateTypeDef
   --> junit.framework.ComparisonFailure: expected:<...on (this:goog.Bar): [undefined]> but was:<...on (this:goog.Bar): [?]>
 - com.google.javascript.jscomp.LooseTypeCheckTest::testBug911118
   --> junit.framework.ComparisonFailure: expected:<function (): [undefined]> but was:<function (): [?]>
 - com.google.javascript.jscomp.LooseTypeCheckTest::testFunctionInference12
   --> junit.framework.ComparisonFailure: expected:<...nd   : function (): [undefined]
 - com.google.javascript.jscomp.LooseTypeCheckTest::testFunctionInference13
   --> junit.framework.ComparisonFailure: expected:<...unction (goog.Foo): [undefined]
 - com.google.javascript.jscomp.LooseTypeCheckTest::testFunctionInference15
   --> junit.framework.ComparisonFailure: expected:<... function (this:f): [undefined]
 - com.google.javascript.jscomp.LooseTypeCheckTest::testFunctionInference16
   --> junit.framework.ComparisonFailure: expected:<... function (this:f): [undefined]
 - com.google.javascript.jscomp.LooseTypeCheckTest::testPrototypePropertyReference
   --> junit.framework.ComparisonFailure: expected:<...(this:Foo, number): [undefined]> but was:<...(this:Foo, number): [?]>
 - com.google.javascript.jscomp.LooseTypeCheckTest::testGoodExtends7
   --> junit.framework.ComparisonFailure: expected:<...ion (this:derived): [undefined]
 - com.google.javascript.jscomp.LooseTypeCheckTest::testTypeRedefinition
   --> junit.framework.ComparisonFailure: expected:<...unction (this:a.A): [undefined], original definitio...> but was:<...unction (this:a.A): [?], original definitio...>
 - com.google.javascript.jscomp.LooseTypeCheckTest::testFunctionInference1
   --> junit.framework.ComparisonFailure: expected:<...d   : function (?): [undefined]
 - com.google.javascript.jscomp.LooseTypeCheckTest::testFunctionInference2
   --> junit.framework.ComparisonFailure: expected:<... : function (?, ?): [undefined]
 - com.google.javascript.jscomp.LooseTypeCheckTest::testFunctionInference3
   --> junit.framework.ComparisonFailure: expected:<... function (...[?]): [undefined]
 - com.google.javascript.jscomp.LooseTypeCheckTest::testFunctionInference4
   --> junit.framework.ComparisonFailure: expected:<... (?, ?, ?, ...[?]): [undefined]
 - com.google.javascript.jscomp.LooseTypeCheckTest::testFunctionInference7
   --> junit.framework.ComparisonFailure: expected:<..., ?, ?, ?, ...[?]): [undefined]
 - com.google.javascript.jscomp.LooseTypeCheckTest::testFunctionInference8
   --> junit.framework.ComparisonFailure: expected:<...nd   : function (): [undefined]
 - com.google.javascript.jscomp.LooseTypeCheckTest::testFunctionInference9
   --> junit.framework.ComparisonFailure: expected:<...nd   : function (): [undefined]
 - com.google.javascript.jscomp.LooseTypeCheckTest::testInterfaceInheritanceCheck7
   --> junit.framework.ComparisonFailure: expected:<...his:Super, number): [undefined
 - com.google.javascript.jscomp.LooseTypeCheckTest::testDuplicateStaticMethodDecl1
   --> junit.framework.ComparisonFailure: expected:<... function (number): [undefined, original definition at [testcode]:1 with type function (number): undefined]> but was:<... function (number): [?, original definition at [testcode]:1 with type function (number): ?]>
 - com.google.javascript.jscomp.LooseTypeCheckTest::testDuplicateStaticMethodDecl5
   --> junit.framework.ComparisonFailure: expected:<... type function (?): [undefined]> but was:<... type function (?): [?]>
 - com.google.javascript.jscomp.TypeCheckTest::testNestedFunctionInference1
   --> junit.framework.ComparisonFailure: expected:<... function (this:f): [undefined]
 - com.google.javascript.jscomp.TypeCheckTest::testScoping10
   --> junit.framework.ComparisonFailure: expected:<function (): [undefined]> but was:<function (): [?]>
 - com.google.javascript.jscomp.TypeCheckTest::testDuplicateOldTypeDef
   --> junit.framework.ComparisonFailure: expected:<...on (this:goog.Bar): [undefined]> but was:<...on (this:goog.Bar): [?]>
 - com.google.javascript.jscomp.TypeCheckTest::testInferredReturn1
   --> junit.framework.AssertionFailedError: expected a warning
 - com.google.javascript.jscomp.TypeCheckTest::testInferredReturn2
   --> junit.framework.AssertionFailedError: expected a warning
 - com.google.javascript.jscomp.TypeCheckTest::testInferredReturn3
   --> junit.framework.AssertionFailedError: expected a warning
 - com.google.javascript.jscomp.TypeCheckTest::testInferredReturn4
   --> junit.framework.AssertionFailedError: expected a warning
 - com.google.javascript.jscomp.TypeCheckTest::testInferredReturn6
   --> junit.framework.AssertionFailedError: expected a warning
 - com.google.javascript.jscomp.TypeCheckTest::testBadConstructorCall
   --> junit.framework.ComparisonFailure: expected:<...unction (this:Foo): [undefined] should be called wi...> but was:<...unction (this:Foo): [?] should be called wi...>
 - com.google.javascript.jscomp.TypeCheckTest::testDontAddMethodsIfNoConstructor
   --> junit.framework.ComparisonFailure: expected:<function (): [undefined]> but was:<function (): [?]>
 - com.google.javascript.jscomp.TypeCheckTest::testInterfaceInheritanceCheck11
   --> junit.framework.ComparisonFailure: expected:<...his:Super, number): [undefined
 - com.google.javascript.jscomp.TypeCheckTest::testErrorMismatchingPropertyOnInterface5
   --> junit.framework.ComparisonFailure: expected:<...nd   : function (): [undefined]
 - com.google.javascript.jscomp.TypeCheckTest::testDuplicateTypeDef
   --> junit.framework.ComparisonFailure: expected:<...on (this:goog.Bar): [undefined]> but was:<...on (this:goog.Bar): [?]>
 - com.google.javascript.jscomp.TypeCheckTest::testBug911118
   --> junit.framework.ComparisonFailure: expected:<function (): [undefined]> but was:<function (): [?]>
 - com.google.javascript.jscomp.TypeCheckTest::testFunctionInference12
   --> junit.framework.ComparisonFailure: expected:<...nd   : function (): [undefined]
 - com.google.javascript.jscomp.TypeCheckTest::testFunctionInference13
   --> junit.framework.ComparisonFailure: expected:<...unction (goog.Foo): [undefined]
 - com.google.javascript.jscomp.TypeCheckTest::testFunctionInference15
   --> junit.framework.ComparisonFailure: expected:<... function (this:f): [undefined]
 - com.google.javascript.jscomp.TypeCheckTest::testFunctionInference16
   --> junit.framework.ComparisonFailure: expected:<... function (this:f): [undefined]
 - com.google.javascript.jscomp.TypeCheckTest::testPrototypePropertyReference
   --> junit.framework.ComparisonFailure: expected:<...(this:Foo, number): [undefined]> but was:<...(this:Foo, number): [?]>
 - com.google.javascript.jscomp.TypeCheckTest::testGoodExtends7
   --> junit.framework.ComparisonFailure: expected:<...ion (this:derived): [undefined]
 - com.google.javascript.jscomp.TypeCheckTest::testTypeRedefinition
   --> junit.framework.ComparisonFailure: expected:<...unction (this:a.A): [undefined], original definitio...> but was:<...unction (this:a.A): [?], original definitio...>
 - com.google.javascript.jscomp.TypeCheckTest::testFunctionInference1
   --> junit.framework.ComparisonFailure: expected:<...d   : function (?): [undefined]
 - com.google.javascript.jscomp.TypeCheckTest::testFunctionInference2
   --> junit.framework.ComparisonFailure: expected:<... : function (?, ?): [undefined]
 - com.google.javascript.jscomp.TypeCheckTest::testFunctionInference3
   --> junit.framework.ComparisonFailure: expected:<... function (...[?]): [undefined]
 - com.google.javascript.jscomp.TypeCheckTest::testFunctionInference4
   --> junit.framework.ComparisonFailure: expected:<... (?, ?, ?, ...[?]): [undefined]
 - com.google.javascript.jscomp.TypeCheckTest::testFunctionInference7
   --> junit.framework.ComparisonFailure: expected:<..., ?, ?, ?, ...[?]): [undefined]
 - com.google.javascript.jscomp.TypeCheckTest::testFunctionInference8
   --> junit.framework.ComparisonFailure: expected:<...nd   : function (): [undefined]
 - com.google.javascript.jscomp.TypeCheckTest::testFunctionInference9
   --> junit.framework.ComparisonFailure: expected:<...nd   : function (): [undefined]
 - com.google.javascript.jscomp.TypeCheckTest::testInterfaceInheritanceCheck7
   --> junit.framework.ComparisonFailure: expected:<...his:Super, number): [undefined
 - com.google.javascript.jscomp.TypeCheckTest::testDuplicateStaticMethodDecl1
   --> junit.framework.ComparisonFailure: expected:<... function (number): [undefined, original definition at [testcode]:1 with type function (number): undefined]> but was:<... function (number): [?, original definition at [testcode]:1 with type function (number): ?]>
 - com.google.javascript.jscomp.TypeCheckTest::testDuplicateStaticMethodDecl5
   --> junit.framework.ComparisonFailure: expected:<... type function (?): [undefined]> but was:<... type function (?): [?]>
 - com.google.javascript.jscomp.TypedScopeCreatorTest::testConstructorNode
   --> junit.framework.ComparisonFailure: expected:<...on (this:goog.Foo): [undefined]> but was:<...on (this:goog.Foo): [?]>
 - com.google.javascript.jscomp.TypedScopeCreatorTest::testPropertiesOnInterface
   --> junit.framework.ComparisonFailure: expected:<function (this:I): [undefined]> but was:<function (this:I): [?]>
 - com.google.javascript.jscomp.TypedScopeCreatorTest::testMethodBeforeFunction
   --> junit.framework.ComparisonFailure: expected:<...n (this:Window, ?): [undefined]> but was:<...n (this:Window, ?): [?]>
 - com.google.javascript.jscomp.TypedScopeCreatorTest::testConstructorProperty
   --> junit.framework.ComparisonFailure: expected:<...ion (this:foo.Bar): [undefined]> but was:<...ion (this:foo.Bar): [?]>
 - com.google.javascript.jscomp.TypedScopeCreatorTest::testReturnTypeInference1
   --> junit.framework.ComparisonFailure: expected:<function (): [undefined]> but was:<function (): [?]>
--------------------------------------------------------------------------------
List of modified sources:
 - com.google.javascript.jscomp.FunctionTypeBuilder
 - com.google.javascript.jscomp.TypedScopeCreator
 - com.google.javascript.rhino.jstype.FunctionBuilder
 - com.google.javascript.rhino.jstype.FunctionType
--------------------------------------------------------------------------------
",https://storage.googleapis.com/google-code-archive/v2/code.google.com/closure-compiler/issues/issue-143.json,1,4,"
            Bug report URL: https://storage.googleapis.com/google-code-archive/v2/code.google.com/closure-compiler/issues/issue-143.json

            Original files:
            {}

            Instruction: Given bug report URL and Original files, fix the bug by rewriting the files in orignal files

            STRICTLY follow this format for each file. Do NOT add any extra text, explanations, or quotes. Repeat the format for multiple files.

            ---FILE_START---
            FILENAME: <full_file_name>
            CONTENT:
            <full file content here>
            ---FILE_END---
            
            "
Closure,145,"Summary of configuration for Project: Closure
--------------------------------------------------------------------------------
    Script dir: /Users/likhithasurakasi/defects4j/framework
      Base dir: /Users/likhithasurakasi/defects4j
    Major root: /Users/likhithasurakasi/defects4j/major
      Repo dir: /Users/likhithasurakasi/defects4j/project_repos
--------------------------------------------------------------------------------
    Project ID: Closure
       Program: closure-compiler
    Build file: /Users/likhithasurakasi/defects4j/framework/projects/Closure/Closure.build.xml
--------------------------------------------------------------------------------
           Vcs: Vcs::Git
    Repository: /Users/likhithasurakasi/defects4j/project_repos/closure-compiler.git
     Commit db: /Users/likhithasurakasi/defects4j/framework/projects/Closure/active-bugs.csv
Number of bugs: 174
--------------------------------------------------------------------------------

Summary for Bug: Closure-145
--------------------------------------------------------------------------------
Revision ID (fixed version):
dff6e0114f19c20aeb63393d67aa0880ff5745b5
--------------------------------------------------------------------------------
Revision date (fixed version):
2010-06-25 23:56:52 +0000
--------------------------------------------------------------------------------
Bug report id:
190
--------------------------------------------------------------------------------
Bug report url:
https://storage.googleapis.com/google-code-archive/v2/code.google.com/closure-compiler/issues/issue-190.json
--------------------------------------------------------------------------------
Root cause in triggering tests:
 - com.google.javascript.jscomp.CodePrinterTest::testFunctionSafariCompatiblity
   --> junit.framework.ComparisonFailure: expected:<if(e1)[{A:function goo(){return true}]}> but was:<if(e1)[A:function goo(){return true]}>
 - com.google.javascript.jscomp.CodePrinterTest::testDoLoopIECompatiblity
   --> junit.framework.ComparisonFailure: expected:<if(x)[{A:do foo();while(y)}]> but was:<if(x)[A:do foo();while(y)]>
--------------------------------------------------------------------------------
List of modified sources:
 - com.google.javascript.jscomp.CodeGenerator
--------------------------------------------------------------------------------
",https://storage.googleapis.com/google-code-archive/v2/code.google.com/closure-compiler/issues/issue-190.json,1,1,"
            Bug report URL: https://storage.googleapis.com/google-code-archive/v2/code.google.com/closure-compiler/issues/issue-190.json

            Original files:
            {}

            Instruction: Given bug report URL and Original files, fix the bug by rewriting the files in orignal files

            STRICTLY follow this format for each file. Do NOT add any extra text, explanations, or quotes. Repeat the format for multiple files.

            ---FILE_START---
            FILENAME: <full_file_name>
            CONTENT:
            <full file content here>
            ---FILE_END---
            
            "
Closure,146,"Summary of configuration for Project: Closure
--------------------------------------------------------------------------------
    Script dir: /Users/likhithasurakasi/defects4j/framework
      Base dir: /Users/likhithasurakasi/defects4j
    Major root: /Users/likhithasurakasi/defects4j/major
      Repo dir: /Users/likhithasurakasi/defects4j/project_repos
--------------------------------------------------------------------------------
    Project ID: Closure
       Program: closure-compiler
    Build file: /Users/likhithasurakasi/defects4j/framework/projects/Closure/Closure.build.xml
--------------------------------------------------------------------------------
           Vcs: Vcs::Git
    Repository: /Users/likhithasurakasi/defects4j/project_repos/closure-compiler.git
     Commit db: /Users/likhithasurakasi/defects4j/framework/projects/Closure/active-bugs.csv
Number of bugs: 174
--------------------------------------------------------------------------------

Summary for Bug: Closure-146
--------------------------------------------------------------------------------
Revision ID (fixed version):
35d56dd1fadec0ed50797d222de4e05f78bbf1c9
--------------------------------------------------------------------------------
Revision date (fixed version):
2010-07-07 22:14:18 +0000
--------------------------------------------------------------------------------
Bug report id:
172
--------------------------------------------------------------------------------
Bug report url:
https://storage.googleapis.com/google-code-archive/v2/code.google.com/closure-compiler/issues/issue-172.json
--------------------------------------------------------------------------------
Root cause in triggering tests:
 - com.google.javascript.jscomp.SemanticReverseAbstractInterpreterTest::testEqCondition4
   --> junit.framework.AssertionFailedError: expected:<None> but was:<undefined>
--------------------------------------------------------------------------------
List of modified sources:
 - com.google.javascript.rhino.jstype.JSType
--------------------------------------------------------------------------------
",https://storage.googleapis.com/google-code-archive/v2/code.google.com/closure-compiler/issues/issue-172.json,1,1,"
            Bug report URL: https://storage.googleapis.com/google-code-archive/v2/code.google.com/closure-compiler/issues/issue-172.json

            Original files:
            {}

            Instruction: Given bug report URL and Original files, fix the bug by rewriting the files in orignal files

            STRICTLY follow this format for each file. Do NOT add any extra text, explanations, or quotes. Repeat the format for multiple files.

            ---FILE_START---
            FILENAME: <full_file_name>
            CONTENT:
            <full file content here>
            ---FILE_END---
            
            "
Closure,147,"Summary of configuration for Project: Closure
--------------------------------------------------------------------------------
    Script dir: /Users/likhithasurakasi/defects4j/framework
      Base dir: /Users/likhithasurakasi/defects4j
    Major root: /Users/likhithasurakasi/defects4j/major
      Repo dir: /Users/likhithasurakasi/defects4j/project_repos
--------------------------------------------------------------------------------
    Project ID: Closure
       Program: closure-compiler
    Build file: /Users/likhithasurakasi/defects4j/framework/projects/Closure/Closure.build.xml
--------------------------------------------------------------------------------
           Vcs: Vcs::Git
    Repository: /Users/likhithasurakasi/defects4j/project_repos/closure-compiler.git
     Commit db: /Users/likhithasurakasi/defects4j/framework/projects/Closure/active-bugs.csv
Number of bugs: 174
--------------------------------------------------------------------------------

Summary for Bug: Closure-147
--------------------------------------------------------------------------------
Revision ID (fixed version):
82a9956c6337d2f5d4a94ebe624d64faa54d9182
--------------------------------------------------------------------------------
Revision date (fixed version):
2010-07-09 23:02:36 +0000
--------------------------------------------------------------------------------
Bug report id:
182
--------------------------------------------------------------------------------
Bug report url:
https://storage.googleapis.com/google-code-archive/v2/code.google.com/closure-compiler/issues/issue-182.json
--------------------------------------------------------------------------------
Root cause in triggering tests:
 - com.google.javascript.jscomp.CheckGlobalThisTest::testIssue182a
   --> junit.framework.AssertionFailedError: There should be one error.  expected:<1> but was:<0>
 - com.google.javascript.jscomp.CheckGlobalThisTest::testIssue182b
   --> junit.framework.AssertionFailedError: There should be one error.  expected:<1> but was:<0>
 - com.google.javascript.jscomp.RuntimeTypeCheckTest::testValueWithInnerFn
   --> junit.framework.AssertionFailedError: 
--------------------------------------------------------------------------------
List of modified sources:
 - com.google.javascript.jscomp.CheckGlobalThis
 - com.google.javascript.jscomp.RuntimeTypeCheck
--------------------------------------------------------------------------------
",https://storage.googleapis.com/google-code-archive/v2/code.google.com/closure-compiler/issues/issue-182.json,1,2,"
            Bug report URL: https://storage.googleapis.com/google-code-archive/v2/code.google.com/closure-compiler/issues/issue-182.json

            Original files:
            {}

            Instruction: Given bug report URL and Original files, fix the bug by rewriting the files in orignal files

            STRICTLY follow this format for each file. Do NOT add any extra text, explanations, or quotes. Repeat the format for multiple files.

            ---FILE_START---
            FILENAME: <full_file_name>
            CONTENT:
            <full file content here>
            ---FILE_END---
            
            "
Closure,148,"Summary of configuration for Project: Closure
--------------------------------------------------------------------------------
    Script dir: /Users/likhithasurakasi/defects4j/framework
      Base dir: /Users/likhithasurakasi/defects4j
    Major root: /Users/likhithasurakasi/defects4j/major
      Repo dir: /Users/likhithasurakasi/defects4j/project_repos
--------------------------------------------------------------------------------
    Project ID: Closure
       Program: closure-compiler
    Build file: /Users/likhithasurakasi/defects4j/framework/projects/Closure/Closure.build.xml
--------------------------------------------------------------------------------
           Vcs: Vcs::Git
    Repository: /Users/likhithasurakasi/defects4j/project_repos/closure-compiler.git
     Commit db: /Users/likhithasurakasi/defects4j/framework/projects/Closure/active-bugs.csv
Number of bugs: 174
--------------------------------------------------------------------------------

Summary for Bug: Closure-148
--------------------------------------------------------------------------------
Revision ID (fixed version):
f86b8929454da31fbc59cbf95293c7138e0b8200
--------------------------------------------------------------------------------
Revision date (fixed version):
2010-07-15 21:01:20 +0000
--------------------------------------------------------------------------------
Bug report id:
196
--------------------------------------------------------------------------------
Bug report url:
https://storage.googleapis.com/google-code-archive/v2/code.google.com/closure-compiler/issues/issue-196.json
--------------------------------------------------------------------------------
Root cause in triggering tests:
 - com.google.javascript.jscomp.PeepholeFoldConstantsTest::testFoldTypeof
   --> junit.framework.AssertionFailedError: 
 - com.google.javascript.jscomp.SourceMapTest::testGoldenOutput0
   --> junit.framework.ComparisonFailure: expected:<...ng definitions. **/
 - com.google.javascript.jscomp.SourceMapTest::testGoldenOutput1
   --> junit.framework.ComparisonFailure: expected:<...ode"", ""count"": 1 }
 - com.google.javascript.jscomp.SourceMapTest::testGoldenOutput2
   --> junit.framework.ComparisonFailure: expected:<...ode"", ""count"": 1 }
 - com.google.javascript.jscomp.SourceMapTest::testGoldenOutput3
   --> junit.framework.ComparisonFailure: expected:<...ode"", ""count"": 1 }
 - com.google.javascript.jscomp.SourceMapTest::testGoldenOutput4
   --> junit.framework.ComparisonFailure: expected:<...ode"", ""count"": 1 }
--------------------------------------------------------------------------------
List of modified sources:
 - com.google.javascript.jscomp.PeepholeFoldConstants
 - com.google.javascript.jscomp.SourceMap
--------------------------------------------------------------------------------
",https://storage.googleapis.com/google-code-archive/v2/code.google.com/closure-compiler/issues/issue-196.json,1,2,"
            Bug report URL: https://storage.googleapis.com/google-code-archive/v2/code.google.com/closure-compiler/issues/issue-196.json

            Original files:
            {}

            Instruction: Given bug report URL and Original files, fix the bug by rewriting the files in orignal files

            STRICTLY follow this format for each file. Do NOT add any extra text, explanations, or quotes. Repeat the format for multiple files.

            ---FILE_START---
            FILENAME: <full_file_name>
            CONTENT:
            <full file content here>
            ---FILE_END---
            
            "
Closure,149,"Summary of configuration for Project: Closure
--------------------------------------------------------------------------------
    Script dir: /Users/likhithasurakasi/defects4j/framework
      Base dir: /Users/likhithasurakasi/defects4j
    Major root: /Users/likhithasurakasi/defects4j/major
      Repo dir: /Users/likhithasurakasi/defects4j/project_repos
--------------------------------------------------------------------------------
    Project ID: Closure
       Program: closure-compiler
    Build file: /Users/likhithasurakasi/defects4j/framework/projects/Closure/Closure.build.xml
--------------------------------------------------------------------------------
           Vcs: Vcs::Git
    Repository: /Users/likhithasurakasi/defects4j/project_repos/closure-compiler.git
     Commit db: /Users/likhithasurakasi/defects4j/framework/projects/Closure/active-bugs.csv
Number of bugs: 174
--------------------------------------------------------------------------------

Summary for Bug: Closure-149
--------------------------------------------------------------------------------
Revision ID (fixed version):
053636cbd1a8fb97e55b4f82bc4b5bee8beaf47e
--------------------------------------------------------------------------------
Revision date (fixed version):
2010-08-06 02:38:20 +0000
--------------------------------------------------------------------------------
Bug report id:
205
--------------------------------------------------------------------------------
Bug report url:
https://storage.googleapis.com/google-code-archive/v2/code.google.com/closure-compiler/issues/issue-205.json
--------------------------------------------------------------------------------
Root cause in triggering tests:
 - com.google.javascript.jscomp.CommandLineRunnerTest::testCharSetExpansion
   --> junit.framework.AssertionFailedError: expected:<US-ASCII> but was:<null>
--------------------------------------------------------------------------------
List of modified sources:
 - com.google.javascript.jscomp.AbstractCommandLineRunner
 - com.google.javascript.jscomp.CommandLineRunner
 - com.google.javascript.jscomp.Compiler
 - com.google.javascript.jscomp.CompilerOptions
--------------------------------------------------------------------------------
",https://storage.googleapis.com/google-code-archive/v2/code.google.com/closure-compiler/issues/issue-205.json,1,4,"
            Bug report URL: https://storage.googleapis.com/google-code-archive/v2/code.google.com/closure-compiler/issues/issue-205.json

            Original files:
            {}

            Instruction: Given bug report URL and Original files, fix the bug by rewriting the files in orignal files

            STRICTLY follow this format for each file. Do NOT add any extra text, explanations, or quotes. Repeat the format for multiple files.

            ---FILE_START---
            FILENAME: <full_file_name>
            CONTENT:
            <full file content here>
            ---FILE_END---
            
            "
Closure,150,"Summary of configuration for Project: Closure
--------------------------------------------------------------------------------
    Script dir: /Users/likhithasurakasi/defects4j/framework
      Base dir: /Users/likhithasurakasi/defects4j
    Major root: /Users/likhithasurakasi/defects4j/major
      Repo dir: /Users/likhithasurakasi/defects4j/project_repos
--------------------------------------------------------------------------------
    Project ID: Closure
       Program: closure-compiler
    Build file: /Users/likhithasurakasi/defects4j/framework/projects/Closure/Closure.build.xml
--------------------------------------------------------------------------------
           Vcs: Vcs::Git
    Repository: /Users/likhithasurakasi/defects4j/project_repos/closure-compiler.git
     Commit db: /Users/likhithasurakasi/defects4j/framework/projects/Closure/active-bugs.csv
Number of bugs: 174
--------------------------------------------------------------------------------

Summary for Bug: Closure-150
--------------------------------------------------------------------------------
Revision ID (fixed version):
bf8fc4533884f914182f861576808e71c18410cc
--------------------------------------------------------------------------------
Revision date (fixed version):
2010-09-14 00:41:11 +0000
--------------------------------------------------------------------------------
Bug report id:
61
--------------------------------------------------------------------------------
Bug report url:
https://storage.googleapis.com/google-code-archive/v2/code.google.com/closure-compiler/issues/issue-61.json
--------------------------------------------------------------------------------
Root cause in triggering tests:
 - com.google.javascript.jscomp.TypedScopeCreatorTest::testNamespacedFunctionStubLocal
   --> junit.framework.AssertionFailedError
 - com.google.javascript.jscomp.TypedScopeCreatorTest::testCollectedFunctionStubLocal
   --> junit.framework.AssertionFailedError
--------------------------------------------------------------------------------
List of modified sources:
 - com.google.javascript.jscomp.TypedScopeCreator
--------------------------------------------------------------------------------
",https://storage.googleapis.com/google-code-archive/v2/code.google.com/closure-compiler/issues/issue-61.json,1,1,"
            Bug report URL: https://storage.googleapis.com/google-code-archive/v2/code.google.com/closure-compiler/issues/issue-61.json

            Original files:
            {}

            Instruction: Given bug report URL and Original files, fix the bug by rewriting the files in orignal files

            STRICTLY follow this format for each file. Do NOT add any extra text, explanations, or quotes. Repeat the format for multiple files.

            ---FILE_START---
            FILENAME: <full_file_name>
            CONTENT:
            <full file content here>
            ---FILE_END---
            
            "
Closure,151,"Summary of configuration for Project: Closure
--------------------------------------------------------------------------------
    Script dir: /Users/likhithasurakasi/defects4j/framework
      Base dir: /Users/likhithasurakasi/defects4j
    Major root: /Users/likhithasurakasi/defects4j/major
      Repo dir: /Users/likhithasurakasi/defects4j/project_repos
--------------------------------------------------------------------------------
    Project ID: Closure
       Program: closure-compiler
    Build file: /Users/likhithasurakasi/defects4j/framework/projects/Closure/Closure.build.xml
--------------------------------------------------------------------------------
           Vcs: Vcs::Git
    Repository: /Users/likhithasurakasi/defects4j/project_repos/closure-compiler.git
     Commit db: /Users/likhithasurakasi/defects4j/framework/projects/Closure/active-bugs.csv
Number of bugs: 174
--------------------------------------------------------------------------------

Summary for Bug: Closure-151
--------------------------------------------------------------------------------
Revision ID (fixed version):
fe58a5d1750bab2c5d1d0ef16102c1000e761bd8
--------------------------------------------------------------------------------
Revision date (fixed version):
2010-09-17 19:56:20 +0000
--------------------------------------------------------------------------------
Bug report id:
74
--------------------------------------------------------------------------------
Bug report url:
https://storage.googleapis.com/google-code-archive/v2/code.google.com/closure-compiler/issues/issue-74.json
--------------------------------------------------------------------------------
Root cause in triggering tests:
 - com.google.javascript.jscomp.CommandLineRunnerTest::testVersionFlag
   --> junit.framework.AssertionFailedError
--------------------------------------------------------------------------------
List of modified sources:
 - com.google.javascript.jscomp.CommandLineRunner
--------------------------------------------------------------------------------
",https://storage.googleapis.com/google-code-archive/v2/code.google.com/closure-compiler/issues/issue-74.json,1,1,"
            Bug report URL: https://storage.googleapis.com/google-code-archive/v2/code.google.com/closure-compiler/issues/issue-74.json

            Original files:
            {}

            Instruction: Given bug report URL and Original files, fix the bug by rewriting the files in orignal files

            STRICTLY follow this format for each file. Do NOT add any extra text, explanations, or quotes. Repeat the format for multiple files.

            ---FILE_START---
            FILENAME: <full_file_name>
            CONTENT:
            <full file content here>
            ---FILE_END---
            
            "
Closure,152,"Summary of configuration for Project: Closure
--------------------------------------------------------------------------------
    Script dir: /Users/likhithasurakasi/defects4j/framework
      Base dir: /Users/likhithasurakasi/defects4j
    Major root: /Users/likhithasurakasi/defects4j/major
      Repo dir: /Users/likhithasurakasi/defects4j/project_repos
--------------------------------------------------------------------------------
    Project ID: Closure
       Program: closure-compiler
    Build file: /Users/likhithasurakasi/defects4j/framework/projects/Closure/Closure.build.xml
--------------------------------------------------------------------------------
           Vcs: Vcs::Git
    Repository: /Users/likhithasurakasi/defects4j/project_repos/closure-compiler.git
     Commit db: /Users/likhithasurakasi/defects4j/framework/projects/Closure/active-bugs.csv
Number of bugs: 174
--------------------------------------------------------------------------------

Summary for Bug: Closure-152
--------------------------------------------------------------------------------
Revision ID (fixed version):
de491e70b971caca03f07531c2caf97b878cd1ff
--------------------------------------------------------------------------------
Revision date (fixed version):
2010-10-28 02:03:31 +0000
--------------------------------------------------------------------------------
Bug report id:
268
--------------------------------------------------------------------------------
Bug report url:
https://storage.googleapis.com/google-code-archive/v2/code.google.com/closure-compiler/issues/issue-268.json
--------------------------------------------------------------------------------
Root cause in triggering tests:
 - com.google.javascript.jscomp.TypeCheckTest::testBackwardsTypedefUse1
   --> java.lang.ClassCastException: com.google.javascript.rhino.jstype.StringType cannot be cast to com.google.javascript.rhino.jstype.ObjectType
 - com.google.javascript.jscomp.TypeCheckTest::testBackwardsTypedefUse2
   --> java.lang.ClassCastException: com.google.javascript.rhino.jstype.UnionType cannot be cast to com.google.javascript.rhino.jstype.ObjectType
 - com.google.javascript.jscomp.TypeCheckTest::testBackwardsTypedefUse3
   --> java.lang.ClassCastException: com.google.javascript.rhino.jstype.UnionType cannot be cast to com.google.javascript.rhino.jstype.ObjectType
--------------------------------------------------------------------------------
List of modified sources:
 - com.google.javascript.rhino.jstype.FunctionType
--------------------------------------------------------------------------------
",https://storage.googleapis.com/google-code-archive/v2/code.google.com/closure-compiler/issues/issue-268.json,1,1,"
            Bug report URL: https://storage.googleapis.com/google-code-archive/v2/code.google.com/closure-compiler/issues/issue-268.json

            Original files:
            {}

            Instruction: Given bug report URL and Original files, fix the bug by rewriting the files in orignal files

            STRICTLY follow this format for each file. Do NOT add any extra text, explanations, or quotes. Repeat the format for multiple files.

            ---FILE_START---
            FILENAME: <full_file_name>
            CONTENT:
            <full file content here>
            ---FILE_END---
            
            "
Closure,153,"Summary of configuration for Project: Closure
--------------------------------------------------------------------------------
    Script dir: /Users/likhithasurakasi/defects4j/framework
      Base dir: /Users/likhithasurakasi/defects4j
    Major root: /Users/likhithasurakasi/defects4j/major
      Repo dir: /Users/likhithasurakasi/defects4j/project_repos
--------------------------------------------------------------------------------
    Project ID: Closure
       Program: closure-compiler
    Build file: /Users/likhithasurakasi/defects4j/framework/projects/Closure/Closure.build.xml
--------------------------------------------------------------------------------
           Vcs: Vcs::Git
    Repository: /Users/likhithasurakasi/defects4j/project_repos/closure-compiler.git
     Commit db: /Users/likhithasurakasi/defects4j/framework/projects/Closure/active-bugs.csv
Number of bugs: 174
--------------------------------------------------------------------------------

Summary for Bug: Closure-153
--------------------------------------------------------------------------------
Revision ID (fixed version):
86caf52b53f53d8b83e9c1092f4b15ddeb6ca5bb
--------------------------------------------------------------------------------
Revision date (fixed version):
2010-12-09 20:58:52 +0000
--------------------------------------------------------------------------------
Bug report id:
290
--------------------------------------------------------------------------------
Bug report url:
https://storage.googleapis.com/google-code-archive/v2/code.google.com/closure-compiler/issues/issue-290.json
--------------------------------------------------------------------------------
Root cause in triggering tests:
 - com.google.javascript.jscomp.NormalizeTest::testDuplicateVarInExterns
   --> junit.framework.AssertionFailedError: 
 - com.google.javascript.jscomp.NormalizeTest::testMakeLocalNamesUnique
   --> junit.framework.AssertionFailedError: 
--------------------------------------------------------------------------------
List of modified sources:
 - com.google.javascript.jscomp.Normalize
 - com.google.javascript.jscomp.SyntacticScopeCreator
--------------------------------------------------------------------------------
",https://storage.googleapis.com/google-code-archive/v2/code.google.com/closure-compiler/issues/issue-290.json,1,2,"
            Bug report URL: https://storage.googleapis.com/google-code-archive/v2/code.google.com/closure-compiler/issues/issue-290.json

            Original files:
            {}

            Instruction: Given bug report URL and Original files, fix the bug by rewriting the files in orignal files

            STRICTLY follow this format for each file. Do NOT add any extra text, explanations, or quotes. Repeat the format for multiple files.

            ---FILE_START---
            FILENAME: <full_file_name>
            CONTENT:
            <full file content here>
            ---FILE_END---
            
            "
Closure,154,"Summary of configuration for Project: Closure
--------------------------------------------------------------------------------
    Script dir: /Users/likhithasurakasi/defects4j/framework
      Base dir: /Users/likhithasurakasi/defects4j
    Major root: /Users/likhithasurakasi/defects4j/major
      Repo dir: /Users/likhithasurakasi/defects4j/project_repos
--------------------------------------------------------------------------------
    Project ID: Closure
       Program: closure-compiler
    Build file: /Users/likhithasurakasi/defects4j/framework/projects/Closure/Closure.build.xml
--------------------------------------------------------------------------------
           Vcs: Vcs::Git
    Repository: /Users/likhithasurakasi/defects4j/project_repos/closure-compiler.git
     Commit db: /Users/likhithasurakasi/defects4j/framework/projects/Closure/active-bugs.csv
Number of bugs: 174
--------------------------------------------------------------------------------

Summary for Bug: Closure-154
--------------------------------------------------------------------------------
Revision ID (fixed version):
09ed556367fbe81b3003881dfacad643939664c0
--------------------------------------------------------------------------------
Revision date (fixed version):
2011-02-28 16:08:39 +0000
--------------------------------------------------------------------------------
Bug report id:
204
--------------------------------------------------------------------------------
Bug report url:
https://storage.googleapis.com/google-code-archive/v2/code.google.com/closure-compiler/issues/issue-204.json
--------------------------------------------------------------------------------
Root cause in triggering tests:
 - com.google.javascript.jscomp.TypeCheckTest::testInterfaceInheritanceCheck12
   --> junit.framework.AssertionFailedError: expected a warning
--------------------------------------------------------------------------------
List of modified sources:
 - com.google.javascript.jscomp.TypeCheck
 - com.google.javascript.jscomp.TypeValidator
--------------------------------------------------------------------------------
",https://storage.googleapis.com/google-code-archive/v2/code.google.com/closure-compiler/issues/issue-204.json,1,2,"
            Bug report URL: https://storage.googleapis.com/google-code-archive/v2/code.google.com/closure-compiler/issues/issue-204.json

            Original files:
            {}

            Instruction: Given bug report URL and Original files, fix the bug by rewriting the files in orignal files

            STRICTLY follow this format for each file. Do NOT add any extra text, explanations, or quotes. Repeat the format for multiple files.

            ---FILE_START---
            FILENAME: <full_file_name>
            CONTENT:
            <full file content here>
            ---FILE_END---
            
            "
Closure,155,"Summary of configuration for Project: Closure
--------------------------------------------------------------------------------
    Script dir: /Users/likhithasurakasi/defects4j/framework
      Base dir: /Users/likhithasurakasi/defects4j
    Major root: /Users/likhithasurakasi/defects4j/major
      Repo dir: /Users/likhithasurakasi/defects4j/project_repos
--------------------------------------------------------------------------------
    Project ID: Closure
       Program: closure-compiler
    Build file: /Users/likhithasurakasi/defects4j/framework/projects/Closure/Closure.build.xml
--------------------------------------------------------------------------------
           Vcs: Vcs::Git
    Repository: /Users/likhithasurakasi/defects4j/project_repos/closure-compiler.git
     Commit db: /Users/likhithasurakasi/defects4j/framework/projects/Closure/active-bugs.csv
Number of bugs: 174
--------------------------------------------------------------------------------

Summary for Bug: Closure-155
--------------------------------------------------------------------------------
Revision ID (fixed version):
ba0119710233a1be87c10c5e71424dc5922cc627
--------------------------------------------------------------------------------
Revision date (fixed version):
2011-03-26 00:16:46 +0000
--------------------------------------------------------------------------------
Bug report id:
378
--------------------------------------------------------------------------------
Bug report url:
https://storage.googleapis.com/google-code-archive/v2/code.google.com/closure-compiler/issues/issue-378.json
--------------------------------------------------------------------------------
Root cause in triggering tests:
 - com.google.javascript.jscomp.InlineVariablesTest::testArgumentsModifiedInInnerFunction
   --> junit.framework.AssertionFailedError: 
 - com.google.javascript.jscomp.InlineVariablesTest::testArgumentsModifiedInOuterFunction
   --> junit.framework.AssertionFailedError: 
 - com.google.javascript.jscomp.InlineVariablesTest::testIssue378ModifiedArguments1
   --> junit.framework.AssertionFailedError: 
 - com.google.javascript.jscomp.InlineVariablesTest::testIssue378ModifiedArguments2
   --> junit.framework.AssertionFailedError: 
 - com.google.javascript.jscomp.InlineVariablesTest::testIssue378EscapedArguments1
   --> junit.framework.AssertionFailedError: 
 - com.google.javascript.jscomp.InlineVariablesTest::testIssue378EscapedArguments2
   --> junit.framework.AssertionFailedError: 
 - com.google.javascript.jscomp.InlineVariablesTest::testIssue378EscapedArguments4
   --> junit.framework.AssertionFailedError: 
--------------------------------------------------------------------------------
List of modified sources:
 - com.google.javascript.jscomp.InlineVariables
 - com.google.javascript.jscomp.ReferenceCollectingCallback
 - com.google.javascript.jscomp.Scope
--------------------------------------------------------------------------------
",https://storage.googleapis.com/google-code-archive/v2/code.google.com/closure-compiler/issues/issue-378.json,1,3,"
            Bug report URL: https://storage.googleapis.com/google-code-archive/v2/code.google.com/closure-compiler/issues/issue-378.json

            Original files:
            {}

            Instruction: Given bug report URL and Original files, fix the bug by rewriting the files in orignal files

            STRICTLY follow this format for each file. Do NOT add any extra text, explanations, or quotes. Repeat the format for multiple files.

            ---FILE_START---
            FILENAME: <full_file_name>
            CONTENT:
            <full file content here>
            ---FILE_END---
            
            "
Closure,156,"Summary of configuration for Project: Closure
--------------------------------------------------------------------------------
    Script dir: /Users/likhithasurakasi/defects4j/framework
      Base dir: /Users/likhithasurakasi/defects4j
    Major root: /Users/likhithasurakasi/defects4j/major
      Repo dir: /Users/likhithasurakasi/defects4j/project_repos
--------------------------------------------------------------------------------
    Project ID: Closure
       Program: closure-compiler
    Build file: /Users/likhithasurakasi/defects4j/framework/projects/Closure/Closure.build.xml
--------------------------------------------------------------------------------
           Vcs: Vcs::Git
    Repository: /Users/likhithasurakasi/defects4j/project_repos/closure-compiler.git
     Commit db: /Users/likhithasurakasi/defects4j/framework/projects/Closure/active-bugs.csv
Number of bugs: 174
--------------------------------------------------------------------------------

Summary for Bug: Closure-156
--------------------------------------------------------------------------------
Revision ID (fixed version):
f39bbdd39c9ec2136f0a58a677bd2fdae77075a2
--------------------------------------------------------------------------------
Revision date (fixed version):
2011-03-29 23:46:31 +0000
--------------------------------------------------------------------------------
Bug report id:
389
--------------------------------------------------------------------------------
Bug report url:
https://storage.googleapis.com/google-code-archive/v2/code.google.com/closure-compiler/issues/issue-389.json
--------------------------------------------------------------------------------
Root cause in triggering tests:
 - com.google.javascript.jscomp.CollapsePropertiesTest::testAliasedTopLevelEnum
   --> junit.framework.AssertionFailedError: 
 - com.google.javascript.jscomp.CollapsePropertiesTest::testIssue389
   --> junit.framework.AssertionFailedError: 
--------------------------------------------------------------------------------
List of modified sources:
 - com.google.javascript.jscomp.CollapseProperties
--------------------------------------------------------------------------------
",https://storage.googleapis.com/google-code-archive/v2/code.google.com/closure-compiler/issues/issue-389.json,1,1,"
            Bug report URL: https://storage.googleapis.com/google-code-archive/v2/code.google.com/closure-compiler/issues/issue-389.json

            Original files:
            {}

            Instruction: Given bug report URL and Original files, fix the bug by rewriting the files in orignal files

            STRICTLY follow this format for each file. Do NOT add any extra text, explanations, or quotes. Repeat the format for multiple files.

            ---FILE_START---
            FILENAME: <full_file_name>
            CONTENT:
            <full file content here>
            ---FILE_END---
            
            "
Closure,157,"Summary of configuration for Project: Closure
--------------------------------------------------------------------------------
    Script dir: /Users/likhithasurakasi/defects4j/framework
      Base dir: /Users/likhithasurakasi/defects4j
    Major root: /Users/likhithasurakasi/defects4j/major
      Repo dir: /Users/likhithasurakasi/defects4j/project_repos
--------------------------------------------------------------------------------
    Project ID: Closure
       Program: closure-compiler
    Build file: /Users/likhithasurakasi/defects4j/framework/projects/Closure/Closure.build.xml
--------------------------------------------------------------------------------
           Vcs: Vcs::Git
    Repository: /Users/likhithasurakasi/defects4j/project_repos/closure-compiler.git
     Commit db: /Users/likhithasurakasi/defects4j/framework/projects/Closure/active-bugs.csv
Number of bugs: 174
--------------------------------------------------------------------------------

Summary for Bug: Closure-157
--------------------------------------------------------------------------------
Revision ID (fixed version):
41acde3e8e5e8d37ade765b41d9fd29861f03e5e
--------------------------------------------------------------------------------
Revision date (fixed version):
2011-04-04 21:26:33 +0000
--------------------------------------------------------------------------------
Bug report id:
347
--------------------------------------------------------------------------------
Bug report url:
https://storage.googleapis.com/google-code-archive/v2/code.google.com/closure-compiler/issues/issue-347.json
--------------------------------------------------------------------------------
Root cause in triggering tests:
 - com.google.javascript.jscomp.CodePrinterTest::testObjectLit2
   --> junit.framework.ComparisonFailure: expected:<var x={[1]:1}> but was:<var x={[""1""]:1}>
 - com.google.javascript.jscomp.CodePrinterTest::testObjectLit3
   --> junit.framework.ComparisonFailure: expected:<var x={[3E9]:1}> but was:<var x={[""3000000000""]:1}>
 - com.google.javascript.jscomp.CodePrinterTest::testGetter
   --> junit.framework.ComparisonFailure: expected:<var x={get [""a""](){return 1}}> but was:<var x={get [a](){return 1}}>
 - com.google.javascript.jscomp.CodePrinterTest::testSetter
   --> junit.framework.ComparisonFailure: expected:<var x={get [""a""](){return 1}}> but was:<var x={get [a](){return 1}}>
 - com.google.javascript.jscomp.FunctionNamesTest::testFunctionsNamesAndIds
   --> junit.framework.AssertionFailedError: Function id/name mismatch expected:<{0=goog.widget.member_fn, 1=goog.widget::local_fn, 2=goog.widget::<anonymous>, 3=goog.widget, 4=foo::bar, 5=foo, 6=literal.f1, 7=literal.f2, 8=named, 9=<anonymous>, 10=quax, 11=recliteral.l1.l2, 12=litnamed, 13=reclitnamed, 14=numliteral.__2, 15=recnumliteral.__3.a}> but was:<{0=goog.widget.member_fn, 1=goog.widget::local_fn, 2=goog.widget::<anonymous>, 3=goog.widget, 4=foo::bar, 5=foo, 6=literal.f1, 7=literal.f2, 8=named, 9=<anonymous>, 10=quax, 11=recliteral.l1.l2, 12=litnamed, 13=reclitnamed, 14=<anonymous>, 15=<anonymous>}>
 - com.google.javascript.jscomp.RenamePropertiesTest::testPrototypePropertiesAsObjLitKeys2
   --> java.lang.RuntimeException: INTERNAL COMPILER ERROR.
 - com.google.javascript.jscomp.RenamePropertiesTest::testPrototypePropertiesAsObjLitKeys3
   --> java.lang.RuntimeException: INTERNAL COMPILER ERROR.
 - com.google.javascript.jscomp.SimpleDefinitionFinderTest::testDefineNumber
   --> junit.framework.AssertionFailedError: expected:<[DEF STRING null -> NUMBER]> but was:<[]>
 - com.google.javascript.jscomp.parsing.IRFactoryTest::testObjectLiteral6
   --> junit.framework.ComparisonFailure: expected:<...: true]
 - com.google.javascript.jscomp.parsing.IRFactoryTest::testObjectLiteral7
   --> junit.framework.ComparisonFailure: expected:<...ue]
 - com.google.javascript.jscomp.parsing.IRFactoryTest::testObjectLiteral8
   --> junit.framework.ComparisonFailure: expected:<...ue]
 - com.google.javascript.jscomp.parsing.ParserTest::testObjectLiteralDoc1
   --> junit.framework.AssertionFailedError: expected:<40> but was:<39>
--------------------------------------------------------------------------------
List of modified sources:
 - com.google.javascript.jscomp.CodeGenerator
 - com.google.javascript.jscomp.parsing.IRFactory
 - com.google.javascript.jscomp.RenamePrototypes
--------------------------------------------------------------------------------
",https://storage.googleapis.com/google-code-archive/v2/code.google.com/closure-compiler/issues/issue-347.json,1,3,"
            Bug report URL: https://storage.googleapis.com/google-code-archive/v2/code.google.com/closure-compiler/issues/issue-347.json

            Original files:
            {}

            Instruction: Given bug report URL and Original files, fix the bug by rewriting the files in orignal files

            STRICTLY follow this format for each file. Do NOT add any extra text, explanations, or quotes. Repeat the format for multiple files.

            ---FILE_START---
            FILENAME: <full_file_name>
            CONTENT:
            <full file content here>
            ---FILE_END---
            
            "
Closure,158,"Summary of configuration for Project: Closure
--------------------------------------------------------------------------------
    Script dir: /Users/likhithasurakasi/defects4j/framework
      Base dir: /Users/likhithasurakasi/defects4j
    Major root: /Users/likhithasurakasi/defects4j/major
      Repo dir: /Users/likhithasurakasi/defects4j/project_repos
--------------------------------------------------------------------------------
    Project ID: Closure
       Program: closure-compiler
    Build file: /Users/likhithasurakasi/defects4j/framework/projects/Closure/Closure.build.xml
--------------------------------------------------------------------------------
           Vcs: Vcs::Git
    Repository: /Users/likhithasurakasi/defects4j/project_repos/closure-compiler.git
     Commit db: /Users/likhithasurakasi/defects4j/framework/projects/Closure/active-bugs.csv
Number of bugs: 174
--------------------------------------------------------------------------------

Summary for Bug: Closure-158
--------------------------------------------------------------------------------
Revision ID (fixed version):
fcccf543e85a214f0948d1ac5cab3fa05363e845
--------------------------------------------------------------------------------
Revision date (fixed version):
2011-04-06 18:16:30 +0000
--------------------------------------------------------------------------------
Bug report id:
407
--------------------------------------------------------------------------------
Bug report url:
https://storage.googleapis.com/google-code-archive/v2/code.google.com/closure-compiler/issues/issue-407.json
--------------------------------------------------------------------------------
Root cause in triggering tests:
 - com.google.javascript.jscomp.CommandLineRunnerTest::testWarningGuardOrdering2
   --> junit.framework.AssertionFailedError: Expected exactly one warning or error Errors: 
 - com.google.javascript.jscomp.CommandLineRunnerTest::testWarningGuardOrdering4
   --> junit.framework.AssertionFailedError: Expected exactly one warning or error Errors: 
--------------------------------------------------------------------------------
List of modified sources:
 - com.google.javascript.jscomp.AbstractCommandLineRunner
 - com.google.javascript.jscomp.CommandLineRunner
 - com.google.javascript.jscomp.DiagnosticGroups
--------------------------------------------------------------------------------
",https://storage.googleapis.com/google-code-archive/v2/code.google.com/closure-compiler/issues/issue-407.json,1,3,"
            Bug report URL: https://storage.googleapis.com/google-code-archive/v2/code.google.com/closure-compiler/issues/issue-407.json

            Original files:
            {}

            Instruction: Given bug report URL and Original files, fix the bug by rewriting the files in orignal files

            STRICTLY follow this format for each file. Do NOT add any extra text, explanations, or quotes. Repeat the format for multiple files.

            ---FILE_START---
            FILENAME: <full_file_name>
            CONTENT:
            <full file content here>
            ---FILE_END---
            
            "
Closure,159,"Summary of configuration for Project: Closure
--------------------------------------------------------------------------------
    Script dir: /Users/likhithasurakasi/defects4j/framework
      Base dir: /Users/likhithasurakasi/defects4j
    Major root: /Users/likhithasurakasi/defects4j/major
      Repo dir: /Users/likhithasurakasi/defects4j/project_repos
--------------------------------------------------------------------------------
    Project ID: Closure
       Program: closure-compiler
    Build file: /Users/likhithasurakasi/defects4j/framework/projects/Closure/Closure.build.xml
--------------------------------------------------------------------------------
           Vcs: Vcs::Git
    Repository: /Users/likhithasurakasi/defects4j/project_repos/closure-compiler.git
     Commit db: /Users/likhithasurakasi/defects4j/framework/projects/Closure/active-bugs.csv
Number of bugs: 174
--------------------------------------------------------------------------------

Summary for Bug: Closure-159
--------------------------------------------------------------------------------
Revision ID (fixed version):
a4f32ed8acef2880288fe9559f8c60fba444bbe3
--------------------------------------------------------------------------------
Revision date (fixed version):
2011-04-14 17:48:58 +0000
--------------------------------------------------------------------------------
Bug report id:
423
--------------------------------------------------------------------------------
Bug report url:
https://storage.googleapis.com/google-code-archive/v2/code.google.com/closure-compiler/issues/issue-423.json
--------------------------------------------------------------------------------
Root cause in triggering tests:
 - com.google.javascript.jscomp.InlineFunctionsTest::testIssue423
   --> junit.framework.AssertionFailedError: 
--------------------------------------------------------------------------------
List of modified sources:
 - com.google.javascript.jscomp.InlineFunctions
--------------------------------------------------------------------------------
",https://storage.googleapis.com/google-code-archive/v2/code.google.com/closure-compiler/issues/issue-423.json,1,1,"
            Bug report URL: https://storage.googleapis.com/google-code-archive/v2/code.google.com/closure-compiler/issues/issue-423.json

            Original files:
            {}

            Instruction: Given bug report URL and Original files, fix the bug by rewriting the files in orignal files

            STRICTLY follow this format for each file. Do NOT add any extra text, explanations, or quotes. Repeat the format for multiple files.

            ---FILE_START---
            FILENAME: <full_file_name>
            CONTENT:
            <full file content here>
            ---FILE_END---
            
            "
Closure,160,"Summary of configuration for Project: Closure
--------------------------------------------------------------------------------
    Script dir: /Users/likhithasurakasi/defects4j/framework
      Base dir: /Users/likhithasurakasi/defects4j
    Major root: /Users/likhithasurakasi/defects4j/major
      Repo dir: /Users/likhithasurakasi/defects4j/project_repos
--------------------------------------------------------------------------------
    Project ID: Closure
       Program: closure-compiler
    Build file: /Users/likhithasurakasi/defects4j/framework/projects/Closure/Closure.build.xml
--------------------------------------------------------------------------------
           Vcs: Vcs::Git
    Repository: /Users/likhithasurakasi/defects4j/project_repos/closure-compiler.git
     Commit db: /Users/likhithasurakasi/defects4j/framework/projects/Closure/active-bugs.csv
Number of bugs: 174
--------------------------------------------------------------------------------

Summary for Bug: Closure-160
--------------------------------------------------------------------------------
Revision ID (fixed version):
29312d9f6d01e6c1fce4da0a644881c83864549f
--------------------------------------------------------------------------------
Revision date (fixed version):
2011-05-27 17:34:04 +0000
--------------------------------------------------------------------------------
Bug report id:
467
--------------------------------------------------------------------------------
Bug report url:
https://storage.googleapis.com/google-code-archive/v2/code.google.com/closure-compiler/issues/issue-467.json
--------------------------------------------------------------------------------
Root cause in triggering tests:
 - com.google.javascript.jscomp.CommandLineRunnerTest::testCheckSymbolsOverrideForQuiet
   --> junit.framework.AssertionFailedError: Expected exactly one warning or error Errors: 
--------------------------------------------------------------------------------
List of modified sources:
 - com.google.javascript.jscomp.Compiler
--------------------------------------------------------------------------------
",https://storage.googleapis.com/google-code-archive/v2/code.google.com/closure-compiler/issues/issue-467.json,1,1,"
            Bug report URL: https://storage.googleapis.com/google-code-archive/v2/code.google.com/closure-compiler/issues/issue-467.json

            Original files:
            {}

            Instruction: Given bug report URL and Original files, fix the bug by rewriting the files in orignal files

            STRICTLY follow this format for each file. Do NOT add any extra text, explanations, or quotes. Repeat the format for multiple files.

            ---FILE_START---
            FILENAME: <full_file_name>
            CONTENT:
            <full file content here>
            ---FILE_END---
            
            "
Closure,161,"Summary of configuration for Project: Closure
--------------------------------------------------------------------------------
    Script dir: /Users/likhithasurakasi/defects4j/framework
      Base dir: /Users/likhithasurakasi/defects4j
    Major root: /Users/likhithasurakasi/defects4j/major
      Repo dir: /Users/likhithasurakasi/defects4j/project_repos
--------------------------------------------------------------------------------
    Project ID: Closure
       Program: closure-compiler
    Build file: /Users/likhithasurakasi/defects4j/framework/projects/Closure/Closure.build.xml
--------------------------------------------------------------------------------
           Vcs: Vcs::Git
    Repository: /Users/likhithasurakasi/defects4j/project_repos/closure-compiler.git
     Commit db: /Users/likhithasurakasi/defects4j/framework/projects/Closure/active-bugs.csv
Number of bugs: 174
--------------------------------------------------------------------------------

Summary for Bug: Closure-161
--------------------------------------------------------------------------------
Revision ID (fixed version):
89441fcc27e2d7f36d7b2f3990bbc894235bb5b4
--------------------------------------------------------------------------------
Revision date (fixed version):
2011-08-02 19:34:59 +0000
--------------------------------------------------------------------------------
Bug report id:
522
--------------------------------------------------------------------------------
Bug report url:
https://storage.googleapis.com/google-code-archive/v2/code.google.com/closure-compiler/issues/issue-522.json
--------------------------------------------------------------------------------
Root cause in triggering tests:
 - com.google.javascript.jscomp.PeepholeFoldConstantsTest::testIssue522
   --> junit.framework.AssertionFailedError: Unexpected error(s): JSC_INDEX_OUT_OF_BOUNDS_ERROR. Array index out of bounds: NUMBER 1.0 1 [source_file: testcode] at testcode line 1 : 3 expected:<0> but was:<1>
--------------------------------------------------------------------------------
List of modified sources:
 - com.google.javascript.jscomp.PeepholeFoldConstants
--------------------------------------------------------------------------------
",https://storage.googleapis.com/google-code-archive/v2/code.google.com/closure-compiler/issues/issue-522.json,1,1,"
            Bug report URL: https://storage.googleapis.com/google-code-archive/v2/code.google.com/closure-compiler/issues/issue-522.json

            Original files:
            {}

            Instruction: Given bug report URL and Original files, fix the bug by rewriting the files in orignal files

            STRICTLY follow this format for each file. Do NOT add any extra text, explanations, or quotes. Repeat the format for multiple files.

            ---FILE_START---
            FILENAME: <full_file_name>
            CONTENT:
            <full file content here>
            ---FILE_END---
            
            "
Closure,162,"Summary of configuration for Project: Closure
--------------------------------------------------------------------------------
    Script dir: /Users/likhithasurakasi/defects4j/framework
      Base dir: /Users/likhithasurakasi/defects4j
    Major root: /Users/likhithasurakasi/defects4j/major
      Repo dir: /Users/likhithasurakasi/defects4j/project_repos
--------------------------------------------------------------------------------
    Project ID: Closure
       Program: closure-compiler
    Build file: /Users/likhithasurakasi/defects4j/framework/projects/Closure/Closure.build.xml
--------------------------------------------------------------------------------
           Vcs: Vcs::Git
    Repository: /Users/likhithasurakasi/defects4j/project_repos/closure-compiler.git
     Commit db: /Users/likhithasurakasi/defects4j/framework/projects/Closure/active-bugs.csv
Number of bugs: 174
--------------------------------------------------------------------------------

Summary for Bug: Closure-162
--------------------------------------------------------------------------------
Revision ID (fixed version):
3395eb68a19a8492196df62fb9e38c814de80f08
--------------------------------------------------------------------------------
Revision date (fixed version):
2011-09-06 23:59:07 +0000
--------------------------------------------------------------------------------
Bug report id:
548
--------------------------------------------------------------------------------
Bug report url:
https://storage.googleapis.com/google-code-archive/v2/code.google.com/closure-compiler/issues/issue-548.json
--------------------------------------------------------------------------------
Root cause in triggering tests:
 - com.google.javascript.jscomp.ScopedAliasesTest::testForwardJsDoc
   --> junit.framework.AssertionFailedError: expected:<[STRING foo.Foo.Bar 4 [source_file: testcode]
--------------------------------------------------------------------------------
List of modified sources:
 - com.google.javascript.jscomp.Scope
 - com.google.javascript.jscomp.ScopedAliases
--------------------------------------------------------------------------------
",https://storage.googleapis.com/google-code-archive/v2/code.google.com/closure-compiler/issues/issue-548.json,1,2,"
            Bug report URL: https://storage.googleapis.com/google-code-archive/v2/code.google.com/closure-compiler/issues/issue-548.json

            Original files:
            {}

            Instruction: Given bug report URL and Original files, fix the bug by rewriting the files in orignal files

            STRICTLY follow this format for each file. Do NOT add any extra text, explanations, or quotes. Repeat the format for multiple files.

            ---FILE_START---
            FILENAME: <full_file_name>
            CONTENT:
            <full file content here>
            ---FILE_END---
            
            "
Closure,163,"Summary of configuration for Project: Closure
--------------------------------------------------------------------------------
    Script dir: /Users/likhithasurakasi/defects4j/framework
      Base dir: /Users/likhithasurakasi/defects4j
    Major root: /Users/likhithasurakasi/defects4j/major
      Repo dir: /Users/likhithasurakasi/defects4j/project_repos
--------------------------------------------------------------------------------
    Project ID: Closure
       Program: closure-compiler
    Build file: /Users/likhithasurakasi/defects4j/framework/projects/Closure/Closure.build.xml
--------------------------------------------------------------------------------
           Vcs: Vcs::Git
    Repository: /Users/likhithasurakasi/defects4j/project_repos/closure-compiler.git
     Commit db: /Users/likhithasurakasi/defects4j/framework/projects/Closure/active-bugs.csv
Number of bugs: 174
--------------------------------------------------------------------------------

Summary for Bug: Closure-163
--------------------------------------------------------------------------------
Revision ID (fixed version):
f5bcee992bf149fa39f9eafc870ea2046d5809b4
--------------------------------------------------------------------------------
Revision date (fixed version):
2011-12-06 19:03:54 +0000
--------------------------------------------------------------------------------
Bug report id:
600
--------------------------------------------------------------------------------
Bug report url:
https://storage.googleapis.com/google-code-archive/v2/code.google.com/closure-compiler/issues/issue-600.json
--------------------------------------------------------------------------------
Root cause in triggering tests:
 - com.google.javascript.jscomp.CrossModuleMethodMotionTest::testIssue600b
   --> junit.framework.AssertionFailedError: 
 - com.google.javascript.jscomp.CrossModuleMethodMotionTest::testIssue600e
   --> junit.framework.AssertionFailedError: 
 - com.google.javascript.jscomp.CrossModuleMethodMotionTest::testIssue600
   --> junit.framework.AssertionFailedError: 
--------------------------------------------------------------------------------
List of modified sources:
 - com.google.javascript.jscomp.AnalyzePrototypeProperties
 - com.google.javascript.jscomp.CrossModuleMethodMotion
--------------------------------------------------------------------------------
",https://storage.googleapis.com/google-code-archive/v2/code.google.com/closure-compiler/issues/issue-600.json,1,2,"
            Bug report URL: https://storage.googleapis.com/google-code-archive/v2/code.google.com/closure-compiler/issues/issue-600.json

            Original files:
            {}

            Instruction: Given bug report URL and Original files, fix the bug by rewriting the files in orignal files

            STRICTLY follow this format for each file. Do NOT add any extra text, explanations, or quotes. Repeat the format for multiple files.

            ---FILE_START---
            FILENAME: <full_file_name>
            CONTENT:
            <full file content here>
            ---FILE_END---
            
            "
Closure,164,"Summary of configuration for Project: Closure
--------------------------------------------------------------------------------
    Script dir: /Users/likhithasurakasi/defects4j/framework
      Base dir: /Users/likhithasurakasi/defects4j
    Major root: /Users/likhithasurakasi/defects4j/major
      Repo dir: /Users/likhithasurakasi/defects4j/project_repos
--------------------------------------------------------------------------------
    Project ID: Closure
       Program: closure-compiler
    Build file: /Users/likhithasurakasi/defects4j/framework/projects/Closure/Closure.build.xml
--------------------------------------------------------------------------------
           Vcs: Vcs::Git
    Repository: /Users/likhithasurakasi/defects4j/project_repos/closure-compiler.git
     Commit db: /Users/likhithasurakasi/defects4j/framework/projects/Closure/active-bugs.csv
Number of bugs: 174
--------------------------------------------------------------------------------

Summary for Bug: Closure-164
--------------------------------------------------------------------------------
Revision ID (fixed version):
e414f154d5c4dae483f251ebeb2d9ef598aaa0f6
--------------------------------------------------------------------------------
Revision date (fixed version):
2012-02-07 18:37:27 +0000
--------------------------------------------------------------------------------
Bug report id:
634
--------------------------------------------------------------------------------
Bug report url:
https://storage.googleapis.com/google-code-archive/v2/code.google.com/closure-compiler/issues/issue-634.json
--------------------------------------------------------------------------------
Root cause in triggering tests:
 - com.google.javascript.jscomp.LooseTypeCheckTest::testMethodInference7
   --> junit.framework.AssertionFailedError: expected a warning
 - com.google.javascript.jscomp.TypeCheckTest::testMethodInference7
   --> junit.framework.AssertionFailedError: expected a warning
 - com.google.javascript.rhino.jstype.FunctionTypeTest::testSupAndInfOfReturnTypesWithNumOfParams
   --> junit.framework.ComparisonFailure: expected:<[function (number, number): boolea]n> but was:<[Functio]n>
--------------------------------------------------------------------------------
List of modified sources:
 - com.google.javascript.rhino.jstype.ArrowType
--------------------------------------------------------------------------------
",https://storage.googleapis.com/google-code-archive/v2/code.google.com/closure-compiler/issues/issue-634.json,1,1,"
            Bug report URL: https://storage.googleapis.com/google-code-archive/v2/code.google.com/closure-compiler/issues/issue-634.json

            Original files:
            {}

            Instruction: Given bug report URL and Original files, fix the bug by rewriting the files in orignal files

            STRICTLY follow this format for each file. Do NOT add any extra text, explanations, or quotes. Repeat the format for multiple files.

            ---FILE_START---
            FILENAME: <full_file_name>
            CONTENT:
            <full file content here>
            ---FILE_END---
            
            "
Closure,165,"Summary of configuration for Project: Closure
--------------------------------------------------------------------------------
    Script dir: /Users/likhithasurakasi/defects4j/framework
      Base dir: /Users/likhithasurakasi/defects4j
    Major root: /Users/likhithasurakasi/defects4j/major
      Repo dir: /Users/likhithasurakasi/defects4j/project_repos
--------------------------------------------------------------------------------
    Project ID: Closure
       Program: closure-compiler
    Build file: /Users/likhithasurakasi/defects4j/framework/projects/Closure/Closure.build.xml
--------------------------------------------------------------------------------
           Vcs: Vcs::Git
    Repository: /Users/likhithasurakasi/defects4j/project_repos/closure-compiler.git
     Commit db: /Users/likhithasurakasi/defects4j/framework/projects/Closure/active-bugs.csv
Number of bugs: 174
--------------------------------------------------------------------------------

Summary for Bug: Closure-165
--------------------------------------------------------------------------------
Revision ID (fixed version):
61336bdc14f94b57ba58042f958c2a3227a55a3f
--------------------------------------------------------------------------------
Revision date (fixed version):
2012-05-21 15:58:30 +0000
--------------------------------------------------------------------------------
Bug report id:
725
--------------------------------------------------------------------------------
Bug report url:
https://storage.googleapis.com/google-code-archive/v2/code.google.com/closure-compiler/issues/issue-725.json
--------------------------------------------------------------------------------
Root cause in triggering tests:
 - com.google.javascript.jscomp.TypeCheckTest::testIssue725
   --> junit.framework.AssertionFailedError: expected a warning
--------------------------------------------------------------------------------
List of modified sources:
 - com.google.javascript.rhino.jstype.JSTypeRegistry
 - com.google.javascript.rhino.jstype.ObjectType
 - com.google.javascript.rhino.jstype.RecordType
 - com.google.javascript.rhino.jstype.RecordTypeBuilder
--------------------------------------------------------------------------------
",https://storage.googleapis.com/google-code-archive/v2/code.google.com/closure-compiler/issues/issue-725.json,1,4,"
            Bug report URL: https://storage.googleapis.com/google-code-archive/v2/code.google.com/closure-compiler/issues/issue-725.json

            Original files:
            {}

            Instruction: Given bug report URL and Original files, fix the bug by rewriting the files in orignal files

            STRICTLY follow this format for each file. Do NOT add any extra text, explanations, or quotes. Repeat the format for multiple files.

            ---FILE_START---
            FILENAME: <full_file_name>
            CONTENT:
            <full file content here>
            ---FILE_END---
            
            "
Closure,166,"Summary of configuration for Project: Closure
--------------------------------------------------------------------------------
    Script dir: /Users/likhithasurakasi/defects4j/framework
      Base dir: /Users/likhithasurakasi/defects4j
    Major root: /Users/likhithasurakasi/defects4j/major
      Repo dir: /Users/likhithasurakasi/defects4j/project_repos
--------------------------------------------------------------------------------
    Project ID: Closure
       Program: closure-compiler
    Build file: /Users/likhithasurakasi/defects4j/framework/projects/Closure/Closure.build.xml
--------------------------------------------------------------------------------
           Vcs: Vcs::Git
    Repository: /Users/likhithasurakasi/defects4j/project_repos/closure-compiler.git
     Commit db: /Users/likhithasurakasi/defects4j/framework/projects/Closure/active-bugs.csv
Number of bugs: 174
--------------------------------------------------------------------------------

Summary for Bug: Closure-166
--------------------------------------------------------------------------------
Revision ID (fixed version):
8d58355140bfdfbfc85c4629b90ed1d78225b520
--------------------------------------------------------------------------------
Revision date (fixed version):
2012-08-01 23:56:31 +0000
--------------------------------------------------------------------------------
Bug report id:
785
--------------------------------------------------------------------------------
Bug report url:
https://storage.googleapis.com/google-code-archive/v2/code.google.com/closure-compiler/issues/issue-785.json
--------------------------------------------------------------------------------
Root cause in triggering tests:
 - com.google.javascript.jscomp.TypeInferenceTest::testRecordInference
   --> junit.framework.ComparisonFailure: expected:<{[a: (boolean|undefined), b: (string|undefined)]}> but was:<{[]}>
 - com.google.javascript.jscomp.TypeInferenceTest::testIssue785
   --> junit.framework.ComparisonFailure: expected:<{[prop: (string|undefined)]}> but was:<{[]}>
--------------------------------------------------------------------------------
List of modified sources:
 - com.google.javascript.rhino.jstype.PrototypeObjectType
--------------------------------------------------------------------------------
",https://storage.googleapis.com/google-code-archive/v2/code.google.com/closure-compiler/issues/issue-785.json,1,1,"
            Bug report URL: https://storage.googleapis.com/google-code-archive/v2/code.google.com/closure-compiler/issues/issue-785.json

            Original files:
            {}

            Instruction: Given bug report URL and Original files, fix the bug by rewriting the files in orignal files

            STRICTLY follow this format for each file. Do NOT add any extra text, explanations, or quotes. Repeat the format for multiple files.

            ---FILE_START---
            FILENAME: <full_file_name>
            CONTENT:
            <full file content here>
            ---FILE_END---
            
            "
Closure,167,"Summary of configuration for Project: Closure
--------------------------------------------------------------------------------
    Script dir: /Users/likhithasurakasi/defects4j/framework
      Base dir: /Users/likhithasurakasi/defects4j
    Major root: /Users/likhithasurakasi/defects4j/major
      Repo dir: /Users/likhithasurakasi/defects4j/project_repos
--------------------------------------------------------------------------------
    Project ID: Closure
       Program: closure-compiler
    Build file: /Users/likhithasurakasi/defects4j/framework/projects/Closure/Closure.build.xml
--------------------------------------------------------------------------------
           Vcs: Vcs::Git
    Repository: /Users/likhithasurakasi/defects4j/project_repos/closure-compiler.git
     Commit db: /Users/likhithasurakasi/defects4j/framework/projects/Closure/active-bugs.csv
Number of bugs: 174
--------------------------------------------------------------------------------

Summary for Bug: Closure-167
--------------------------------------------------------------------------------
Revision ID (fixed version):
d58006a939b740ea78dc61128065a6fdb8f303ca
--------------------------------------------------------------------------------
Revision date (fixed version):
2012-08-02 22:05:42 +0000
--------------------------------------------------------------------------------
Bug report id:
783
--------------------------------------------------------------------------------
Bug report url:
https://storage.googleapis.com/google-code-archive/v2/code.google.com/closure-compiler/issues/issue-783.json
--------------------------------------------------------------------------------
Root cause in triggering tests:
 - com.google.javascript.jscomp.TypeCheckTest::testIssue783
   --> junit.framework.AssertionFailedError: expected a warning
 - com.google.javascript.jscomp.TypeCheckTest::testMissingProperty20
   --> junit.framework.AssertionFailedError: expected a warning
 - com.google.javascript.rhino.jstype.JSTypeTest::testRestrictedTypeGivenToBoolean
   --> junit.framework.AssertionFailedError: Expected: ??
--------------------------------------------------------------------------------
List of modified sources:
 - com.google.javascript.jscomp.type.SemanticReverseAbstractInterpreter
 - com.google.javascript.rhino.jstype.JSType
--------------------------------------------------------------------------------
",https://storage.googleapis.com/google-code-archive/v2/code.google.com/closure-compiler/issues/issue-783.json,1,2,"
            Bug report URL: https://storage.googleapis.com/google-code-archive/v2/code.google.com/closure-compiler/issues/issue-783.json

            Original files:
            {}

            Instruction: Given bug report URL and Original files, fix the bug by rewriting the files in orignal files

            STRICTLY follow this format for each file. Do NOT add any extra text, explanations, or quotes. Repeat the format for multiple files.

            ---FILE_START---
            FILENAME: <full_file_name>
            CONTENT:
            <full file content here>
            ---FILE_END---
            
            "
Closure,168,"Summary of configuration for Project: Closure
--------------------------------------------------------------------------------
    Script dir: /Users/likhithasurakasi/defects4j/framework
      Base dir: /Users/likhithasurakasi/defects4j
    Major root: /Users/likhithasurakasi/defects4j/major
      Repo dir: /Users/likhithasurakasi/defects4j/project_repos
--------------------------------------------------------------------------------
    Project ID: Closure
       Program: closure-compiler
    Build file: /Users/likhithasurakasi/defects4j/framework/projects/Closure/Closure.build.xml
--------------------------------------------------------------------------------
           Vcs: Vcs::Git
    Repository: /Users/likhithasurakasi/defects4j/project_repos/closure-compiler.git
     Commit db: /Users/likhithasurakasi/defects4j/framework/projects/Closure/active-bugs.csv
Number of bugs: 174
--------------------------------------------------------------------------------

Summary for Bug: Closure-168
--------------------------------------------------------------------------------
Revision ID (fixed version):
b675d1da9d5f8b36849db4943f580969105901a4
--------------------------------------------------------------------------------
Revision date (fixed version):
2012-08-10 19:49:41 +0000
--------------------------------------------------------------------------------
Bug report id:
726
--------------------------------------------------------------------------------
Bug report url:
https://storage.googleapis.com/google-code-archive/v2/code.google.com/closure-compiler/issues/issue-726.json
--------------------------------------------------------------------------------
Root cause in triggering tests:
 - com.google.javascript.jscomp.TypeCheckTest::testIssue726
   --> junit.framework.AssertionFailedError: expected a warning
--------------------------------------------------------------------------------
List of modified sources:
 - com.google.javascript.jscomp.TypedScopeCreator
--------------------------------------------------------------------------------
",https://storage.googleapis.com/google-code-archive/v2/code.google.com/closure-compiler/issues/issue-726.json,1,1,"
            Bug report URL: https://storage.googleapis.com/google-code-archive/v2/code.google.com/closure-compiler/issues/issue-726.json

            Original files:
            {}

            Instruction: Given bug report URL and Original files, fix the bug by rewriting the files in orignal files

            STRICTLY follow this format for each file. Do NOT add any extra text, explanations, or quotes. Repeat the format for multiple files.

            ---FILE_START---
            FILENAME: <full_file_name>
            CONTENT:
            <full file content here>
            ---FILE_END---
            
            "
Closure,169,"Summary of configuration for Project: Closure
--------------------------------------------------------------------------------
    Script dir: /Users/likhithasurakasi/defects4j/framework
      Base dir: /Users/likhithasurakasi/defects4j
    Major root: /Users/likhithasurakasi/defects4j/major
      Repo dir: /Users/likhithasurakasi/defects4j/project_repos
--------------------------------------------------------------------------------
    Project ID: Closure
       Program: closure-compiler
    Build file: /Users/likhithasurakasi/defects4j/framework/projects/Closure/Closure.build.xml
--------------------------------------------------------------------------------
           Vcs: Vcs::Git
    Repository: /Users/likhithasurakasi/defects4j/project_repos/closure-compiler.git
     Commit db: /Users/likhithasurakasi/defects4j/framework/projects/Closure/active-bugs.csv
Number of bugs: 174
--------------------------------------------------------------------------------

Summary for Bug: Closure-169
--------------------------------------------------------------------------------
Revision ID (fixed version):
ac239c7c53aa4d6c3105f600dec8af69da530883
--------------------------------------------------------------------------------
Revision date (fixed version):
2012-10-19 16:41:16 +0000
--------------------------------------------------------------------------------
Bug report id:
791
--------------------------------------------------------------------------------
Bug report url:
https://storage.googleapis.com/google-code-archive/v2/code.google.com/closure-compiler/issues/issue-791.json
--------------------------------------------------------------------------------
Root cause in triggering tests:
 - com.google.javascript.jscomp.TypeCheckTest::testIssue791
   --> junit.framework.AssertionFailedError: unexpected warnings(s):
 - com.google.javascript.rhino.jstype.RecordTypeTest::testSubtypeWithUnknowns2
   --> junit.framework.AssertionFailedError
--------------------------------------------------------------------------------
List of modified sources:
 - com.google.javascript.rhino.jstype.ArrowType
 - com.google.javascript.rhino.jstype.EquivalenceMethod
 - com.google.javascript.rhino.jstype.FunctionType
 - com.google.javascript.rhino.jstype.JSType
 - com.google.javascript.rhino.jstype.RecordType
 - com.google.javascript.rhino.jstype.UnionType
--------------------------------------------------------------------------------
",https://storage.googleapis.com/google-code-archive/v2/code.google.com/closure-compiler/issues/issue-791.json,1,6,"
            Bug report URL: https://storage.googleapis.com/google-code-archive/v2/code.google.com/closure-compiler/issues/issue-791.json

            Original files:
            {}

            Instruction: Given bug report URL and Original files, fix the bug by rewriting the files in orignal files

            STRICTLY follow this format for each file. Do NOT add any extra text, explanations, or quotes. Repeat the format for multiple files.

            ---FILE_START---
            FILENAME: <full_file_name>
            CONTENT:
            <full file content here>
            ---FILE_END---
            
            "
Closure,170,"Summary of configuration for Project: Closure
--------------------------------------------------------------------------------
    Script dir: /Users/likhithasurakasi/defects4j/framework
      Base dir: /Users/likhithasurakasi/defects4j
    Major root: /Users/likhithasurakasi/defects4j/major
      Repo dir: /Users/likhithasurakasi/defects4j/project_repos
--------------------------------------------------------------------------------
    Project ID: Closure
       Program: closure-compiler
    Build file: /Users/likhithasurakasi/defects4j/framework/projects/Closure/Closure.build.xml
--------------------------------------------------------------------------------
           Vcs: Vcs::Git
    Repository: /Users/likhithasurakasi/defects4j/project_repos/closure-compiler.git
     Commit db: /Users/likhithasurakasi/defects4j/framework/projects/Closure/active-bugs.csv
Number of bugs: 174
--------------------------------------------------------------------------------

Summary for Bug: Closure-170
--------------------------------------------------------------------------------
Revision ID (fixed version):
49f54b28376a4ed5f72ec52d314020bd1f6cf3c6
--------------------------------------------------------------------------------
Revision date (fixed version):
2013-04-17 14:44:24 -0700
--------------------------------------------------------------------------------
Bug report id:
965
--------------------------------------------------------------------------------
Bug report url:
https://storage.googleapis.com/google-code-archive/v2/code.google.com/closure-compiler/issues/issue-965.json
--------------------------------------------------------------------------------
Root cause in triggering tests:
 - com.google.javascript.jscomp.FlowSensitiveInlineVariablesTest::testVarAssinInsideHookIssue965
   --> junit.framework.AssertionFailedError: 
--------------------------------------------------------------------------------
List of modified sources:
 - com.google.javascript.jscomp.FlowSensitiveInlineVariables
--------------------------------------------------------------------------------
",https://storage.googleapis.com/google-code-archive/v2/code.google.com/closure-compiler/issues/issue-965.json,1,1,"
            Bug report URL: https://storage.googleapis.com/google-code-archive/v2/code.google.com/closure-compiler/issues/issue-965.json

            Original files:
            {}

            Instruction: Given bug report URL and Original files, fix the bug by rewriting the files in orignal files

            STRICTLY follow this format for each file. Do NOT add any extra text, explanations, or quotes. Repeat the format for multiple files.

            ---FILE_START---
            FILENAME: <full_file_name>
            CONTENT:
            <full file content here>
            ---FILE_END---
            
            "
Closure,171,"Summary of configuration for Project: Closure
--------------------------------------------------------------------------------
    Script dir: /Users/likhithasurakasi/defects4j/framework
      Base dir: /Users/likhithasurakasi/defects4j
    Major root: /Users/likhithasurakasi/defects4j/major
      Repo dir: /Users/likhithasurakasi/defects4j/project_repos
--------------------------------------------------------------------------------
    Project ID: Closure
       Program: closure-compiler
    Build file: /Users/likhithasurakasi/defects4j/framework/projects/Closure/Closure.build.xml
--------------------------------------------------------------------------------
           Vcs: Vcs::Git
    Repository: /Users/likhithasurakasi/defects4j/project_repos/closure-compiler.git
     Commit db: /Users/likhithasurakasi/defects4j/framework/projects/Closure/active-bugs.csv
Number of bugs: 174
--------------------------------------------------------------------------------

Summary for Bug: Closure-171
--------------------------------------------------------------------------------
Revision ID (fixed version):
6d38965a1e0a3a61435b9bebc91ff1ba0a64013a
--------------------------------------------------------------------------------
Revision date (fixed version):
2013-06-20 12:10:03 -0700
--------------------------------------------------------------------------------
Bug report id:
1023
--------------------------------------------------------------------------------
Bug report url:
https://storage.googleapis.com/google-code-archive/v2/code.google.com/closure-compiler/issues/issue-1023.json
--------------------------------------------------------------------------------
Root cause in triggering tests:
 - com.google.javascript.jscomp.TypeCheckTest::testIssue1023
   --> junit.framework.AssertionFailedError: expected a warning
 - com.google.javascript.jscomp.TypedScopeCreatorTest::testMethodBeforeFunction2
   --> junit.framework.ComparisonFailure: expected:<[function (this:Window, ?): undefined]> but was:<[?]>
 - com.google.javascript.jscomp.TypedScopeCreatorTest::testPropertiesOnInterface2
   --> java.lang.NullPointerException
--------------------------------------------------------------------------------
List of modified sources:
 - com.google.javascript.jscomp.TypeInference
 - com.google.javascript.jscomp.TypedScopeCreator
--------------------------------------------------------------------------------
",https://storage.googleapis.com/google-code-archive/v2/code.google.com/closure-compiler/issues/issue-1023.json,1,2,"
            Bug report URL: https://storage.googleapis.com/google-code-archive/v2/code.google.com/closure-compiler/issues/issue-1023.json

            Original files:
            {}

            Instruction: Given bug report URL and Original files, fix the bug by rewriting the files in orignal files

            STRICTLY follow this format for each file. Do NOT add any extra text, explanations, or quotes. Repeat the format for multiple files.

            ---FILE_START---
            FILENAME: <full_file_name>
            CONTENT:
            <full file content here>
            ---FILE_END---
            
            "
Closure,172,"Summary of configuration for Project: Closure
--------------------------------------------------------------------------------
    Script dir: /Users/likhithasurakasi/defects4j/framework
      Base dir: /Users/likhithasurakasi/defects4j
    Major root: /Users/likhithasurakasi/defects4j/major
      Repo dir: /Users/likhithasurakasi/defects4j/project_repos
--------------------------------------------------------------------------------
    Project ID: Closure
       Program: closure-compiler
    Build file: /Users/likhithasurakasi/defects4j/framework/projects/Closure/Closure.build.xml
--------------------------------------------------------------------------------
           Vcs: Vcs::Git
    Repository: /Users/likhithasurakasi/defects4j/project_repos/closure-compiler.git
     Commit db: /Users/likhithasurakasi/defects4j/framework/projects/Closure/active-bugs.csv
Number of bugs: 174
--------------------------------------------------------------------------------

Summary for Bug: Closure-172
--------------------------------------------------------------------------------
Revision ID (fixed version):
ce86cc8e460060e1280f365f22ccd5c375e2f5ed
--------------------------------------------------------------------------------
Revision date (fixed version):
2013-07-15 16:08:34 -0700
--------------------------------------------------------------------------------
Bug report id:
1042
--------------------------------------------------------------------------------
Bug report url:
https://storage.googleapis.com/google-code-archive/v2/code.google.com/closure-compiler/issues/issue-1042.json
--------------------------------------------------------------------------------
Root cause in triggering tests:
 - com.google.javascript.jscomp.TypeCheckTest::testIssue1024
   --> junit.framework.AssertionFailedError: unexpected warnings(s):
--------------------------------------------------------------------------------
List of modified sources:
 - com.google.javascript.jscomp.TypedScopeCreator
--------------------------------------------------------------------------------
",https://storage.googleapis.com/google-code-archive/v2/code.google.com/closure-compiler/issues/issue-1042.json,1,1,"
            Bug report URL: https://storage.googleapis.com/google-code-archive/v2/code.google.com/closure-compiler/issues/issue-1042.json

            Original files:
            {}

            Instruction: Given bug report URL and Original files, fix the bug by rewriting the files in orignal files

            STRICTLY follow this format for each file. Do NOT add any extra text, explanations, or quotes. Repeat the format for multiple files.

            ---FILE_START---
            FILENAME: <full_file_name>
            CONTENT:
            <full file content here>
            ---FILE_END---
            
            "
Closure,173,"Summary of configuration for Project: Closure
--------------------------------------------------------------------------------
    Script dir: /Users/likhithasurakasi/defects4j/framework
      Base dir: /Users/likhithasurakasi/defects4j
    Major root: /Users/likhithasurakasi/defects4j/major
      Repo dir: /Users/likhithasurakasi/defects4j/project_repos
--------------------------------------------------------------------------------
    Project ID: Closure
       Program: closure-compiler
    Build file: /Users/likhithasurakasi/defects4j/framework/projects/Closure/Closure.build.xml
--------------------------------------------------------------------------------
           Vcs: Vcs::Git
    Repository: /Users/likhithasurakasi/defects4j/project_repos/closure-compiler.git
     Commit db: /Users/likhithasurakasi/defects4j/framework/projects/Closure/active-bugs.csv
Number of bugs: 174
--------------------------------------------------------------------------------

Summary for Bug: Closure-173
--------------------------------------------------------------------------------
Revision ID (fixed version):
e96ce395944edfe9ba8e9de6b475cb64a7f8d626
--------------------------------------------------------------------------------
Revision date (fixed version):
2013-08-20 11:55:56 -0700
--------------------------------------------------------------------------------
Bug report id:
1062
--------------------------------------------------------------------------------
Bug report url:
https://storage.googleapis.com/google-code-archive/v2/code.google.com/closure-compiler/issues/issue-1062.json
--------------------------------------------------------------------------------
Root cause in triggering tests:
 - com.google.javascript.jscomp.CodePrinterTest::testPrint
   --> junit.framework.ComparisonFailure: expected:<var a,b,c;a||[(b||c);a*(b*c);a|(b|c)]> but was:<var a,b,c;a||[b||c;a*b*c;a|b|c]>
 - com.google.javascript.jscomp.CodePrinterTest::testIssue1062
   --> junit.framework.ComparisonFailure: expected:<3*[(4%3*5)]> but was:<3*[4%3*5]>
 - com.google.javascript.jscomp.PeepholeSubstituteAlternateSyntaxTest::testAssocitivity
   --> junit.framework.AssertionFailedError: 
--------------------------------------------------------------------------------
List of modified sources:
 - com.google.javascript.jscomp.CodeGenerator
 - com.google.javascript.jscomp.PeepholeSubstituteAlternateSyntax
--------------------------------------------------------------------------------
",https://storage.googleapis.com/google-code-archive/v2/code.google.com/closure-compiler/issues/issue-1062.json,1,2,"
            Bug report URL: https://storage.googleapis.com/google-code-archive/v2/code.google.com/closure-compiler/issues/issue-1062.json

            Original files:
            {}

            Instruction: Given bug report URL and Original files, fix the bug by rewriting the files in orignal files

            STRICTLY follow this format for each file. Do NOT add any extra text, explanations, or quotes. Repeat the format for multiple files.

            ---FILE_START---
            FILENAME: <full_file_name>
            CONTENT:
            <full file content here>
            ---FILE_END---
            
            "
Closure,174,"Summary of configuration for Project: Closure
--------------------------------------------------------------------------------
    Script dir: /Users/likhithasurakasi/defects4j/framework
      Base dir: /Users/likhithasurakasi/defects4j
    Major root: /Users/likhithasurakasi/defects4j/major
      Repo dir: /Users/likhithasurakasi/defects4j/project_repos
--------------------------------------------------------------------------------
    Project ID: Closure
       Program: closure-compiler
    Build file: /Users/likhithasurakasi/defects4j/framework/projects/Closure/Closure.build.xml
--------------------------------------------------------------------------------
           Vcs: Vcs::Git
    Repository: /Users/likhithasurakasi/defects4j/project_repos/closure-compiler.git
     Commit db: /Users/likhithasurakasi/defects4j/framework/projects/Closure/active-bugs.csv
Number of bugs: 174
--------------------------------------------------------------------------------

Summary for Bug: Closure-174
--------------------------------------------------------------------------------
Revision ID (fixed version):
d2b3ca66b6088c1c08437c120ae215d91d313b7c
--------------------------------------------------------------------------------
Revision date (fixed version):
2013-09-28 15:20:35 -0400
--------------------------------------------------------------------------------
Bug report id:
1103
--------------------------------------------------------------------------------
Bug report url:
https://storage.googleapis.com/google-code-archive/v2/code.google.com/closure-compiler/issues/issue-1103.json
--------------------------------------------------------------------------------
Root cause in triggering tests:
 - com.google.javascript.jscomp.ScopedAliasesTest::testIssue1103a
   --> junit.framework.AssertionFailedError: Unexpected error(s): JSC_GOOG_SCOPE_NON_ALIAS_LOCAL. The local variable a is in a goog.scope and is not an alias. at testcode line 1 : 30 expected:<0> but was:<1>
 - com.google.javascript.jscomp.ScopedAliasesTest::testIssue1103b
   --> java.lang.RuntimeException: INTERNAL COMPILER ERROR.
 - com.google.javascript.jscomp.ScopedAliasesTest::testIssue1103c
   --> junit.framework.AssertionFailedError: Unexpected error(s): JSC_GOOG_SCOPE_NON_ALIAS_LOCAL. The local variable a is in a goog.scope and is not an alias. at testcode line 1 : 52 expected:<0> but was:<1>
--------------------------------------------------------------------------------
List of modified sources:
 - com.google.javascript.jscomp.JsAst
 - com.google.javascript.jscomp.NodeUtil
 - com.google.javascript.jscomp.ScopedAliases
--------------------------------------------------------------------------------
",https://storage.googleapis.com/google-code-archive/v2/code.google.com/closure-compiler/issues/issue-1103.json,1,3,"
            Bug report URL: https://storage.googleapis.com/google-code-archive/v2/code.google.com/closure-compiler/issues/issue-1103.json

            Original files:
            {}

            Instruction: Given bug report URL and Original files, fix the bug by rewriting the files in orignal files

            STRICTLY follow this format for each file. Do NOT add any extra text, explanations, or quotes. Repeat the format for multiple files.

            ---FILE_START---
            FILENAME: <full_file_name>
            CONTENT:
            <full file content here>
            ---FILE_END---
            
            "
Closure,175,"Summary of configuration for Project: Closure
--------------------------------------------------------------------------------
    Script dir: /Users/likhithasurakasi/defects4j/framework
      Base dir: /Users/likhithasurakasi/defects4j
    Major root: /Users/likhithasurakasi/defects4j/major
      Repo dir: /Users/likhithasurakasi/defects4j/project_repos
--------------------------------------------------------------------------------
    Project ID: Closure
       Program: closure-compiler
    Build file: /Users/likhithasurakasi/defects4j/framework/projects/Closure/Closure.build.xml
--------------------------------------------------------------------------------
           Vcs: Vcs::Git
    Repository: /Users/likhithasurakasi/defects4j/project_repos/closure-compiler.git
     Commit db: /Users/likhithasurakasi/defects4j/framework/projects/Closure/active-bugs.csv
Number of bugs: 174
--------------------------------------------------------------------------------

Summary for Bug: Closure-175
--------------------------------------------------------------------------------
Revision ID (fixed version):
038da2119223818ee1c56eaf600a583f755f9b30
--------------------------------------------------------------------------------
Revision date (fixed version):
2013-11-04 11:20:11 -0800
--------------------------------------------------------------------------------
Bug report id:
1101
--------------------------------------------------------------------------------
Bug report url:
https://storage.googleapis.com/google-code-archive/v2/code.google.com/closure-compiler/issues/issue-1101.json
--------------------------------------------------------------------------------
Root cause in triggering tests:
 - com.google.javascript.jscomp.FunctionInjectorTest::testIssue1101a
   --> junit.framework.AssertionFailedError: expected:<NO> but was:<YES>
 - com.google.javascript.jscomp.FunctionInjectorTest::testIssue1101b
   --> junit.framework.AssertionFailedError: expected:<NO> but was:<YES>
 - com.google.javascript.jscomp.InlineFunctionsTest::testCostBasedInlining10
   --> junit.framework.AssertionFailedError: 
 - com.google.javascript.jscomp.InlineFunctionsTest::testIssue1101
   --> junit.framework.AssertionFailedError: 
 - com.google.javascript.jscomp.InlineFunctionsTest::testInlineMutableArgsReferencedOnce
   --> junit.framework.AssertionFailedError: 
--------------------------------------------------------------------------------
List of modified sources:
 - com.google.javascript.jscomp.FunctionInjector
--------------------------------------------------------------------------------
",https://storage.googleapis.com/google-code-archive/v2/code.google.com/closure-compiler/issues/issue-1101.json,1,1,"
            Bug report URL: https://storage.googleapis.com/google-code-archive/v2/code.google.com/closure-compiler/issues/issue-1101.json

            Original files:
            {}

            Instruction: Given bug report URL and Original files, fix the bug by rewriting the files in orignal files

            STRICTLY follow this format for each file. Do NOT add any extra text, explanations, or quotes. Repeat the format for multiple files.

            ---FILE_START---
            FILENAME: <full_file_name>
            CONTENT:
            <full file content here>
            ---FILE_END---
            
            "
Closure,176,"Summary of configuration for Project: Closure
--------------------------------------------------------------------------------
    Script dir: /Users/likhithasurakasi/defects4j/framework
      Base dir: /Users/likhithasurakasi/defects4j
    Major root: /Users/likhithasurakasi/defects4j/major
      Repo dir: /Users/likhithasurakasi/defects4j/project_repos
--------------------------------------------------------------------------------
    Project ID: Closure
       Program: closure-compiler
    Build file: /Users/likhithasurakasi/defects4j/framework/projects/Closure/Closure.build.xml
--------------------------------------------------------------------------------
           Vcs: Vcs::Git
    Repository: /Users/likhithasurakasi/defects4j/project_repos/closure-compiler.git
     Commit db: /Users/likhithasurakasi/defects4j/framework/projects/Closure/active-bugs.csv
Number of bugs: 174
--------------------------------------------------------------------------------

Summary for Bug: Closure-176
--------------------------------------------------------------------------------
Revision ID (fixed version):
aeed47f424d93d9ff82e0782fca53259829362b1
--------------------------------------------------------------------------------
Revision date (fixed version):
2013-11-19 01:13:39 -0500
--------------------------------------------------------------------------------
Bug report id:
1056
--------------------------------------------------------------------------------
Bug report url:
https://storage.googleapis.com/google-code-archive/v2/code.google.com/closure-compiler/issues/issue-1056.json
--------------------------------------------------------------------------------
Root cause in triggering tests:
 - com.google.javascript.jscomp.TypeCheckTest::testIssue1056
   --> junit.framework.AssertionFailedError: expected a warning
--------------------------------------------------------------------------------
List of modified sources:
 - com.google.javascript.jscomp.TypeInference
--------------------------------------------------------------------------------
",https://storage.googleapis.com/google-code-archive/v2/code.google.com/closure-compiler/issues/issue-1056.json,1,1,"
            Bug report URL: https://storage.googleapis.com/google-code-archive/v2/code.google.com/closure-compiler/issues/issue-1056.json

            Original files:
            {}

            Instruction: Given bug report URL and Original files, fix the bug by rewriting the files in orignal files

            STRICTLY follow this format for each file. Do NOT add any extra text, explanations, or quotes. Repeat the format for multiple files.

            ---FILE_START---
            FILENAME: <full_file_name>
            CONTENT:
            <full file content here>
            ---FILE_END---
            
            "
Collections,17,"Summary of configuration for Project: Collections
--------------------------------------------------------------------------------
    Script dir: /Users/likhithasurakasi/defects4j/framework
      Base dir: /Users/likhithasurakasi/defects4j
    Major root: /Users/likhithasurakasi/defects4j/major
      Repo dir: /Users/likhithasurakasi/defects4j/project_repos
--------------------------------------------------------------------------------
    Project ID: Collections
       Program: commons-collections
    Build file: /Users/likhithasurakasi/defects4j/framework/projects/Collections/Collections.build.xml
--------------------------------------------------------------------------------
           Vcs: Vcs::Git
    Repository: /Users/likhithasurakasi/defects4j/project_repos/commons-collections.git
     Commit db: /Users/likhithasurakasi/defects4j/framework/projects/Collections/active-bugs.csv
Number of bugs: 28
--------------------------------------------------------------------------------

Summary for Bug: Collections-17
--------------------------------------------------------------------------------
Revision ID (fixed version):
459f14b33c02509a4b9cc5360f3ff2f4edba9284
--------------------------------------------------------------------------------
Revision date (fixed version):
2012-07-26 20:24:27 +0000
--------------------------------------------------------------------------------
Bug report id:
COLLECTIONS-239
--------------------------------------------------------------------------------
Bug report url:
https://issues.apache.org/jira/browse/COLLECTIONS-239
--------------------------------------------------------------------------------
Root cause in triggering tests:
 - org.apache.commons.collections.functors.TestEqualPredicate::objectFactoryUsesEqualsForTest
   --> junit.framework.AssertionFailedError
--------------------------------------------------------------------------------
List of modified sources:
 - org.apache.commons.collections.functors.EqualPredicate
--------------------------------------------------------------------------------
",https://issues.apache.org/jira/browse/COLLECTIONS-239,1,1,"
            Bug report URL: https://issues.apache.org/jira/browse/COLLECTIONS-239

            Original files:
            {'org.apache.commons.collections.functors.EqualPredicate.java': '/*\n * Licensed to the Apache Software Foundation (ASF) under one or more\n * contributor license agreements.  See the NOTICE file distributed with\n * this work for additional information regarding copyright ownership.\n * The ASF licenses this file to You under the Apache License, Version 2.0\n * (the ""License""); you may not use this file except in compliance with\n * the License.  You may obtain a copy of the License at\n *\n *      http://www.apache.org/licenses/LICENSE-2.0\n *\n * Unless required by applicable law or agreed to in writing, software\n * distributed under the License is distributed on an ""AS IS"" BASIS,\n * WITHOUT WARRANTIES OR CONDITIONS OF ANY KIND, either express or implied.\n * See the License for the specific language governing permissions and\n * limitations under the License.\n */\npackage org.apache.commons.collections.functors;\n\nimport static org.apache.commons.collections.functors.NullPredicate.nullPredicate;\n\nimport java.io.Serializable;\n\nimport org.apache.commons.collections.Predicate;\n\n/**\n * Predicate implementation that returns true if the input is the same object\n * as the one stored in this predicate by equals.\n *\n * @since 3.0\n * @version $Id$\n */\npublic final class EqualPredicate<T> implements Predicate<T>, Serializable {\n\n    /** Serial version UID */\n    private static final long serialVersionUID = 5633766978029907089L;\n\n    /** The value to compare to */\n    private final T iValue;\n    \n    /** The equator to use for comparison */\n    private final Equator<T> equator;\n\n    /**\n     * Factory to create the predicate.\n     * \n     * @param <T> the type that the predicate queries\n     * @param object  the object to compare to\n     * @return the predicate\n     * @throws IllegalArgumentException if the predicate is null\n     */\n    public static <T> Predicate<T> equalPredicate(T object) {\n        if (object == null) {\n            return nullPredicate();\n        }\n        return new EqualPredicate<T>(object);\n    }\n\n    /**\n     * Factory to create the identity predicate.\n     * \n     * @param <T> the type that the predicate queries\n     * @param object  the object to compare to\n     * @param equator  the equator to use for comparison\n     * @return the predicate\n     * @throws IllegalArgumentException if the predicate is null\n     * @since 4.0\n     */\n    public static <T> Predicate<T> equalPredicate(T object, Equator<T> equator) {\n        if (object == null) {\n            return nullPredicate();\n        }\n        return new EqualPredicate<T>(object, equator);\n    }\n\n    /**\n     * Constructor that performs no validation.\n     * Use <code>getInstance</code> if you want that.\n     * \n     * @param object  the object to compare to\n     */\n    public EqualPredicate(T object) {\n        // do not use the DefaultEquator to keep backwards compatibility\n        // the DefaultEquator returns also true if the two object references are equal\n        this(object, new DefaultEquator<T>());\n    }\n\n    /**\n     * Constructor that performs no validation.\n     * Use <code>getInstance</code> if you want that.\n     * \n     * @param object  the object to compare to\n     * @param equator  the equator to use for comparison\n     * @since 4.0\n     */\n    public EqualPredicate(T object, Equator<T> equator) {\n        super();\n        iValue = object;\n        this.equator = equator;\n    }\n\n    /**\n     * Evaluates the predicate returning true if the input equals the stored value.\n     * \n     * @param object  the input object\n     * @return true if input object equals stored value\n     */\n    public boolean evaluate(T object) {\n            return equator.equate(iValue, object);\n    }\n\n    /**\n     * Gets the value.\n     * \n     * @return the value\n     * @since 3.1\n     */\n    public Object getValue() {\n        return iValue;\n    }\n\n}\n\n'}

            Instruction: Given bug report URL and Original files, fix the bug by rewriting the files in orignal files

            STRICTLY follow this format for each file. Do NOT add any extra text, explanations, or quotes. Repeat the format for multiple files.

            ---FILE_START---
            FILENAME: <full_file_name>
            CONTENT:
            <full file content here>
            ---FILE_END---
            
            "
Compress,40,"Summary of configuration for Project: Compress
--------------------------------------------------------------------------------
    Script dir: /Users/likhithasurakasi/defects4j/framework
      Base dir: /Users/likhithasurakasi/defects4j
    Major root: /Users/likhithasurakasi/defects4j/major
      Repo dir: /Users/likhithasurakasi/defects4j/project_repos
--------------------------------------------------------------------------------
    Project ID: Compress
       Program: commons-compress
    Build file: /Users/likhithasurakasi/defects4j/framework/projects/Compress/Compress.build.xml
--------------------------------------------------------------------------------
           Vcs: Vcs::Git
    Repository: /Users/likhithasurakasi/defects4j/project_repos/commons-compress.git
     Commit db: /Users/likhithasurakasi/defects4j/framework/projects/Compress/active-bugs.csv
Number of bugs: 47
--------------------------------------------------------------------------------

Summary for Bug: Compress-40
--------------------------------------------------------------------------------
Revision ID (fixed version):
52dd5908e374973d69c51856b74d4d93d591c90a
--------------------------------------------------------------------------------
Revision date (fixed version):
2016-07-01 21:37:24 +0200
--------------------------------------------------------------------------------
Bug report id:
COMPRESS-363
--------------------------------------------------------------------------------
Bug report url:
https://issues.apache.org/jira/browse/COMPRESS-363
--------------------------------------------------------------------------------
Root cause in triggering tests:
 - org.apache.commons.compress.utils.BitInputStreamTest::littleEndianWithOverflow
   --> junit.framework.AssertionFailedError: expected:<1186> but was:<1184>
 - org.apache.commons.compress.utils.BitInputStreamTest::bigEndianWithOverflow
   --> junit.framework.AssertionFailedError: expected:<8274274654740644818> but was:<203824122492715986>
--------------------------------------------------------------------------------
List of modified sources:
 - org.apache.commons.compress.utils.BitInputStream
--------------------------------------------------------------------------------
",https://issues.apache.org/jira/browse/COMPRESS-363,1,1,"
            Bug report URL: https://issues.apache.org/jira/browse/COMPRESS-363

            Original files:
            {'org.apache.commons.compress.utils.BitInputStream.java': '/*\n * Licensed to the Apache Software Foundation (ASF) under one\n * or more contributor license agreements.  See the NOTICE file\n * distributed with this work for additional information\n * regarding copyright ownership.  The ASF licenses this file\n * to you under the Apache License, Version 2.0 (the\n * ""License""); you may not use this file except in compliance\n * with the License.  You may obtain a copy of the License at\n *\n * http://www.apache.org/licenses/LICENSE-2.0\n *\n * Unless required by applicable law or agreed to in writing,\n * software distributed under the License is distributed on an\n * ""AS IS"" BASIS, WITHOUT WARRANTIES OR CONDITIONS OF ANY\n * KIND, either express or implied.  See the License for the\n * specific language governing permissions and limitations\n * under the License.\n */\npackage org.apache.commons.compress.utils;\n\nimport java.io.Closeable;\nimport java.io.IOException;\nimport java.io.InputStream;\nimport java.nio.ByteOrder;\n\n/**\n * Reads bits from an InputStream.\n * @since 1.10\n * @NotThreadSafe\n */\npublic class BitInputStream implements Closeable {\n    private static final int MAXIMUM_CACHE_SIZE = 63; // bits in long minus sign bit\n    private static final long[] MASKS = new long[MAXIMUM_CACHE_SIZE + 1];\n\n    static {\n        for (int i = 1; i <= MAXIMUM_CACHE_SIZE; i++) {\n            MASKS[i] = (MASKS[i - 1] << 1) + 1;\n        }\n    }\n\n    private final InputStream in;\n    private final ByteOrder byteOrder;\n    private long bitsCached = 0;\n    private int bitsCachedSize = 0;\n\n    /**\n     * Constructor taking an InputStream and its bit arrangement. \n     * @param in the InputStream\n     * @param byteOrder the bit arrangement across byte boundaries,\n     *      either BIG_ENDIAN (aaaaabbb bb000000) or LITTLE_ENDIAN (bbbaaaaa 000000bb)\n     */\n    public BitInputStream(final InputStream in, final ByteOrder byteOrder) {\n        this.in = in;\n        this.byteOrder = byteOrder;\n    }\n    \n    @Override\n    public void close() throws IOException {\n        in.close();\n    }\n    \n    /**\n     * Clears the cache of bits that have been read from the\n     * underlying stream but not yet provided via {@link #readBits}.\n     */\n    public void clearBitCache() {\n        bitsCached = 0;\n        bitsCachedSize = 0;\n    }\n    \n    /**\n     * Returns at most 63 bits read from the underlying stream.\n     *\n     * @param count the number of bits to read, must be a positive\n     * number not bigger than 63.\n     * @return the bits concatenated as a long using the stream\'s byte order.\n     *         -1 if the end of the underlying stream has been reached before reading\n     *         the requested number of bits\n     * @throws IOException on error\n     */\n    public long readBits(final int count) throws IOException {\n        if (count < 0 || count > MAXIMUM_CACHE_SIZE) {\n            throw new IllegalArgumentException(""count must not be negative or greater than "" + MAXIMUM_CACHE_SIZE);\n        }\n        while (bitsCachedSize < count) {\n            final long nextByte = in.read();\n            if (nextByte < 0) {\n                return nextByte;\n            }\n            if (byteOrder == ByteOrder.LITTLE_ENDIAN) {\n                bitsCached |= (nextByte << bitsCachedSize);\n            } else {\n                bitsCached <<= 8;\n                bitsCached |= nextByte;\n            }\n            bitsCachedSize += 8;\n        }\n            // bitsCachedSize >= 57 and left-shifting it 8 bits would cause an overflow\n        \n        final long bitsOut;\n            if (byteOrder == ByteOrder.LITTLE_ENDIAN) {\n                bitsOut = (bitsCached & MASKS[count]);\n                bitsCached >>>= count;\n            } else {\n                bitsOut = (bitsCached >> (bitsCachedSize - count)) & MASKS[count];\n            }\n            bitsCachedSize -= count;\n        return bitsOut;\n    }\n}\n\n'}

            Instruction: Given bug report URL and Original files, fix the bug by rewriting the files in orignal files

            STRICTLY follow this format for each file. Do NOT add any extra text, explanations, or quotes. Repeat the format for multiple files.

            ---FILE_START---
            FILENAME: <full_file_name>
            CONTENT:
            <full file content here>
            ---FILE_END---
            
            "
Compress,44,"Summary of configuration for Project: Compress
--------------------------------------------------------------------------------
    Script dir: /Users/likhithasurakasi/defects4j/framework
      Base dir: /Users/likhithasurakasi/defects4j
    Major root: /Users/likhithasurakasi/defects4j/major
      Repo dir: /Users/likhithasurakasi/defects4j/project_repos
--------------------------------------------------------------------------------
    Project ID: Compress
       Program: commons-compress
    Build file: /Users/likhithasurakasi/defects4j/framework/projects/Compress/Compress.build.xml
--------------------------------------------------------------------------------
           Vcs: Vcs::Git
    Repository: /Users/likhithasurakasi/defects4j/project_repos/commons-compress.git
     Commit db: /Users/likhithasurakasi/defects4j/framework/projects/Compress/active-bugs.csv
Number of bugs: 47
--------------------------------------------------------------------------------

Summary for Bug: Compress-44
--------------------------------------------------------------------------------
Revision ID (fixed version):
6f379134ae1807cd404ed6c9579707e5dc6a6df0
--------------------------------------------------------------------------------
Revision date (fixed version):
2017-06-17 20:29:37 +0200
--------------------------------------------------------------------------------
Bug report id:
COMPRESS-412
--------------------------------------------------------------------------------
Bug report url:
https://issues.apache.org/jira/browse/COMPRESS-412
--------------------------------------------------------------------------------
Root cause in triggering tests:
 - org.apache.commons.compress.utils.ChecksumCalculatingInputStreamTest::testClassInstantiationWithParameterBeingNullThrowsNullPointerExceptionOne
   --> junit.framework.AssertionFailedError: Expected exception: java.lang.NullPointerException
 - org.apache.commons.compress.utils.ChecksumCalculatingInputStreamTest::testClassInstantiationWithParameterBeingNullThrowsNullPointerExceptionTwo
   --> junit.framework.AssertionFailedError: Expected exception: java.lang.NullPointerException
 - org.apache.commons.compress.utils.ChecksumCalculatingInputStreamTest::testClassInstantiationWithParameterBeingNullThrowsNullPointerExceptionThree
   --> junit.framework.AssertionFailedError: Expected exception: java.lang.NullPointerException
--------------------------------------------------------------------------------
List of modified sources:
 - org.apache.commons.compress.utils.ChecksumCalculatingInputStream
--------------------------------------------------------------------------------
",https://issues.apache.org/jira/browse/COMPRESS-412,1,1,"
            Bug report URL: https://issues.apache.org/jira/browse/COMPRESS-412

            Original files:
            {'org.apache.commons.compress.utils.ChecksumCalculatingInputStream.java': '/*\n *  Licensed to the Apache Software Foundation (ASF) under one or more\n *  contributor license agreements.  See the NOTICE file distributed with\n *  this work for additional information regarding copyright ownership.\n *  The ASF licenses this file to You under the Apache License, Version 2.0\n *  (the ""License""); you may not use this file except in compliance with\n *  the License.  You may obtain a copy of the License at\n *\n *      http://www.apache.org/licenses/LICENSE-2.0\n *\n *  Unless required by applicable law or agreed to in writing, software\n *  distributed under the License is distributed on an ""AS IS"" BASIS,\n *  WITHOUT WARRANTIES OR CONDITIONS OF ANY KIND, either express or implied.\n *  See the License for the specific language governing permissions and\n *  limitations under the License.\n *\n */\npackage org.apache.commons.compress.utils;\n\nimport java.io.IOException;\nimport java.io.InputStream;\nimport java.util.zip.Checksum;\n\n/**\n * A stream that calculates the checksum of the data read.\n * @NotThreadSafe\n * @since 1.14\n */\npublic class ChecksumCalculatingInputStream extends InputStream {\n    private final InputStream in;\n    private final Checksum checksum;\n\n    public ChecksumCalculatingInputStream(final Checksum checksum, final InputStream in) {\n\n\n\n        this.checksum = checksum;\n        this.in = in;\n    }\n\n    /**\n     * Reads a single byte from the stream\n     * @throws IOException if the underlying stream throws or the\n     * stream is exhausted and the Checksum doesn\'t match the expected\n     * value\n     */\n    @Override\n    public int read() throws IOException {\n        final int ret = in.read();\n        if (ret >= 0) {\n            checksum.update(ret);\n        }\n        return ret;\n    }\n\n    /**\n     * Reads a byte array from the stream\n     * @throws IOException if the underlying stream throws or the\n     * stream is exhausted and the Checksum doesn\'t match the expected\n     * value\n     */\n    @Override\n    public int read(final byte[] b) throws IOException {\n        return read(b, 0, b.length);\n    }\n\n    /**\n     * Reads from the stream into a byte array.\n     * @throws IOException if the underlying stream throws or the\n     * stream is exhausted and the Checksum doesn\'t match the expected\n     * value\n     */\n    @Override\n    public int read(final byte[] b, final int off, final int len) throws IOException {\n        final int ret = in.read(b, off, len);\n        if (ret >= 0) {\n            checksum.update(b, off, ret);\n        }\n        return ret;\n    }\n\n    @Override\n    public long skip(final long n) throws IOException {\n        // Can\'t really skip, we have to hash everything to verify the checksum\n        if (read() >= 0) {\n            return 1;\n        }\n        return 0;\n    }\n\n    /**\n     * Returns the calculated checksum.\n     * @return the calculated checksum.\n     */\n    public long getValue() {\n        return checksum.getValue();\n    }\n\n}\n\n'}

            Instruction: Given bug report URL and Original files, fix the bug by rewriting the files in orignal files

            STRICTLY follow this format for each file. Do NOT add any extra text, explanations, or quotes. Repeat the format for multiple files.

            ---FILE_START---
            FILENAME: <full_file_name>
            CONTENT:
            <full file content here>
            ---FILE_END---
            
            "
Gson,1,"Summary of configuration for Project: Gson
--------------------------------------------------------------------------------
    Script dir: /Users/likhithasurakasi/defects4j/framework
      Base dir: /Users/likhithasurakasi/defects4j
    Major root: /Users/likhithasurakasi/defects4j/major
      Repo dir: /Users/likhithasurakasi/defects4j/project_repos
--------------------------------------------------------------------------------
    Project ID: Gson
       Program: gson
    Build file: /Users/likhithasurakasi/defects4j/framework/projects/Gson/Gson.build.xml
--------------------------------------------------------------------------------
           Vcs: Vcs::Git
    Repository: /Users/likhithasurakasi/defects4j/project_repos/gson.git
     Commit db: /Users/likhithasurakasi/defects4j/framework/projects/Gson/active-bugs.csv
Number of bugs: 18
--------------------------------------------------------------------------------

Summary for Bug: Gson-1
--------------------------------------------------------------------------------
Revision ID (fixed version):
c6a4f55d1a9b191dbbd958c366091e567191ccab
--------------------------------------------------------------------------------
Revision date (fixed version):
2010-11-02 03:32:39 +0000
--------------------------------------------------------------------------------
Bug report id:
40
--------------------------------------------------------------------------------
Bug report url:
https://github.com/google/gson/issues/40
--------------------------------------------------------------------------------
Root cause in triggering tests:
 - com.google.gson.functional.TypeVariableTest::testSingle
   --> java.lang.UnsupportedOperationException: Expecting parameterized type, got class com.google.gson.functional.TypeVariableTest$Bar.
--------------------------------------------------------------------------------
List of modified sources:
 - com.google.gson.TypeInfoFactory
--------------------------------------------------------------------------------
",https://github.com/google/gson/issues/40,1,1,"
            Bug report URL: https://github.com/google/gson/issues/40

            Original files:
            {}

            Instruction: Given bug report URL and Original files, fix the bug by rewriting the files in orignal files

            STRICTLY follow this format for each file. Do NOT add any extra text, explanations, or quotes. Repeat the format for multiple files.

            ---FILE_START---
            FILENAME: <full_file_name>
            CONTENT:
            <full file content here>
            ---FILE_END---
            
            "
Gson,2,"Summary of configuration for Project: Gson
--------------------------------------------------------------------------------
    Script dir: /Users/likhithasurakasi/defects4j/framework
      Base dir: /Users/likhithasurakasi/defects4j
    Major root: /Users/likhithasurakasi/defects4j/major
      Repo dir: /Users/likhithasurakasi/defects4j/project_repos
--------------------------------------------------------------------------------
    Project ID: Gson
       Program: gson
    Build file: /Users/likhithasurakasi/defects4j/framework/projects/Gson/Gson.build.xml
--------------------------------------------------------------------------------
           Vcs: Vcs::Git
    Repository: /Users/likhithasurakasi/defects4j/project_repos/gson.git
     Commit db: /Users/likhithasurakasi/defects4j/framework/projects/Gson/active-bugs.csv
Number of bugs: 18
--------------------------------------------------------------------------------

Summary for Bug: Gson-2
--------------------------------------------------------------------------------
Revision ID (fixed version):
fe101c10bc3597d8e715a31d94d2cc0cc54b660f
--------------------------------------------------------------------------------
Revision date (fixed version):
2015-10-22 09:29:01 -0700
--------------------------------------------------------------------------------
Bug report id:
719
--------------------------------------------------------------------------------
Bug report url:
https://github.com/google/gson/pull/719
--------------------------------------------------------------------------------
Root cause in triggering tests:
 - com.google.gson.functional.DefaultTypeAdaptersTest::testJsonElementTypeMismatch
   --> java.lang.ClassCastException: Cannot cast com.google.gson.JsonPrimitive to com.google.gson.JsonObject
--------------------------------------------------------------------------------
List of modified sources:
 - com.google.gson.internal.bind.TypeAdapters
--------------------------------------------------------------------------------
",https://github.com/google/gson/pull/719,1,1,"
            Bug report URL: https://github.com/google/gson/pull/719

            Original files:
            {}

            Instruction: Given bug report URL and Original files, fix the bug by rewriting the files in orignal files

            STRICTLY follow this format for each file. Do NOT add any extra text, explanations, or quotes. Repeat the format for multiple files.

            ---FILE_START---
            FILENAME: <full_file_name>
            CONTENT:
            <full file content here>
            ---FILE_END---
            
            "
Gson,3,"Summary of configuration for Project: Gson
--------------------------------------------------------------------------------
    Script dir: /Users/likhithasurakasi/defects4j/framework
      Base dir: /Users/likhithasurakasi/defects4j
    Major root: /Users/likhithasurakasi/defects4j/major
      Repo dir: /Users/likhithasurakasi/defects4j/project_repos
--------------------------------------------------------------------------------
    Project ID: Gson
       Program: gson
    Build file: /Users/likhithasurakasi/defects4j/framework/projects/Gson/Gson.build.xml
--------------------------------------------------------------------------------
           Vcs: Vcs::Git
    Repository: /Users/likhithasurakasi/defects4j/project_repos/gson.git
     Commit db: /Users/likhithasurakasi/defects4j/framework/projects/Gson/active-bugs.csv
Number of bugs: 18
--------------------------------------------------------------------------------

Summary for Bug: Gson-3
--------------------------------------------------------------------------------
Revision ID (fixed version):
64107353a37e623ed1f8fecb4422c24212cf6fe1
--------------------------------------------------------------------------------
Revision date (fixed version):
2015-11-05 07:25:34 -0500
--------------------------------------------------------------------------------
Bug report id:
624
--------------------------------------------------------------------------------
Bug report url:
https://github.com/google/gson/issues/624
--------------------------------------------------------------------------------
Root cause in triggering tests:
 - com.google.gson.functional.MapTest::testConcurrentMap
   --> java.lang.ClassCastException: java.util.LinkedHashMap cannot be cast to java.util.concurrent.ConcurrentMap
 - com.google.gson.functional.MapTest::testConcurrentNavigableMap
   --> java.lang.ClassCastException: java.util.TreeMap cannot be cast to java.util.concurrent.ConcurrentNavigableMap
--------------------------------------------------------------------------------
List of modified sources:
 - com.google.gson.internal.ConstructorConstructor
--------------------------------------------------------------------------------
",https://github.com/google/gson/issues/624,1,1,"
            Bug report URL: https://github.com/google/gson/issues/624

            Original files:
            {}

            Instruction: Given bug report URL and Original files, fix the bug by rewriting the files in orignal files

            STRICTLY follow this format for each file. Do NOT add any extra text, explanations, or quotes. Repeat the format for multiple files.

            ---FILE_START---
            FILENAME: <full_file_name>
            CONTENT:
            <full file content here>
            ---FILE_END---
            
            "
Gson,4,"Summary of configuration for Project: Gson
--------------------------------------------------------------------------------
    Script dir: /Users/likhithasurakasi/defects4j/framework
      Base dir: /Users/likhithasurakasi/defects4j
    Major root: /Users/likhithasurakasi/defects4j/major
      Repo dir: /Users/likhithasurakasi/defects4j/project_repos
--------------------------------------------------------------------------------
    Project ID: Gson
       Program: gson
    Build file: /Users/likhithasurakasi/defects4j/framework/projects/Gson/Gson.build.xml
--------------------------------------------------------------------------------
           Vcs: Vcs::Git
    Repository: /Users/likhithasurakasi/defects4j/project_repos/gson.git
     Commit db: /Users/likhithasurakasi/defects4j/framework/projects/Gson/active-bugs.csv
Number of bugs: 18
--------------------------------------------------------------------------------

Summary for Bug: Gson-4
--------------------------------------------------------------------------------
Revision ID (fixed version):
af68d70cd55826fa7149effd7397d64667ca264c
--------------------------------------------------------------------------------
Revision date (fixed version):
2016-01-18 15:16:01 -0500
--------------------------------------------------------------------------------
Bug report id:
773
--------------------------------------------------------------------------------
Bug report url:
https://github.com/google/gson/pull/773
--------------------------------------------------------------------------------
Root cause in triggering tests:
 - com.google.gson.stream.JsonReaderTest::testTopLevelValueTypeWithSkipValue
   --> com.google.gson.stream.MalformedJsonException: Use JsonReader.setLenient(true) to accept malformed JSON at line 1 column 1 path $
 - com.google.gson.stream.JsonReaderTest::testTopLevelValueTypes
   --> com.google.gson.stream.MalformedJsonException: Use JsonReader.setLenient(true) to accept malformed JSON at line 1 column 1 path $
 - com.google.gson.stream.JsonWriterTest::testTopLevelValueTypes
   --> java.lang.IllegalStateException: JSON must start with an array or an object.
--------------------------------------------------------------------------------
List of modified sources:
 - com.google.gson.stream.JsonReader
 - com.google.gson.stream.JsonWriter
--------------------------------------------------------------------------------
",https://github.com/google/gson/pull/773,1,2,"
            Bug report URL: https://github.com/google/gson/pull/773

            Original files:
            {}

            Instruction: Given bug report URL and Original files, fix the bug by rewriting the files in orignal files

            STRICTLY follow this format for each file. Do NOT add any extra text, explanations, or quotes. Repeat the format for multiple files.

            ---FILE_START---
            FILENAME: <full_file_name>
            CONTENT:
            <full file content here>
            ---FILE_END---
            
            "
Gson,5,"Summary of configuration for Project: Gson
--------------------------------------------------------------------------------
    Script dir: /Users/likhithasurakasi/defects4j/framework
      Base dir: /Users/likhithasurakasi/defects4j
    Major root: /Users/likhithasurakasi/defects4j/major
      Repo dir: /Users/likhithasurakasi/defects4j/project_repos
--------------------------------------------------------------------------------
    Project ID: Gson
       Program: gson
    Build file: /Users/likhithasurakasi/defects4j/framework/projects/Gson/Gson.build.xml
--------------------------------------------------------------------------------
           Vcs: Vcs::Git
    Repository: /Users/likhithasurakasi/defects4j/project_repos/gson.git
     Commit db: /Users/likhithasurakasi/defects4j/framework/projects/Gson/active-bugs.csv
Number of bugs: 18
--------------------------------------------------------------------------------

Summary for Bug: Gson-5
--------------------------------------------------------------------------------
Revision ID (fixed version):
8383f5c7fa34ae68323fe2816ef8c1307b5d0f84
--------------------------------------------------------------------------------
Revision date (fixed version):
2016-02-02 20:23:52 -0800
--------------------------------------------------------------------------------
Bug report id:
768
--------------------------------------------------------------------------------
Bug report url:
https://github.com/google/gson/issues/768
--------------------------------------------------------------------------------
Root cause in triggering tests:
 - com.google.gson.DefaultDateTypeAdapterTest::testDateDeserializationISO8601
   --> com.google.gson.JsonSyntaxException: 1970-01-01T01:00:00+01
--------------------------------------------------------------------------------
List of modified sources:
 - com.google.gson.internal.bind.util.ISO8601Utils
--------------------------------------------------------------------------------
",https://github.com/google/gson/issues/768,1,1,"
            Bug report URL: https://github.com/google/gson/issues/768

            Original files:
            {}

            Instruction: Given bug report URL and Original files, fix the bug by rewriting the files in orignal files

            STRICTLY follow this format for each file. Do NOT add any extra text, explanations, or quotes. Repeat the format for multiple files.

            ---FILE_START---
            FILENAME: <full_file_name>
            CONTENT:
            <full file content here>
            ---FILE_END---
            
            "
Gson,6,"Summary of configuration for Project: Gson
--------------------------------------------------------------------------------
    Script dir: /Users/likhithasurakasi/defects4j/framework
      Base dir: /Users/likhithasurakasi/defects4j
    Major root: /Users/likhithasurakasi/defects4j/major
      Repo dir: /Users/likhithasurakasi/defects4j/project_repos
--------------------------------------------------------------------------------
    Project ID: Gson
       Program: gson
    Build file: /Users/likhithasurakasi/defects4j/framework/projects/Gson/Gson.build.xml
--------------------------------------------------------------------------------
           Vcs: Vcs::Git
    Repository: /Users/likhithasurakasi/defects4j/project_repos/gson.git
     Commit db: /Users/likhithasurakasi/defects4j/framework/projects/Gson/active-bugs.csv
Number of bugs: 18
--------------------------------------------------------------------------------

Summary for Bug: Gson-6
--------------------------------------------------------------------------------
Revision ID (fixed version):
dea305503ad8827121e8212248c271f1f2f90048
--------------------------------------------------------------------------------
Revision date (fixed version):
2016-02-26 13:35:59 -0500
--------------------------------------------------------------------------------
Bug report id:
800
--------------------------------------------------------------------------------
Bug report url:
https://github.com/google/gson/pull/800
--------------------------------------------------------------------------------
Root cause in triggering tests:
 - com.google.gson.regression.JsonAdapterNullSafeTest::testNullSafeBugDeserialize
   --> java.lang.NullPointerException
 - com.google.gson.regression.JsonAdapterNullSafeTest::testNullSafeBugSerialize
   --> java.lang.NullPointerException
--------------------------------------------------------------------------------
List of modified sources:
 - com.google.gson.internal.bind.JsonAdapterAnnotationTypeAdapterFactory
--------------------------------------------------------------------------------
",https://github.com/google/gson/pull/800,1,1,"
            Bug report URL: https://github.com/google/gson/pull/800

            Original files:
            {}

            Instruction: Given bug report URL and Original files, fix the bug by rewriting the files in orignal files

            STRICTLY follow this format for each file. Do NOT add any extra text, explanations, or quotes. Repeat the format for multiple files.

            ---FILE_START---
            FILENAME: <full_file_name>
            CONTENT:
            <full file content here>
            ---FILE_END---
            
            "
Gson,7,"Summary of configuration for Project: Gson
--------------------------------------------------------------------------------
    Script dir: /Users/likhithasurakasi/defects4j/framework
      Base dir: /Users/likhithasurakasi/defects4j
    Major root: /Users/likhithasurakasi/defects4j/major
      Repo dir: /Users/likhithasurakasi/defects4j/project_repos
--------------------------------------------------------------------------------
    Project ID: Gson
       Program: gson
    Build file: /Users/likhithasurakasi/defects4j/framework/projects/Gson/Gson.build.xml
--------------------------------------------------------------------------------
           Vcs: Vcs::Git
    Repository: /Users/likhithasurakasi/defects4j/project_repos/gson.git
     Commit db: /Users/likhithasurakasi/defects4j/framework/projects/Gson/active-bugs.csv
Number of bugs: 18
--------------------------------------------------------------------------------

Summary for Bug: Gson-7
--------------------------------------------------------------------------------
Revision ID (fixed version):
2b08c88c09d14e0b1a68a982bab0bb18206df76b
--------------------------------------------------------------------------------
Revision date (fixed version):
2016-03-12 15:51:22 -0500
--------------------------------------------------------------------------------
Bug report id:
604
--------------------------------------------------------------------------------
Bug report url:
https://github.com/google/gson/issues/604
--------------------------------------------------------------------------------
Root cause in triggering tests:
 - com.google.gson.functional.MapTest::testMapDeserializationWithUnquotedLongKeys
   --> com.google.gson.JsonSyntaxException: java.lang.IllegalStateException: Expected a long but was STRING at line 1 column 2 path $.
 - com.google.gson.functional.MapTest::testMapDeserializationWithUnquotedIntegerKeys
   --> com.google.gson.JsonSyntaxException: java.lang.IllegalStateException: Expected an int but was STRING at line 1 column 2 path $.
 - com.google.gson.stream.JsonReaderTest::testPeekingUnquotedStringsPrefixedWithIntegers
   --> java.lang.IllegalStateException: Expected an int but was STRING at line 1 column 2 path $[0]
--------------------------------------------------------------------------------
List of modified sources:
 - com.google.gson.stream.JsonReader
--------------------------------------------------------------------------------
",https://github.com/google/gson/issues/604,1,1,"
            Bug report URL: https://github.com/google/gson/issues/604

            Original files:
            {}

            Instruction: Given bug report URL and Original files, fix the bug by rewriting the files in orignal files

            STRICTLY follow this format for each file. Do NOT add any extra text, explanations, or quotes. Repeat the format for multiple files.

            ---FILE_START---
            FILENAME: <full_file_name>
            CONTENT:
            <full file content here>
            ---FILE_END---
            
            "
Gson,8,"Summary of configuration for Project: Gson
--------------------------------------------------------------------------------
    Script dir: /Users/likhithasurakasi/defects4j/framework
      Base dir: /Users/likhithasurakasi/defects4j
    Major root: /Users/likhithasurakasi/defects4j/major
      Repo dir: /Users/likhithasurakasi/defects4j/project_repos
--------------------------------------------------------------------------------
    Project ID: Gson
       Program: gson
    Build file: /Users/likhithasurakasi/defects4j/framework/projects/Gson/Gson.build.xml
--------------------------------------------------------------------------------
           Vcs: Vcs::Git
    Repository: /Users/likhithasurakasi/defects4j/project_repos/gson.git
     Commit db: /Users/likhithasurakasi/defects4j/framework/projects/Gson/active-bugs.csv
Number of bugs: 18
--------------------------------------------------------------------------------

Summary for Bug: Gson-8
--------------------------------------------------------------------------------
Revision ID (fixed version):
0f66f4fac441f7d7d7bc4afc907454f3fe4c0faa
--------------------------------------------------------------------------------
Revision date (fixed version):
2016-04-22 06:47:08 -1000
--------------------------------------------------------------------------------
Bug report id:
817
--------------------------------------------------------------------------------
Bug report url:
https://github.com/google/gson/issues/817
--------------------------------------------------------------------------------
Root cause in triggering tests:
 - com.google.gson.internal.UnsafeAllocatorInstantiationTest::testInterfaceInstantiation
   --> junit.framework.AssertionFailedError: expected:<class java.lang.reflect.InvocationTargetException> but was:<class java.lang.UnsupportedOperationException>
 - com.google.gson.internal.UnsafeAllocatorInstantiationTest::testAbstractClassInstantiation
   --> junit.framework.AssertionFailedError: expected:<class java.lang.reflect.InvocationTargetException> but was:<class java.lang.UnsupportedOperationException>
--------------------------------------------------------------------------------
List of modified sources:
 - com.google.gson.internal.UnsafeAllocator
--------------------------------------------------------------------------------
",https://github.com/google/gson/issues/817,1,1,"
            Bug report URL: https://github.com/google/gson/issues/817

            Original files:
            {}

            Instruction: Given bug report URL and Original files, fix the bug by rewriting the files in orignal files

            STRICTLY follow this format for each file. Do NOT add any extra text, explanations, or quotes. Repeat the format for multiple files.

            ---FILE_START---
            FILENAME: <full_file_name>
            CONTENT:
            <full file content here>
            ---FILE_END---
            
            "
Gson,9,"Summary of configuration for Project: Gson
--------------------------------------------------------------------------------
    Script dir: /Users/likhithasurakasi/defects4j/framework
      Base dir: /Users/likhithasurakasi/defects4j
    Major root: /Users/likhithasurakasi/defects4j/major
      Repo dir: /Users/likhithasurakasi/defects4j/project_repos
--------------------------------------------------------------------------------
    Project ID: Gson
       Program: gson
    Build file: /Users/likhithasurakasi/defects4j/framework/projects/Gson/Gson.build.xml
--------------------------------------------------------------------------------
           Vcs: Vcs::Git
    Repository: /Users/likhithasurakasi/defects4j/project_repos/gson.git
     Commit db: /Users/likhithasurakasi/defects4j/framework/projects/Gson/active-bugs.csv
Number of bugs: 18
--------------------------------------------------------------------------------

Summary for Bug: Gson-9
--------------------------------------------------------------------------------
Revision ID (fixed version):
874e74a3072f7ff0d2533296698ad126321516d1
--------------------------------------------------------------------------------
Revision date (fixed version):
2016-04-22 14:54:25 -1000
--------------------------------------------------------------------------------
Bug report id:
836
--------------------------------------------------------------------------------
Bug report url:
https://github.com/google/gson/pull/836
--------------------------------------------------------------------------------
Root cause in triggering tests:
 - com.google.gson.stream.JsonWriterTest::testBoxedBooleans
   --> java.lang.NullPointerException
--------------------------------------------------------------------------------
List of modified sources:
 - com.google.gson.internal.bind.JsonTreeWriter
 - com.google.gson.internal.bind.TypeAdapters
 - com.google.gson.stream.JsonWriter
--------------------------------------------------------------------------------
",https://github.com/google/gson/pull/836,1,3,"
            Bug report URL: https://github.com/google/gson/pull/836

            Original files:
            {}

            Instruction: Given bug report URL and Original files, fix the bug by rewriting the files in orignal files

            STRICTLY follow this format for each file. Do NOT add any extra text, explanations, or quotes. Repeat the format for multiple files.

            ---FILE_START---
            FILENAME: <full_file_name>
            CONTENT:
            <full file content here>
            ---FILE_END---
            
            "
Gson,10,"Summary of configuration for Project: Gson
--------------------------------------------------------------------------------
    Script dir: /Users/likhithasurakasi/defects4j/framework
      Base dir: /Users/likhithasurakasi/defects4j
    Major root: /Users/likhithasurakasi/defects4j/major
      Repo dir: /Users/likhithasurakasi/defects4j/project_repos
--------------------------------------------------------------------------------
    Project ID: Gson
       Program: gson
    Build file: /Users/likhithasurakasi/defects4j/framework/projects/Gson/Gson.build.xml
--------------------------------------------------------------------------------
           Vcs: Vcs::Git
    Repository: /Users/likhithasurakasi/defects4j/project_repos/gson.git
     Commit db: /Users/likhithasurakasi/defects4j/framework/projects/Gson/active-bugs.csv
Number of bugs: 18
--------------------------------------------------------------------------------

Summary for Bug: Gson-10
--------------------------------------------------------------------------------
Revision ID (fixed version):
bb451eac43313ae08b30ac0916718ca00c39656d
--------------------------------------------------------------------------------
Revision date (fixed version):
2016-05-17 17:26:52 -0400
--------------------------------------------------------------------------------
Bug report id:
831
--------------------------------------------------------------------------------
Bug report url:
https://github.com/google/gson/issues/831
--------------------------------------------------------------------------------
Root cause in triggering tests:
 - com.google.gson.functional.JsonAdapterAnnotationOnFieldsTest::testPrimitiveFieldAnnotationTakesPrecedenceOverDefault
   --> junit.framework.ComparisonFailure: expected:<{""part"":[""42""]}> but was:<{""part"":[42]}>
--------------------------------------------------------------------------------
List of modified sources:
 - com.google.gson.internal.bind.ReflectiveTypeAdapterFactory
--------------------------------------------------------------------------------
",https://github.com/google/gson/issues/831,1,1,"
            Bug report URL: https://github.com/google/gson/issues/831

            Original files:
            {}

            Instruction: Given bug report URL and Original files, fix the bug by rewriting the files in orignal files

            STRICTLY follow this format for each file. Do NOT add any extra text, explanations, or quotes. Repeat the format for multiple files.

            ---FILE_START---
            FILENAME: <full_file_name>
            CONTENT:
            <full file content here>
            ---FILE_END---
            
            "
Gson,11,"Summary of configuration for Project: Gson
--------------------------------------------------------------------------------
    Script dir: /Users/likhithasurakasi/defects4j/framework
      Base dir: /Users/likhithasurakasi/defects4j
    Major root: /Users/likhithasurakasi/defects4j/major
      Repo dir: /Users/likhithasurakasi/defects4j/project_repos
--------------------------------------------------------------------------------
    Project ID: Gson
       Program: gson
    Build file: /Users/likhithasurakasi/defects4j/framework/projects/Gson/Gson.build.xml
--------------------------------------------------------------------------------
           Vcs: Vcs::Git
    Repository: /Users/likhithasurakasi/defects4j/project_repos/gson.git
     Commit db: /Users/likhithasurakasi/defects4j/framework/projects/Gson/active-bugs.csv
Number of bugs: 18
--------------------------------------------------------------------------------

Summary for Bug: Gson-11
--------------------------------------------------------------------------------
Revision ID (fixed version):
44cad04a639b3a53f4205f93acda37b3f7d10871
--------------------------------------------------------------------------------
Revision date (fixed version):
2016-11-25 23:40:14 -0800
--------------------------------------------------------------------------------
Bug report id:
964
--------------------------------------------------------------------------------
Bug report url:
https://github.com/google/gson/pull/964
--------------------------------------------------------------------------------
Root cause in triggering tests:
 - com.google.gson.functional.PrimitiveTest::testNumberAsStringDeserialization
   --> com.google.gson.JsonSyntaxException: Expecting number, got: STRING
--------------------------------------------------------------------------------
List of modified sources:
 - com.google.gson.internal.bind.TypeAdapters
--------------------------------------------------------------------------------
",https://github.com/google/gson/pull/964,1,1,"
            Bug report URL: https://github.com/google/gson/pull/964

            Original files:
            {}

            Instruction: Given bug report URL and Original files, fix the bug by rewriting the files in orignal files

            STRICTLY follow this format for each file. Do NOT add any extra text, explanations, or quotes. Repeat the format for multiple files.

            ---FILE_START---
            FILENAME: <full_file_name>
            CONTENT:
            <full file content here>
            ---FILE_END---
            
            "
Gson,12,"Summary of configuration for Project: Gson
--------------------------------------------------------------------------------
    Script dir: /Users/likhithasurakasi/defects4j/framework
      Base dir: /Users/likhithasurakasi/defects4j
    Major root: /Users/likhithasurakasi/defects4j/major
      Repo dir: /Users/likhithasurakasi/defects4j/project_repos
--------------------------------------------------------------------------------
    Project ID: Gson
       Program: gson
    Build file: /Users/likhithasurakasi/defects4j/framework/projects/Gson/Gson.build.xml
--------------------------------------------------------------------------------
           Vcs: Vcs::Git
    Repository: /Users/likhithasurakasi/defects4j/project_repos/gson.git
     Commit db: /Users/likhithasurakasi/defects4j/framework/projects/Gson/active-bugs.csv
Number of bugs: 18
--------------------------------------------------------------------------------

Summary for Bug: Gson-12
--------------------------------------------------------------------------------
Revision ID (fixed version):
9e6f2bab20257b6823a5b753739f047d79e9dcbd
--------------------------------------------------------------------------------
Revision date (fixed version):
2017-02-15 18:41:39 -0800
--------------------------------------------------------------------------------
Bug report id:
1013
--------------------------------------------------------------------------------
Bug report url:
https://github.com/google/gson/issues/1013
--------------------------------------------------------------------------------
Root cause in triggering tests:
 - com.google.gson.internal.bind.JsonTreeReaderTest::testSkipValue_filledJsonObject
   --> java.lang.ArrayIndexOutOfBoundsException: -1
 - com.google.gson.internal.bind.JsonTreeReaderTest::testSkipValue_emptyJsonObject
   --> java.lang.ArrayIndexOutOfBoundsException: -1
--------------------------------------------------------------------------------
List of modified sources:
 - com.google.gson.internal.bind.JsonTreeReader
--------------------------------------------------------------------------------
",https://github.com/google/gson/issues/1013,1,1,"
            Bug report URL: https://github.com/google/gson/issues/1013

            Original files:
            {}

            Instruction: Given bug report URL and Original files, fix the bug by rewriting the files in orignal files

            STRICTLY follow this format for each file. Do NOT add any extra text, explanations, or quotes. Repeat the format for multiple files.

            ---FILE_START---
            FILENAME: <full_file_name>
            CONTENT:
            <full file content here>
            ---FILE_END---
            
            "
Gson,13,"Summary of configuration for Project: Gson
--------------------------------------------------------------------------------
    Script dir: /Users/likhithasurakasi/defects4j/framework
      Base dir: /Users/likhithasurakasi/defects4j
    Major root: /Users/likhithasurakasi/defects4j/major
      Repo dir: /Users/likhithasurakasi/defects4j/project_repos
--------------------------------------------------------------------------------
    Project ID: Gson
       Program: gson
    Build file: /Users/likhithasurakasi/defects4j/framework/projects/Gson/Gson.build.xml
--------------------------------------------------------------------------------
           Vcs: Vcs::Git
    Repository: /Users/likhithasurakasi/defects4j/project_repos/gson.git
     Commit db: /Users/likhithasurakasi/defects4j/framework/projects/Gson/active-bugs.csv
Number of bugs: 18
--------------------------------------------------------------------------------

Summary for Bug: Gson-13
--------------------------------------------------------------------------------
Revision ID (fixed version):
9a2421997e83ec803c88ea370a2d102052699d3b
--------------------------------------------------------------------------------
Revision date (fixed version):
2017-04-19 14:26:36 -0700
--------------------------------------------------------------------------------
Bug report id:
1053
--------------------------------------------------------------------------------
Bug report url:
https://github.com/google/gson/issues/1053
--------------------------------------------------------------------------------
Root cause in triggering tests:
 - com.google.gson.stream.JsonReaderTest::testNegativeZero
   --> junit.framework.ComparisonFailure: expected:<[-]0> but was:<[]0>
--------------------------------------------------------------------------------
List of modified sources:
 - com.google.gson.stream.JsonReader
--------------------------------------------------------------------------------
",https://github.com/google/gson/issues/1053,1,1,"
            Bug report URL: https://github.com/google/gson/issues/1053

            Original files:
            {}

            Instruction: Given bug report URL and Original files, fix the bug by rewriting the files in orignal files

            STRICTLY follow this format for each file. Do NOT add any extra text, explanations, or quotes. Repeat the format for multiple files.

            ---FILE_START---
            FILENAME: <full_file_name>
            CONTENT:
            <full file content here>
            ---FILE_END---
            
            "
Gson,14,"Summary of configuration for Project: Gson
--------------------------------------------------------------------------------
    Script dir: /Users/likhithasurakasi/defects4j/framework
      Base dir: /Users/likhithasurakasi/defects4j
    Major root: /Users/likhithasurakasi/defects4j/major
      Repo dir: /Users/likhithasurakasi/defects4j/project_repos
--------------------------------------------------------------------------------
    Project ID: Gson
       Program: gson
    Build file: /Users/likhithasurakasi/defects4j/framework/projects/Gson/Gson.build.xml
--------------------------------------------------------------------------------
           Vcs: Vcs::Git
    Repository: /Users/likhithasurakasi/defects4j/project_repos/gson.git
     Commit db: /Users/likhithasurakasi/defects4j/framework/projects/Gson/active-bugs.csv
Number of bugs: 18
--------------------------------------------------------------------------------

Summary for Bug: Gson-14
--------------------------------------------------------------------------------
Revision ID (fixed version):
a300148003e3a067875b1444e8268b6e0f0e0e02
--------------------------------------------------------------------------------
Revision date (fixed version):
2017-05-30 17:47:04 -0700
--------------------------------------------------------------------------------
Bug report id:
1074
--------------------------------------------------------------------------------
Bug report url:
https://github.com/google/gson/issues/1074
--------------------------------------------------------------------------------
Root cause in triggering tests:
 - com.google.gson.internal.bind.RecursiveTypesResolveTest::testDoubleSupertype
   --> junit.framework.AssertionFailedError: expected:<? super java.lang.Number> but was:<? super ? super java.lang.Number>
 - com.google.gson.internal.bind.RecursiveTypesResolveTest::testIssue440WeakReference
   --> java.lang.StackOverflowError
 - com.google.gson.internal.bind.RecursiveTypesResolveTest::testSubSupertype
   --> junit.framework.AssertionFailedError: expected:<?> but was:<? extends ? super java.lang.Number>
 - com.google.gson.internal.bind.RecursiveTypesResolveTest::testDoubleSubtype
   --> junit.framework.AssertionFailedError: expected:<? extends java.lang.Number> but was:<? extends ? extends java.lang.Number>
 - com.google.gson.internal.bind.RecursiveTypesResolveTest::testIssue603PrintStream
   --> java.lang.StackOverflowError
 - com.google.gson.internal.bind.RecursiveTypesResolveTest::testSuperSubtype
   --> junit.framework.AssertionFailedError: expected:<?> but was:<? super ? extends java.lang.Number>
 - com.google.gson.internal.bind.RecursiveTypesResolveTest::testRecursiveResolveSimple
   --> java.lang.StackOverflowError
--------------------------------------------------------------------------------
List of modified sources:
 - com.google.gson.internal.$Gson$Types
--------------------------------------------------------------------------------
",https://github.com/google/gson/issues/1074,1,1,"
            Bug report URL: https://github.com/google/gson/issues/1074

            Original files:
            {}

            Instruction: Given bug report URL and Original files, fix the bug by rewriting the files in orignal files

            STRICTLY follow this format for each file. Do NOT add any extra text, explanations, or quotes. Repeat the format for multiple files.

            ---FILE_START---
            FILENAME: <full_file_name>
            CONTENT:
            <full file content here>
            ---FILE_END---
            
            "
Gson,15,"Summary of configuration for Project: Gson
--------------------------------------------------------------------------------
    Script dir: /Users/likhithasurakasi/defects4j/framework
      Base dir: /Users/likhithasurakasi/defects4j
    Major root: /Users/likhithasurakasi/defects4j/major
      Repo dir: /Users/likhithasurakasi/defects4j/project_repos
--------------------------------------------------------------------------------
    Project ID: Gson
       Program: gson
    Build file: /Users/likhithasurakasi/defects4j/framework/projects/Gson/Gson.build.xml
--------------------------------------------------------------------------------
           Vcs: Vcs::Git
    Repository: /Users/likhithasurakasi/defects4j/project_repos/gson.git
     Commit db: /Users/likhithasurakasi/defects4j/framework/projects/Gson/active-bugs.csv
Number of bugs: 18
--------------------------------------------------------------------------------

Summary for Bug: Gson-15
--------------------------------------------------------------------------------
Revision ID (fixed version):
ada597e69a78b8b99f79f79493cbf51e16045202
--------------------------------------------------------------------------------
Revision date (fixed version):
2017-05-31 09:50:44 -0700
--------------------------------------------------------------------------------
Bug report id:
1090
--------------------------------------------------------------------------------
Bug report url:
https://github.com/google/gson/issues/1090
--------------------------------------------------------------------------------
Root cause in triggering tests:
 - com.google.gson.stream.JsonWriterTest::testNonFiniteDoublesWhenLenient
   --> java.lang.IllegalArgumentException: Numeric values must be finite, but was NaN
--------------------------------------------------------------------------------
List of modified sources:
 - com.google.gson.stream.JsonWriter
--------------------------------------------------------------------------------
",https://github.com/google/gson/issues/1090,1,1,"
            Bug report URL: https://github.com/google/gson/issues/1090

            Original files:
            {}

            Instruction: Given bug report URL and Original files, fix the bug by rewriting the files in orignal files

            STRICTLY follow this format for each file. Do NOT add any extra text, explanations, or quotes. Repeat the format for multiple files.

            ---FILE_START---
            FILENAME: <full_file_name>
            CONTENT:
            <full file content here>
            ---FILE_END---
            
            "
Gson,16,"Summary of configuration for Project: Gson
--------------------------------------------------------------------------------
    Script dir: /Users/likhithasurakasi/defects4j/framework
      Base dir: /Users/likhithasurakasi/defects4j
    Major root: /Users/likhithasurakasi/defects4j/major
      Repo dir: /Users/likhithasurakasi/defects4j/project_repos
--------------------------------------------------------------------------------
    Project ID: Gson
       Program: gson
    Build file: /Users/likhithasurakasi/defects4j/framework/projects/Gson/Gson.build.xml
--------------------------------------------------------------------------------
           Vcs: Vcs::Git
    Repository: /Users/likhithasurakasi/defects4j/project_repos/gson.git
     Commit db: /Users/likhithasurakasi/defects4j/framework/projects/Gson/active-bugs.csv
Number of bugs: 18
--------------------------------------------------------------------------------

Summary for Bug: Gson-16
--------------------------------------------------------------------------------
Revision ID (fixed version):
03a72e752ef68269990f984c9fd613cfd59224bc
--------------------------------------------------------------------------------
Revision date (fixed version):
2017-07-31 10:50:29 -0700
--------------------------------------------------------------------------------
Bug report id:
1128
--------------------------------------------------------------------------------
Bug report url:
https://github.com/google/gson/pull/1128
--------------------------------------------------------------------------------
Root cause in triggering tests:
 - com.google.gson.internal.bind.RecursiveTypesResolveTest::testRecursiveTypeVariablesResolve12
   --> java.lang.StackOverflowError
 - com.google.gson.internal.bind.RecursiveTypesResolveTest::testRecursiveTypeVariablesResolve1
   --> java.lang.StackOverflowError
--------------------------------------------------------------------------------
List of modified sources:
 - com.google.gson.internal.$Gson$Types
--------------------------------------------------------------------------------
",https://github.com/google/gson/pull/1128,1,1,"
            Bug report URL: https://github.com/google/gson/pull/1128

            Original files:
            {}

            Instruction: Given bug report URL and Original files, fix the bug by rewriting the files in orignal files

            STRICTLY follow this format for each file. Do NOT add any extra text, explanations, or quotes. Repeat the format for multiple files.

            ---FILE_START---
            FILENAME: <full_file_name>
            CONTENT:
            <full file content here>
            ---FILE_END---
            
            "
Gson,17,"Summary of configuration for Project: Gson
--------------------------------------------------------------------------------
    Script dir: /Users/likhithasurakasi/defects4j/framework
      Base dir: /Users/likhithasurakasi/defects4j
    Major root: /Users/likhithasurakasi/defects4j/major
      Repo dir: /Users/likhithasurakasi/defects4j/project_repos
--------------------------------------------------------------------------------
    Project ID: Gson
       Program: gson
    Build file: /Users/likhithasurakasi/defects4j/framework/projects/Gson/Gson.build.xml
--------------------------------------------------------------------------------
           Vcs: Vcs::Git
    Repository: /Users/likhithasurakasi/defects4j/project_repos/gson.git
     Commit db: /Users/likhithasurakasi/defects4j/framework/projects/Gson/active-bugs.csv
Number of bugs: 18
--------------------------------------------------------------------------------

Summary for Bug: Gson-17
--------------------------------------------------------------------------------
Revision ID (fixed version):
7a9fd5962dce7f277efa15fcc996606be0733bac
--------------------------------------------------------------------------------
Revision date (fixed version):
2017-09-17 23:49:13 -0700
--------------------------------------------------------------------------------
Bug report id:
1100
--------------------------------------------------------------------------------
Bug report url:
https://github.com/google/gson/pull/1100
--------------------------------------------------------------------------------
Root cause in triggering tests:
 - com.google.gson.DefaultDateTypeAdapterTest::testUnexpectedToken
   --> com.google.gson.JsonParseException: The date should be a string value
 - com.google.gson.DefaultDateTypeAdapterTest::testNullValue
   --> com.google.gson.JsonParseException: The date should be a string value
--------------------------------------------------------------------------------
List of modified sources:
 - com.google.gson.DefaultDateTypeAdapter
--------------------------------------------------------------------------------
",https://github.com/google/gson/pull/1100,1,1,"
            Bug report URL: https://github.com/google/gson/pull/1100

            Original files:
            {}

            Instruction: Given bug report URL and Original files, fix the bug by rewriting the files in orignal files

            STRICTLY follow this format for each file. Do NOT add any extra text, explanations, or quotes. Repeat the format for multiple files.

            ---FILE_START---
            FILENAME: <full_file_name>
            CONTENT:
            <full file content here>
            ---FILE_END---
            
            "
Gson,18,"Summary of configuration for Project: Gson
--------------------------------------------------------------------------------
    Script dir: /Users/likhithasurakasi/defects4j/framework
      Base dir: /Users/likhithasurakasi/defects4j
    Major root: /Users/likhithasurakasi/defects4j/major
      Repo dir: /Users/likhithasurakasi/defects4j/project_repos
--------------------------------------------------------------------------------
    Project ID: Gson
       Program: gson
    Build file: /Users/likhithasurakasi/defects4j/framework/projects/Gson/Gson.build.xml
--------------------------------------------------------------------------------
           Vcs: Vcs::Git
    Repository: /Users/likhithasurakasi/defects4j/project_repos/gson.git
     Commit db: /Users/likhithasurakasi/defects4j/framework/projects/Gson/active-bugs.csv
Number of bugs: 18
--------------------------------------------------------------------------------

Summary for Bug: Gson-18
--------------------------------------------------------------------------------
Revision ID (fixed version):
b1fb9ca9a1bea5440bc6a5b506ccf67236b08243
--------------------------------------------------------------------------------
Revision date (fixed version):
2017-09-21 17:50:41 -0700
--------------------------------------------------------------------------------
Bug report id:
1107
--------------------------------------------------------------------------------
Bug report url:
https://github.com/google/gson/issues/1107
--------------------------------------------------------------------------------
Root cause in triggering tests:
 - com.google.gson.functional.CollectionTest::testIssue1107
   --> java.lang.ClassCastException: com.google.gson.internal.LinkedTreeMap cannot be cast to com.google.gson.functional.CollectionTest$SmallClass
--------------------------------------------------------------------------------
List of modified sources:
 - com.google.gson.internal.$Gson$Types
--------------------------------------------------------------------------------
",https://github.com/google/gson/issues/1107,1,1,"
            Bug report URL: https://github.com/google/gson/issues/1107

            Original files:
            {}

            Instruction: Given bug report URL and Original files, fix the bug by rewriting the files in orignal files

            STRICTLY follow this format for each file. Do NOT add any extra text, explanations, or quotes. Repeat the format for multiple files.

            ---FILE_START---
            FILENAME: <full_file_name>
            CONTENT:
            <full file content here>
            ---FILE_END---
            
            "
JacksonDatabind,9,"Summary of configuration for Project: JacksonDatabind
--------------------------------------------------------------------------------
    Script dir: /Users/likhithasurakasi/defects4j/framework
      Base dir: /Users/likhithasurakasi/defects4j
    Major root: /Users/likhithasurakasi/defects4j/major
      Repo dir: /Users/likhithasurakasi/defects4j/project_repos
--------------------------------------------------------------------------------
    Project ID: JacksonDatabind
       Program: jackson-databind
    Build file: /Users/likhithasurakasi/defects4j/framework/projects/JacksonDatabind/JacksonDatabind.build.xml
--------------------------------------------------------------------------------
           Vcs: Vcs::Git
    Repository: /Users/likhithasurakasi/defects4j/project_repos/jackson-databind.git
     Commit db: /Users/likhithasurakasi/defects4j/framework/projects/JacksonDatabind/active-bugs.csv
Number of bugs: 110
--------------------------------------------------------------------------------

Summary for Bug: JacksonDatabind-9
--------------------------------------------------------------------------------
Revision ID (fixed version):
00bb11edc3581f42e1f3c78a047538c8ea9eb0d9
--------------------------------------------------------------------------------
Revision date (fixed version):
2015-01-19 22:14:14 -0800
--------------------------------------------------------------------------------
Bug report id:
682
--------------------------------------------------------------------------------
Bug report url:
https://github.com/FasterXML/jackson-databind/issues/682
--------------------------------------------------------------------------------
Root cause in triggering tests:
 - com.fasterxml.jackson.databind.ser.TestMapSerialization::testClassKey
   --> junit.framework.ComparisonFailure: expected:<{""[]java.lang.String"":2}> but was:<{""[class ]java.lang.String"":2}>
--------------------------------------------------------------------------------
List of modified sources:
 - com.fasterxml.jackson.databind.ser.std.StdKeySerializer
--------------------------------------------------------------------------------
",https://github.com/FasterXML/jackson-databind/issues/682,1,1,"
            Bug report URL: https://github.com/FasterXML/jackson-databind/issues/682

            Original files:
            {'com.fasterxml.jackson.databind.ser.std.StdKeySerializer.java': 'package com.fasterxml.jackson.databind.ser.std;\n\nimport java.io.IOException;\nimport java.lang.reflect.Type;\nimport java.util.Date;\n\nimport com.fasterxml.jackson.core.*;\nimport com.fasterxml.jackson.databind.JavaType;\nimport com.fasterxml.jackson.databind.JsonMappingException;\nimport com.fasterxml.jackson.databind.JsonNode;\nimport com.fasterxml.jackson.databind.SerializerProvider;\nimport com.fasterxml.jackson.databind.jsonFormatVisitors.JsonFormatVisitorWrapper;\n\n/**\n * Specialized serializer that can be used as the generic key\n * serializer, when serializing {@link java.util.Map}s to JSON\n * Objects.\n */\n@SuppressWarnings(""serial"")\npublic class StdKeySerializer extends StdSerializer<Object>\n{\n    public StdKeySerializer() { super(Object.class); }\n\n    @Override\n    public void serialize(Object value, JsonGenerator jgen, SerializerProvider provider) throws IOException {\n        String str;\n        \n        if (value instanceof Date) {\n            provider.defaultSerializeDateKey((Date) value, jgen);\n            return;\n        } else {\n            str = value.toString();\n        }\n        jgen.writeFieldName(str);\n    }\n\n    @Override\n    public JsonNode getSchema(SerializerProvider provider, Type typeHint) throws JsonMappingException {\n        return createSchemaNode(""string"");\n    }\n\n    @Override\n    public void acceptJsonFormatVisitor(JsonFormatVisitorWrapper visitor, JavaType typeHint) throws JsonMappingException {\n        visitor.expectStringFormat(typeHint);\n    }\n}\n\n'}

            Instruction: Given bug report URL and Original files, fix the bug by rewriting the files in orignal files

            STRICTLY follow this format for each file. Do NOT add any extra text, explanations, or quotes. Repeat the format for multiple files.

            ---FILE_START---
            FILENAME: <full_file_name>
            CONTENT:
            <full file content here>
            ---FILE_END---
            
            "
JacksonDatabind,16,"Summary of configuration for Project: JacksonDatabind
--------------------------------------------------------------------------------
    Script dir: /Users/likhithasurakasi/defects4j/framework
      Base dir: /Users/likhithasurakasi/defects4j
    Major root: /Users/likhithasurakasi/defects4j/major
      Repo dir: /Users/likhithasurakasi/defects4j/project_repos
--------------------------------------------------------------------------------
    Project ID: JacksonDatabind
       Program: jackson-databind
    Build file: /Users/likhithasurakasi/defects4j/framework/projects/JacksonDatabind/JacksonDatabind.build.xml
--------------------------------------------------------------------------------
           Vcs: Vcs::Git
    Repository: /Users/likhithasurakasi/defects4j/project_repos/jackson-databind.git
     Commit db: /Users/likhithasurakasi/defects4j/framework/projects/JacksonDatabind/active-bugs.csv
Number of bugs: 110
--------------------------------------------------------------------------------

Summary for Bug: JacksonDatabind-16
--------------------------------------------------------------------------------
Revision ID (fixed version):
db612bb3839581d0a88297667880cad548c018b1
--------------------------------------------------------------------------------
Revision date (fixed version):
2015-04-26 22:42:17 -0700
--------------------------------------------------------------------------------
Bug report id:
771
--------------------------------------------------------------------------------
Bug report url:
https://github.com/FasterXML/jackson-databind/issues/771
--------------------------------------------------------------------------------
Root cause in triggering tests:
 - com.fasterxml.jackson.databind.mixins.MixinsWithBundlesTest::testMixinWithBundles
   --> junit.framework.ComparisonFailure: expected:<{""[bar]"":""result""}> but was:<{""[stuff]"":""result""}>
--------------------------------------------------------------------------------
List of modified sources:
 - com.fasterxml.jackson.databind.introspect.AnnotationMap
--------------------------------------------------------------------------------
",https://github.com/FasterXML/jackson-databind/issues/771,1,1,"
            Bug report URL: https://github.com/FasterXML/jackson-databind/issues/771

            Original files:
            {'com.fasterxml.jackson.databind.introspect.AnnotationMap.java': 'package com.fasterxml.jackson.databind.introspect;\n\nimport java.lang.annotation.Annotation;\nimport java.util.*;\n\nimport com.fasterxml.jackson.databind.util.Annotations;\n\n/**\n * Simple helper class used to keep track of collection of\n * Jackson Annotations associated with annotatable things\n * (methods, constructors, classes).\n * Note that only Jackson-owned annotations are tracked (for now?).\n */\npublic final class AnnotationMap implements Annotations\n{\n    protected HashMap<Class<? extends Annotation>,Annotation> _annotations;\n\n    public AnnotationMap() { }\n    \n    private AnnotationMap(HashMap<Class<? extends Annotation>,Annotation> a) {\n        _annotations = a;\n    }\n\n    @SuppressWarnings(""unchecked"")\n    @Override\n    public <A extends Annotation> A get(Class<A> cls)\n    {\n        if (_annotations == null) {\n            return null;\n        }\n        return (A) _annotations.get(cls);\n    }\n\n    /**\n     * @since 2.3\n     */\n    public Iterable<Annotation> annotations() {\n        if (_annotations == null || _annotations.size() == 0) {\n            return Collections.emptyList();\n        }\n        return _annotations.values();\n    }\n    \n    public static AnnotationMap merge(AnnotationMap primary, AnnotationMap secondary)\n    {\n        if (primary == null || primary._annotations == null || primary._annotations.isEmpty()) {\n            return secondary;\n        }\n        if (secondary == null || secondary._annotations == null || secondary._annotations.isEmpty()) {\n            return primary;\n        }\n        HashMap<Class<? extends Annotation>,Annotation> annotations\n            = new HashMap<Class<? extends Annotation>,Annotation>();\n        // add secondary ones first\n        for (Annotation ann : secondary._annotations.values()) {\n            annotations.put(ann.annotationType(), ann);\n        }\n        // to be overridden by primary ones\n        for (Annotation ann : primary._annotations.values()) {\n            annotations.put(ann.annotationType(), ann);\n        }\n        return new AnnotationMap(annotations);\n    }\n    \n    @Override\n    public int size() {\n        return (_annotations == null) ? 0 : _annotations.size();\n    }\n\n    /**\n     * Method called to add specified annotation in the Map, but\n     * only if it didn\'t yet exist.\n     */\n    public boolean addIfNotPresent(Annotation ann)\n    {\n        if (_annotations == null || !_annotations.containsKey(ann.annotationType())) {\n            _add(ann);\n            return true;\n        }\n        return false;\n    }\n\n    /**\n     * Method called to add specified annotation in the Map.\n     * \n     * @return True if the addition changed the contents, that is, this map did not\n     *   already have specified annotation\n     */\n    public boolean add(Annotation ann) {\n        return _add(ann);\n    }\n\n    @Override\n    public String toString() {\n        if (_annotations == null) {\n            return ""[null]"";\n        }\n        return _annotations.toString();\n    }\n\n    /*\n    /**********************************************************\n    /* Helper methods\n    /**********************************************************\n     */\n\n    protected final boolean _add(Annotation ann) {\n        if (_annotations == null) {\n            _annotations = new HashMap<Class<? extends Annotation>,Annotation>();\n        }\n        Annotation previous = _annotations.put(ann.annotationType(), ann);\n        return (previous != null) && previous.equals(ann);\n    }\n}\n\n\n\n'}

            Instruction: Given bug report URL and Original files, fix the bug by rewriting the files in orignal files

            STRICTLY follow this format for each file. Do NOT add any extra text, explanations, or quotes. Repeat the format for multiple files.

            ---FILE_START---
            FILENAME: <full_file_name>
            CONTENT:
            <full file content here>
            ---FILE_END---
            
            "
JacksonDatabind,34,"Summary of configuration for Project: JacksonDatabind
--------------------------------------------------------------------------------
    Script dir: /Users/likhithasurakasi/defects4j/framework
      Base dir: /Users/likhithasurakasi/defects4j
    Major root: /Users/likhithasurakasi/defects4j/major
      Repo dir: /Users/likhithasurakasi/defects4j/project_repos
--------------------------------------------------------------------------------
    Project ID: JacksonDatabind
       Program: jackson-databind
    Build file: /Users/likhithasurakasi/defects4j/framework/projects/JacksonDatabind/JacksonDatabind.build.xml
--------------------------------------------------------------------------------
           Vcs: Vcs::Git
    Repository: /Users/likhithasurakasi/defects4j/project_repos/jackson-databind.git
     Commit db: /Users/likhithasurakasi/defects4j/framework/projects/JacksonDatabind/active-bugs.csv
Number of bugs: 110
--------------------------------------------------------------------------------

Summary for Bug: JacksonDatabind-34
--------------------------------------------------------------------------------
Revision ID (fixed version):
6b471c37efce0a3205dff387efd3473980be648f
--------------------------------------------------------------------------------
Revision date (fixed version):
2015-12-12 11:29:04 -0800
--------------------------------------------------------------------------------
Bug report id:
1045
--------------------------------------------------------------------------------
Bug report url:
https://github.com/FasterXML/jackson-databind/issues/1045
--------------------------------------------------------------------------------
Root cause in triggering tests:
 - com.fasterxml.jackson.databind.jsonschema.NewSchemaTest::testSimpleNumbers
   --> junit.framework.ComparisonFailure: expected:<...dec([numberType=BIG_[DECIMAL]])][optProp bigInt([...> but was:<...dec([numberType=BIG_[INTEGER]])][optProp bigInt([...>
--------------------------------------------------------------------------------
List of modified sources:
 - com.fasterxml.jackson.databind.ser.std.NumberSerializer
--------------------------------------------------------------------------------
",https://github.com/FasterXML/jackson-databind/issues/1045,1,1,"
            Bug report URL: https://github.com/FasterXML/jackson-databind/issues/1045

            Original files:
            {'com.fasterxml.jackson.databind.ser.std.NumberSerializer.java': 'package com.fasterxml.jackson.databind.ser.std;\n\nimport java.io.IOException;\nimport java.lang.reflect.Type;\nimport java.math.BigDecimal;\nimport java.math.BigInteger;\n\nimport com.fasterxml.jackson.core.JsonGenerator;\nimport com.fasterxml.jackson.core.JsonParser;\nimport com.fasterxml.jackson.databind.*;\nimport com.fasterxml.jackson.databind.annotation.JacksonStdImpl;\nimport com.fasterxml.jackson.databind.jsonFormatVisitors.JsonFormatVisitorWrapper;\n\n/**\n * As a fallback, we may need to use this serializer for other\n * types of {@link Number}s: both custom types and ""big"" numbers\n * like {@link BigInteger} and {@link BigDecimal}.\n */\n@JacksonStdImpl\n@SuppressWarnings(""serial"")\npublic class NumberSerializer\n    extends StdScalarSerializer<Number>\n{\n    /**\n     * Static instance that is only to be used for {@link java.lang.Number}.\n     */\n    public final static NumberSerializer instance = new NumberSerializer(Number.class);\n\n    protected final boolean _isInt;\n\n    /**\n     * @since 2.5\n     */\n    public NumberSerializer(Class<? extends Number> rawType) {\n        super(rawType, false);\n        // since this will NOT be constructed for Integer or Long, only case is:\n        _isInt = (rawType == BigInteger.class);\n    }\n\n    @Override\n    public void serialize(Number value, JsonGenerator g, SerializerProvider provider) throws IOException\n    {\n        // should mostly come in as one of these two:\n        if (value instanceof BigDecimal) {\n            g.writeNumber((BigDecimal) value);\n        } else if (value instanceof BigInteger) {\n            g.writeNumber((BigInteger) value);\n            \n        /* These shouldn\'t match (as there are more specific ones),\n         * but just to be sure:\n         */\n        } else if (value instanceof Integer) {\n            g.writeNumber(value.intValue());\n        } else if (value instanceof Long) {\n            g.writeNumber(value.longValue());\n        } else if (value instanceof Double) {\n            g.writeNumber(value.doubleValue());\n        } else if (value instanceof Float) {\n            g.writeNumber(value.floatValue());\n        } else if ((value instanceof Byte) || (value instanceof Short)) {\n            g.writeNumber(value.intValue()); // doesn\'t need to be cast to smaller numbers\n        } else {\n            // We\'ll have to use fallback ""untyped"" number write method\n            g.writeNumber(value.toString());\n        }\n    }\n\n    @Override\n    public JsonNode getSchema(SerializerProvider provider, Type typeHint) {\n        return createSchemaNode(_isInt ? ""integer"" : ""number"", true);\n    }\n\n    @Override\n    public void acceptJsonFormatVisitor(JsonFormatVisitorWrapper visitor, JavaType typeHint) throws JsonMappingException\n    {\n        if (_isInt) {\n            visitIntFormat(visitor, typeHint, JsonParser.NumberType.BIG_INTEGER);\n        } else {\n            Class<?> h = handledType();\n            if (h == BigDecimal.class) {\n                visitFloatFormat(visitor, typeHint, JsonParser.NumberType.BIG_INTEGER);\n            } else {\n                // otherwise bit unclear what to call... but let\'s try:\n                /*JsonNumberFormatVisitor v2 =*/ visitor.expectNumberFormat(typeHint);\n            }\n        }\n    }\n}\n'}

            Instruction: Given bug report URL and Original files, fix the bug by rewriting the files in orignal files

            STRICTLY follow this format for each file. Do NOT add any extra text, explanations, or quotes. Repeat the format for multiple files.

            ---FILE_START---
            FILENAME: <full_file_name>
            CONTENT:
            <full file content here>
            ---FILE_END---
            
            "
JacksonDatabind,39,"Summary of configuration for Project: JacksonDatabind
--------------------------------------------------------------------------------
    Script dir: /Users/likhithasurakasi/defects4j/framework
      Base dir: /Users/likhithasurakasi/defects4j
    Major root: /Users/likhithasurakasi/defects4j/major
      Repo dir: /Users/likhithasurakasi/defects4j/project_repos
--------------------------------------------------------------------------------
    Project ID: JacksonDatabind
       Program: jackson-databind
    Build file: /Users/likhithasurakasi/defects4j/framework/projects/JacksonDatabind/JacksonDatabind.build.xml
--------------------------------------------------------------------------------
           Vcs: Vcs::Git
    Repository: /Users/likhithasurakasi/defects4j/project_repos/jackson-databind.git
     Commit db: /Users/likhithasurakasi/defects4j/framework/projects/JacksonDatabind/active-bugs.csv
Number of bugs: 110
--------------------------------------------------------------------------------

Summary for Bug: JacksonDatabind-39
--------------------------------------------------------------------------------
Revision ID (fixed version):
308ed4ed89b32d119b5994e457597275c6a0af7d
--------------------------------------------------------------------------------
Revision date (fixed version):
2016-01-29 22:29:46 -0800
--------------------------------------------------------------------------------
Bug report id:
1108
--------------------------------------------------------------------------------
Bug report url:
https://github.com/FasterXML/jackson-databind/issues/1108
--------------------------------------------------------------------------------
Root cause in triggering tests:
 - com.fasterxml.jackson.databind.jsontype.TestPolymorphicWithDefaultImpl::testUnknownTypeIDRecovery
   --> com.fasterxml.jackson.databind.exc.UnrecognizedPropertyException: Unrecognized field ""location"" (class com.fasterxml.jackson.databind.jsontype.TestPolymorphicWithDefaultImpl$CallRecord), not marked as ignorable (4 known properties: ""version"", ""item"", ""item2"", ""application""])
--------------------------------------------------------------------------------
List of modified sources:
 - com.fasterxml.jackson.databind.deser.std.NullifyingDeserializer
--------------------------------------------------------------------------------
",https://github.com/FasterXML/jackson-databind/issues/1108,1,1,"
            Bug report URL: https://github.com/FasterXML/jackson-databind/issues/1108

            Original files:
            {'com.fasterxml.jackson.databind.deser.std.NullifyingDeserializer.java': 'package com.fasterxml.jackson.databind.deser.std;\n\nimport java.io.IOException;\n\nimport com.fasterxml.jackson.core.*;\nimport com.fasterxml.jackson.databind.*;\nimport com.fasterxml.jackson.databind.jsontype.TypeDeserializer;\n\n/**\n * Bogus deserializer that will simply skip all content there is to map\n * and returns Java null reference.\n * \n * @since 2.2\n */\npublic class NullifyingDeserializer\n    extends StdDeserializer<Object>\n{\n    private static final long serialVersionUID = 1L;\n\n    public final static NullifyingDeserializer instance = new NullifyingDeserializer();\n    \n    public NullifyingDeserializer() { super(Object.class); }\n\n    /*\n    /**********************************************************\n    /* Deserializer API\n    /**********************************************************\n     */\n    \n    @Override\n    public Object deserialize(JsonParser p, DeserializationContext ctxt) throws IOException\n    {\n        // 29-Jan-2016, tatu: Simple skipping for all other tokens, but FIELD_NAME bit\n        //    special unfortunately\n            p.skipChildren();\n        return null;\n    }\n\n    @Override\n    public Object deserializeWithType(JsonParser p, DeserializationContext ctxt,\n            TypeDeserializer typeDeserializer) throws IOException\n    {\n        // Not sure if we need to bother but:\n\n        switch (p.getCurrentTokenId()) {\n        case JsonTokenId.ID_START_ARRAY:\n        case JsonTokenId.ID_START_OBJECT:\n        case JsonTokenId.ID_FIELD_NAME:\n            return typeDeserializer.deserializeTypedFromAny(p, ctxt);\n        default:\n            return null;\n        }\n    }\n}\n\n'}

            Instruction: Given bug report URL and Original files, fix the bug by rewriting the files in orignal files

            STRICTLY follow this format for each file. Do NOT add any extra text, explanations, or quotes. Repeat the format for multiple files.

            ---FILE_START---
            FILENAME: <full_file_name>
            CONTENT:
            <full file content here>
            ---FILE_END---
            
            "
JacksonDatabind,43,"Summary of configuration for Project: JacksonDatabind
--------------------------------------------------------------------------------
    Script dir: /Users/likhithasurakasi/defects4j/framework
      Base dir: /Users/likhithasurakasi/defects4j
    Major root: /Users/likhithasurakasi/defects4j/major
      Repo dir: /Users/likhithasurakasi/defects4j/project_repos
--------------------------------------------------------------------------------
    Project ID: JacksonDatabind
       Program: jackson-databind
    Build file: /Users/likhithasurakasi/defects4j/framework/projects/JacksonDatabind/JacksonDatabind.build.xml
--------------------------------------------------------------------------------
           Vcs: Vcs::Git
    Repository: /Users/likhithasurakasi/defects4j/project_repos/jackson-databind.git
     Commit db: /Users/likhithasurakasi/defects4j/framework/projects/JacksonDatabind/active-bugs.csv
Number of bugs: 110
--------------------------------------------------------------------------------

Summary for Bug: JacksonDatabind-43
--------------------------------------------------------------------------------
Revision ID (fixed version):
a290f09c4ba55b7724375099f5cf0cd0a9b48011
--------------------------------------------------------------------------------
Revision date (fixed version):
2016-03-09 11:20:58 -0800
--------------------------------------------------------------------------------
Bug report id:
1150
--------------------------------------------------------------------------------
Bug report url:
https://github.com/FasterXML/jackson-databind/pull/1150
--------------------------------------------------------------------------------
Root cause in triggering tests:
 - com.fasterxml.jackson.databind.objectid.TestObjectIdSerialization::testNullStringPropertyId
   --> com.fasterxml.jackson.databind.JsonMappingException: Can not deserialize instance of java.lang.String out of VALUE_NULL token
--------------------------------------------------------------------------------
List of modified sources:
 - com.fasterxml.jackson.databind.deser.impl.ObjectIdValueProperty
--------------------------------------------------------------------------------
",https://github.com/FasterXML/jackson-databind/pull/1150,1,1,"
            Bug report URL: https://github.com/FasterXML/jackson-databind/pull/1150

            Original files:
            {'com.fasterxml.jackson.databind.deser.impl.ObjectIdValueProperty.java': 'package com.fasterxml.jackson.databind.deser.impl;\n\nimport java.io.IOException;\nimport java.lang.annotation.Annotation;\n\nimport com.fasterxml.jackson.core.JsonParser;\nimport com.fasterxml.jackson.databind.*;\nimport com.fasterxml.jackson.databind.deser.*;\nimport com.fasterxml.jackson.databind.introspect.AnnotatedMember;\n\n/**\n * Specialized {@link SettableBeanProperty} implementation used\n * for virtual property that represents Object Id that is used\n * for some POJO types (or properties).\n */\npublic final class ObjectIdValueProperty\n    extends SettableBeanProperty\n{\n    private static final long serialVersionUID = 1L;\n\n    protected final ObjectIdReader _objectIdReader;\n\n    public ObjectIdValueProperty(ObjectIdReader objectIdReader,\n            PropertyMetadata metadata)\n    {\n        super(objectIdReader.propertyName, objectIdReader.getIdType(), metadata,\n                objectIdReader.getDeserializer());\n        _objectIdReader = objectIdReader;\n    }\n\n    protected ObjectIdValueProperty(ObjectIdValueProperty src, JsonDeserializer<?> deser)\n    {\n        super(src, deser);\n        _objectIdReader = src._objectIdReader;\n    }\n\n    protected ObjectIdValueProperty(ObjectIdValueProperty src, PropertyName newName) {\n        super(src, newName);\n        _objectIdReader = src._objectIdReader;\n    }\n\n    @Override\n    public ObjectIdValueProperty withName(PropertyName newName) {\n        return new ObjectIdValueProperty(this, newName);\n    }\n\n    @Override\n    public ObjectIdValueProperty withValueDeserializer(JsonDeserializer<?> deser) {\n        return new ObjectIdValueProperty(this, deser);\n    }\n    \n    // // // BeanProperty impl\n    \n    @Override\n    public <A extends Annotation> A getAnnotation(Class<A> acls) {\n        return null;\n    }\n\n    @Override public AnnotatedMember getMember() {  return null; }\n\n    /*\n    /**********************************************************\n    /* Deserialization methods\n    /**********************************************************\n     */\n\n    @Override\n    public void deserializeAndSet(JsonParser p, DeserializationContext ctxt,\n            Object instance) throws IOException\n    {\n        deserializeSetAndReturn(p, ctxt, instance);\n    }\n\n    @Override\n    public Object deserializeSetAndReturn(JsonParser p,\n    \t\tDeserializationContext ctxt, Object instance) throws IOException\n    {\n        Object id = _valueDeserializer.deserialize(p, ctxt);\n        /* 02-Apr-2015, tatu: Actually, as per [databind#742], let it be;\n         *  missing or null id is needed for some cases, such as cases where id\n         *  will be generated externally, at a later point, and is not available\n         *  quite yet. Typical use case is with DB inserts.\n         */\n        // note: no null checks (unlike usually); deserializer should fail if one found\n        if (id == null) {\n            return null;\n        }\n        ReadableObjectId roid = ctxt.findObjectId(id, _objectIdReader.generator, _objectIdReader.resolver);\n        roid.bindItem(instance);\n        // also: may need to set a property value as well\n        SettableBeanProperty idProp = _objectIdReader.idProperty;\n        if (idProp != null) {\n            return idProp.setAndReturn(instance, id);\n        }\n        return instance;\n    }\n\n    @Override\n    public void set(Object instance, Object value) throws IOException {\n        setAndReturn(instance, value);\n    }\n\n    @Override\n    public Object setAndReturn(Object instance, Object value) throws IOException\n    {\n        SettableBeanProperty idProp = _objectIdReader.idProperty;\n        if (idProp == null) {\n            throw new UnsupportedOperationException(\n                    ""Should not call set() on ObjectIdProperty that has no SettableBeanProperty"");\n        }\n        return idProp.setAndReturn(instance, value);\n    }\n}\n\n'}

            Instruction: Given bug report URL and Original files, fix the bug by rewriting the files in orignal files

            STRICTLY follow this format for each file. Do NOT add any extra text, explanations, or quotes. Repeat the format for multiple files.

            ---FILE_START---
            FILENAME: <full_file_name>
            CONTENT:
            <full file content here>
            ---FILE_END---
            
            "
JacksonDatabind,49,"Summary of configuration for Project: JacksonDatabind
--------------------------------------------------------------------------------
    Script dir: /Users/likhithasurakasi/defects4j/framework
      Base dir: /Users/likhithasurakasi/defects4j
    Major root: /Users/likhithasurakasi/defects4j/major
      Repo dir: /Users/likhithasurakasi/defects4j/project_repos
--------------------------------------------------------------------------------
    Project ID: JacksonDatabind
       Program: jackson-databind
    Build file: /Users/likhithasurakasi/defects4j/framework/projects/JacksonDatabind/JacksonDatabind.build.xml
--------------------------------------------------------------------------------
           Vcs: Vcs::Git
    Repository: /Users/likhithasurakasi/defects4j/project_repos/jackson-databind.git
     Commit db: /Users/likhithasurakasi/defects4j/framework/projects/JacksonDatabind/active-bugs.csv
Number of bugs: 110
--------------------------------------------------------------------------------

Summary for Bug: JacksonDatabind-49
--------------------------------------------------------------------------------
Revision ID (fixed version):
644487bf9b525b26734bfda1780b272b52631c5e
--------------------------------------------------------------------------------
Revision date (fixed version):
2016-06-04 20:27:07 -0700
--------------------------------------------------------------------------------
Bug report id:
1255
--------------------------------------------------------------------------------
Bug report url:
https://github.com/FasterXML/jackson-databind/issues/1255
--------------------------------------------------------------------------------
Root cause in triggering tests:
 - com.fasterxml.jackson.databind.objectid.AlwaysAsReferenceFirstTest::testIssue1255
   --> com.fasterxml.jackson.databind.deser.UnresolvedForwardReference: Unresolved forward references for: Object id [1] (for com.fasterxml.jackson.databind.objectid.AlwaysAsReferenceFirstTest$Bar) at [Source: {""bar1"":1,""bar2"":{""@id"":2,""value"":3}}; line: 1, column: 10].
--------------------------------------------------------------------------------
List of modified sources:
 - com.fasterxml.jackson.databind.ser.impl.WritableObjectId
--------------------------------------------------------------------------------
",https://github.com/FasterXML/jackson-databind/issues/1255,1,1,"
            Bug report URL: https://github.com/FasterXML/jackson-databind/issues/1255

            Original files:
            {'com.fasterxml.jackson.databind.ser.impl.WritableObjectId.java': 'package com.fasterxml.jackson.databind.ser.impl;\n\nimport java.io.IOException;\n\nimport com.fasterxml.jackson.annotation.ObjectIdGenerator;\n\nimport com.fasterxml.jackson.core.JsonGenerator;\nimport com.fasterxml.jackson.core.SerializableString;\n\nimport com.fasterxml.jackson.databind.SerializerProvider;\n\n/**\n * Simple value container used to keep track of Object Ids during\n * serialization.\n */\npublic final class WritableObjectId\n{\n    public final ObjectIdGenerator<?> generator;\n\n    public Object id;\n\n    /**\n     * Marker to denote whether Object Id value has been written as part of an Object,\n     * to be referencible. Remains false when forward-reference is written.\n     */\n    protected boolean idWritten = false;\n\n    public WritableObjectId(ObjectIdGenerator<?> generator) {\n        this.generator = generator;\n    }\n\n    public boolean writeAsId(JsonGenerator gen, SerializerProvider provider, ObjectIdWriter w) throws IOException\n    {\n        if ((id != null) && (idWritten || w.alwaysAsId)) {\n            // 03-Aug-2013, tatu: Prefer Native Object Ids if available\n            if (gen.canWriteObjectId()) {\n                gen.writeObjectRef(String.valueOf(id));\n            } else {\n                w.serializer.serialize(id, gen, provider);\n            }\n            return true;\n        }\n        return false;\n    }\n    \n    public Object generateId(Object forPojo) {\n        // 04-Jun-2016, tatu: As per [databind#1255], need to consider possibility of\n        //    id being generated for ""alwaysAsId"", but not being written as POJO; regardless,\n        //    need to use existing id if there is one:\n            id = generator.generateId(forPojo);\n        return id;\n    }\n\n    /**\n     * Method called to output Object Id as specified.\n     */\n    public void writeAsField(JsonGenerator gen, SerializerProvider provider,\n            ObjectIdWriter w) throws IOException\n    {\n        idWritten = true;\n\n        // 03-Aug-2013, tatu: Prefer Native Object Ids if available\n        if (gen.canWriteObjectId()) {\n            // Need to assume String(ified) ids, for now... could add \'long\' variant?\n            gen.writeObjectId(String.valueOf(id));\n            return;\n        }\n        \n        SerializableString name = w.propertyName;\n        if (name != null) {\n            gen.writeFieldName(name);\n            w.serializer.serialize(id, gen, provider);\n        }\n    }\n}\n\n'}

            Instruction: Given bug report URL and Original files, fix the bug by rewriting the files in orignal files

            STRICTLY follow this format for each file. Do NOT add any extra text, explanations, or quotes. Repeat the format for multiple files.

            ---FILE_START---
            FILENAME: <full_file_name>
            CONTENT:
            <full file content here>
            ---FILE_END---
            
            "
JacksonDatabind,84,"Summary of configuration for Project: JacksonDatabind
--------------------------------------------------------------------------------
    Script dir: /Users/likhithasurakasi/defects4j/framework
      Base dir: /Users/likhithasurakasi/defects4j
    Major root: /Users/likhithasurakasi/defects4j/major
      Repo dir: /Users/likhithasurakasi/defects4j/project_repos
--------------------------------------------------------------------------------
    Project ID: JacksonDatabind
       Program: jackson-databind
    Build file: /Users/likhithasurakasi/defects4j/framework/projects/JacksonDatabind/JacksonDatabind.build.xml
--------------------------------------------------------------------------------
           Vcs: Vcs::Git
    Repository: /Users/likhithasurakasi/defects4j/project_repos/jackson-databind.git
     Commit db: /Users/likhithasurakasi/defects4j/framework/projects/JacksonDatabind/active-bugs.csv
Number of bugs: 110
--------------------------------------------------------------------------------

Summary for Bug: JacksonDatabind-84
--------------------------------------------------------------------------------
Revision ID (fixed version):
1a0326fbc31d3d9f1e5145dc71b937820142d111
--------------------------------------------------------------------------------
Revision date (fixed version):
2017-06-08 11:01:29 -0600
--------------------------------------------------------------------------------
Bug report id:
1647
--------------------------------------------------------------------------------
Bug report url:
https://github.com/FasterXML/jackson-databind/issues/1647
--------------------------------------------------------------------------------
Root cause in triggering tests:
 - com.fasterxml.jackson.databind.type.TestTypeFactoryWithRecursiveTypes::testBasePropertiesIncludedWhenSerializingSubWhenSubTypeLoadedAfterBaseType
   --> junit.framework.ComparisonFailure: expected:<{""[base"":1,""]sub"":2}> but was:<{""[]sub"":2}>
--------------------------------------------------------------------------------
List of modified sources:
 - com.fasterxml.jackson.databind.type.ResolvedRecursiveType
--------------------------------------------------------------------------------
",https://github.com/FasterXML/jackson-databind/issues/1647,1,1,"
            Bug report URL: https://github.com/FasterXML/jackson-databind/issues/1647

            Original files:
            {'com.fasterxml.jackson.databind.type.ResolvedRecursiveType.java': 'package com.fasterxml.jackson.databind.type;\n\nimport com.fasterxml.jackson.databind.JavaType;\n\n/**\n * Internal placeholder type used for self-references.\n *\n * @since 2.7\n */\npublic class ResolvedRecursiveType extends TypeBase\n{\n    private static final long serialVersionUID = 1L;\n\n    protected JavaType _referencedType;\n\n    public ResolvedRecursiveType(Class<?> erasedType, TypeBindings bindings) {\n        super(erasedType, bindings, null, null, 0, null, null, false);\n    }\n\n    public void setReference(JavaType ref)\n    {\n        // sanity check; should not be called multiple times\n        if (_referencedType != null) {\n            throw new IllegalStateException(""Trying to re-set self reference; old value = ""+_referencedType+"", new = ""+ref);\n        }\n        _referencedType = ref;\n    }\n   \n\n    public JavaType getSelfReferencedType() { return _referencedType; }\n\n    @Override\n    public StringBuilder getGenericSignature(StringBuilder sb) {\n        return _referencedType.getGenericSignature(sb);\n    }\n\n    @Override\n    public StringBuilder getErasedSignature(StringBuilder sb) {\n        return _referencedType.getErasedSignature(sb);\n    }\n\n    @Override\n    public JavaType withContentType(JavaType contentType) {\n        return this;\n    }\n    \n    @Override\n    public JavaType withTypeHandler(Object h) {\n        return this;\n    }\n\n    @Override\n    public JavaType withContentTypeHandler(Object h) {\n        return this;\n    }\n\n    @Override\n    public JavaType withValueHandler(Object h) {\n        return this;\n    }\n\n    @Override\n    public JavaType withContentValueHandler(Object h) {\n        return this;\n    }\n\n    @Override\n    public JavaType withStaticTyping() {\n        return this;\n    }\n\n    @Deprecated // since 2.7\n    @Override\n    protected JavaType _narrow(Class<?> subclass) {\n        return this;\n    }\n\n    @Override\n    public JavaType refine(Class<?> rawType, TypeBindings bindings,\n            JavaType superClass, JavaType[] superInterfaces) {\n        return null;\n    }\n\n    @Override\n    public boolean isContainerType() {\n        return false;\n    }\n\n    @Override\n    public String toString() {\n        StringBuilder sb = new StringBuilder(40)\n                .append(""[recursive type; "");\n        if (_referencedType == null) {\n            sb.append(""UNRESOLVED"");\n        } else {\n            // [databind#1301]: Typically resolves to a loop so short-cut\n            //   and only include type-erased class\n            sb.append(_referencedType.getRawClass().getName());\n        }\n        return sb.toString();\n    }\n\n    @Override\n    public boolean equals(Object o) {\n        if (o == this) return true;\n        if (o == null) return false;\n        // Do NOT ever match unresolved references\n        if (_referencedType == null) {\n            return false;\n        }\n        return (o.getClass() == getClass()\n                && _referencedType.equals(((ResolvedRecursiveType) o).getSelfReferencedType()));\n    }\n}\n\n'}

            Instruction: Given bug report URL and Original files, fix the bug by rewriting the files in orignal files

            STRICTLY follow this format for each file. Do NOT add any extra text, explanations, or quotes. Repeat the format for multiple files.

            ---FILE_START---
            FILENAME: <full_file_name>
            CONTENT:
            <full file content here>
            ---FILE_END---
            
            "
JacksonDatabind,86,"Summary of configuration for Project: JacksonDatabind
--------------------------------------------------------------------------------
    Script dir: /Users/likhithasurakasi/defects4j/framework
      Base dir: /Users/likhithasurakasi/defects4j
    Major root: /Users/likhithasurakasi/defects4j/major
      Repo dir: /Users/likhithasurakasi/defects4j/project_repos
--------------------------------------------------------------------------------
    Project ID: JacksonDatabind
       Program: jackson-databind
    Build file: /Users/likhithasurakasi/defects4j/framework/projects/JacksonDatabind/JacksonDatabind.build.xml
--------------------------------------------------------------------------------
           Vcs: Vcs::Git
    Repository: /Users/likhithasurakasi/defects4j/project_repos/jackson-databind.git
     Commit db: /Users/likhithasurakasi/defects4j/framework/projects/JacksonDatabind/active-bugs.csv
Number of bugs: 110
--------------------------------------------------------------------------------

Summary for Bug: JacksonDatabind-86
--------------------------------------------------------------------------------
Revision ID (fixed version):
3d743477e1531cd3c4c041941f047eee5b040924
--------------------------------------------------------------------------------
Revision date (fixed version):
2017-06-08 22:36:00 -0700
--------------------------------------------------------------------------------
Bug report id:
1647
--------------------------------------------------------------------------------
Bug report url:
https://github.com/FasterXML/jackson-databind/issues/1647
--------------------------------------------------------------------------------
Root cause in triggering tests:
 - com.fasterxml.jackson.databind.type.RecursiveTypeTest::testSuperClassWithReferencedJavaType
   --> junit.framework.AssertionFailedError
 - com.fasterxml.jackson.databind.type.TestTypeFactoryWithRecursiveTypes::testBasePropertiesIncludedWhenSerializingSubWhenSubTypeLoadedAfterBaseType
   --> junit.framework.ComparisonFailure: expected:<{""[base"":1,""]sub"":2}> but was:<{""[]sub"":2}>
--------------------------------------------------------------------------------
List of modified sources:
 - com.fasterxml.jackson.databind.type.ResolvedRecursiveType
--------------------------------------------------------------------------------
",https://github.com/FasterXML/jackson-databind/issues/1647,1,1,"
            Bug report URL: https://github.com/FasterXML/jackson-databind/issues/1647

            Original files:
            {'com.fasterxml.jackson.databind.type.ResolvedRecursiveType.java': 'package com.fasterxml.jackson.databind.type;\n\nimport com.fasterxml.jackson.databind.JavaType;\n\n/**\n * Internal placeholder type used for self-references.\n *\n * @since 2.7\n */\npublic class ResolvedRecursiveType extends TypeBase\n{\n    private static final long serialVersionUID = 1L;\n\n    protected JavaType _referencedType;\n\n    public ResolvedRecursiveType(Class<?> erasedType, TypeBindings bindings) {\n        super(erasedType, bindings, null, null, 0, null, null, false);\n    }\n\n    public void setReference(JavaType ref)\n    {\n        // sanity check; should not be called multiple times\n        if (_referencedType != null) {\n            throw new IllegalStateException(""Trying to re-set self reference; old value = ""+_referencedType+"", new = ""+ref);\n        }\n        _referencedType = ref;\n    }\n   \n\n    public JavaType getSelfReferencedType() { return _referencedType; }\n\n    @Override\n    public StringBuilder getGenericSignature(StringBuilder sb) {\n        return _referencedType.getGenericSignature(sb);\n    }\n\n    @Override\n    public StringBuilder getErasedSignature(StringBuilder sb) {\n        return _referencedType.getErasedSignature(sb);\n    }\n\n    @Override\n    public JavaType withContentType(JavaType contentType) {\n        return this;\n    }\n    \n    @Override\n    public JavaType withTypeHandler(Object h) {\n        return this;\n    }\n\n    @Override\n    public JavaType withContentTypeHandler(Object h) {\n        return this;\n    }\n\n    @Override\n    public JavaType withValueHandler(Object h) {\n        return this;\n    }\n\n    @Override\n    public JavaType withContentValueHandler(Object h) {\n        return this;\n    }\n\n    @Override\n    public JavaType withStaticTyping() {\n        return this;\n    }\n\n    @Deprecated // since 2.7\n    @Override\n    protected JavaType _narrow(Class<?> subclass) {\n        return this;\n    }\n\n    @Override\n    public JavaType refine(Class<?> rawType, TypeBindings bindings,\n            JavaType superClass, JavaType[] superInterfaces) {\n        return null;\n    }\n\n    @Override\n    public boolean isContainerType() {\n        return false;\n    }\n\n    @Override\n    public String toString() {\n        StringBuilder sb = new StringBuilder(40)\n                .append(""[recursive type; "");\n        if (_referencedType == null) {\n            sb.append(""UNRESOLVED"");\n        } else {\n            // [databind#1301]: Typically resolves to a loop so short-cut\n            //   and only include type-erased class\n            sb.append(_referencedType.getRawClass().getName());\n        }\n        return sb.toString();\n    }\n\n    @Override\n    public boolean equals(Object o) {\n        if (o == this) return true;\n        if (o == null) return false;\n        // Do NOT ever match unresolved references\n        if (_referencedType == null) {\n            return false;\n        }\n        return (o.getClass() == getClass()\n                && _referencedType.equals(((ResolvedRecursiveType) o).getSelfReferencedType()));\n    }\n}\n\n'}

            Instruction: Given bug report URL and Original files, fix the bug by rewriting the files in orignal files

            STRICTLY follow this format for each file. Do NOT add any extra text, explanations, or quotes. Repeat the format for multiple files.

            ---FILE_START---
            FILENAME: <full_file_name>
            CONTENT:
            <full file content here>
            ---FILE_END---
            
            "
JacksonDatabind,105,"Summary of configuration for Project: JacksonDatabind
--------------------------------------------------------------------------------
    Script dir: /Users/likhithasurakasi/defects4j/framework
      Base dir: /Users/likhithasurakasi/defects4j
    Major root: /Users/likhithasurakasi/defects4j/major
      Repo dir: /Users/likhithasurakasi/defects4j/project_repos
--------------------------------------------------------------------------------
    Project ID: JacksonDatabind
       Program: jackson-databind
    Build file: /Users/likhithasurakasi/defects4j/framework/projects/JacksonDatabind/JacksonDatabind.build.xml
--------------------------------------------------------------------------------
           Vcs: Vcs::Git
    Repository: /Users/likhithasurakasi/defects4j/project_repos/jackson-databind.git
     Commit db: /Users/likhithasurakasi/defects4j/framework/projects/JacksonDatabind/active-bugs.csv
Number of bugs: 110
--------------------------------------------------------------------------------

Summary for Bug: JacksonDatabind-105
--------------------------------------------------------------------------------
Revision ID (fixed version):
69903aeb290415809bfaf6a2e18ec6cb2141fc5a
--------------------------------------------------------------------------------
Revision date (fixed version):
2018-12-06 21:35:10 -0800
--------------------------------------------------------------------------------
Bug report id:
2197
--------------------------------------------------------------------------------
Bug report url:
https://github.com/FasterXML/jackson-databind/issues/2197
--------------------------------------------------------------------------------
Root cause in triggering tests:
 - com.fasterxml.jackson.databind.deser.jdk.JDKScalarsTest::testVoidDeser
   --> com.fasterxml.jackson.databind.exc.MismatchedInputException: Cannot construct instance of `java.lang.Void` (although at least one Creator exists): no int/Int-argument constructor/factory method to deserialize from Number value (123)
--------------------------------------------------------------------------------
List of modified sources:
 - com.fasterxml.jackson.databind.deser.std.JdkDeserializers
--------------------------------------------------------------------------------
",https://github.com/FasterXML/jackson-databind/issues/2197,1,1,"
            Bug report URL: https://github.com/FasterXML/jackson-databind/issues/2197

            Original files:
            {'com.fasterxml.jackson.databind.deser.std.JdkDeserializers.java': 'package com.fasterxml.jackson.databind.deser.std;\n\nimport java.nio.ByteBuffer;\nimport java.util.*;\nimport java.util.concurrent.atomic.AtomicBoolean;\n\nimport com.fasterxml.jackson.databind.*;\n\n/**\n * Container class that contains serializers for JDK types that\n * require special handling for some reason.\n */\npublic class JdkDeserializers\n{\n    private final static HashSet<String> _classNames = new HashSet<String>();\n    static {\n        // note: can skip primitive types; other ways to check them:\n        Class<?>[] types = new Class<?>[] {\n                UUID.class,\n                AtomicBoolean.class,\n                StackTraceElement.class,\n                ByteBuffer.class\n        };\n        for (Class<?> cls : types) { _classNames.add(cls.getName()); }\n        for (Class<?> cls : FromStringDeserializer.types()) { _classNames.add(cls.getName()); }\n    }\n\n    public static JsonDeserializer<?> find(Class<?> rawType, String clsName)\n    {\n        if (_classNames.contains(clsName)) {\n            JsonDeserializer<?> d = FromStringDeserializer.findDeserializer(rawType);\n            if (d != null) {\n                return d;\n            }\n            if (rawType == UUID.class) {\n                return new UUIDDeserializer();\n            }\n            if (rawType == StackTraceElement.class) {\n                return new StackTraceElementDeserializer();\n            }\n            if (rawType == AtomicBoolean.class) {\n                // (note: AtomicInteger/Long work due to single-arg constructor. For now?\n                return new AtomicBooleanDeserializer();\n            }\n            if (rawType == ByteBuffer.class) {\n                return new ByteBufferDeserializer();\n            }\n        }\n        return null;\n    }\n}\n\n'}

            Instruction: Given bug report URL and Original files, fix the bug by rewriting the files in orignal files

            STRICTLY follow this format for each file. Do NOT add any extra text, explanations, or quotes. Repeat the format for multiple files.

            ---FILE_START---
            FILENAME: <full_file_name>
            CONTENT:
            <full file content here>
            ---FILE_END---
            
            "
Jsoup,16,"Summary of configuration for Project: Jsoup
--------------------------------------------------------------------------------
    Script dir: /Users/likhithasurakasi/defects4j/framework
      Base dir: /Users/likhithasurakasi/defects4j
    Major root: /Users/likhithasurakasi/defects4j/major
      Repo dir: /Users/likhithasurakasi/defects4j/project_repos
--------------------------------------------------------------------------------
    Project ID: Jsoup
       Program: jsoup
    Build file: /Users/likhithasurakasi/defects4j/framework/projects/Jsoup/Jsoup.build.xml
--------------------------------------------------------------------------------
           Vcs: Vcs::Git
    Repository: /Users/likhithasurakasi/defects4j/project_repos/jsoup.git
     Commit db: /Users/likhithasurakasi/defects4j/framework/projects/Jsoup/active-bugs.csv
Number of bugs: 93
--------------------------------------------------------------------------------

Summary for Bug: Jsoup-16
--------------------------------------------------------------------------------
Revision ID (fixed version):
f36b950de16f6db134bd98969cd8fbe578d37480
--------------------------------------------------------------------------------
Revision date (fixed version):
2011-07-02 21:12:11 +1000
--------------------------------------------------------------------------------
Bug report id:
109
--------------------------------------------------------------------------------
Bug report url:
https://github.com/jhy/jsoup/issues/109
--------------------------------------------------------------------------------
Root cause in triggering tests:
 - org.jsoup.nodes.DocumentTypeTest::outerHtmlGeneration
   --> junit.framework.AssertionFailedError: expected:<<!DOCTYPE html [""]http://www.ibm.com/d...> but was:<<!DOCTYPE html []http://www.ibm.com/d...>
 - org.jsoup.nodes.DocumentTypeTest::constructorValidationThrowsExceptionOnBlankName
   --> junit.framework.AssertionFailedError: Expected exception: java.lang.IllegalArgumentException
--------------------------------------------------------------------------------
List of modified sources:
 - org.jsoup.nodes.DocumentType
--------------------------------------------------------------------------------
",https://github.com/jhy/jsoup/issues/109,1,1,"
            Bug report URL: https://github.com/jhy/jsoup/issues/109

            Original files:
            {'org.jsoup.nodes.DocumentType.java': 'package org.jsoup.nodes;\n\nimport org.jsoup.helper.StringUtil;\n\n/**\n * A {@code <!DOCTPYE>} node.\n */\npublic class DocumentType extends Node {\n    // todo: quirk mode from publicId and systemId\n\n    /**\n     * Create a new doctype element.\n     * @param name the doctype\'s name\n     * @param publicId the doctype\'s public ID\n     * @param systemId the doctype\'s system ID\n     * @param baseUri the doctype\'s base URI\n     */\n    public DocumentType(String name, String publicId, String systemId, String baseUri) {\n        super(baseUri);\n\n        attr(""name"", name);\n        attr(""publicId"", publicId);\n        attr(""systemId"", systemId);\n    }\n\n    @Override\n    public String nodeName() {\n        return ""#doctype"";\n    }\n\n    @Override\n    void outerHtmlHead(StringBuilder accum, int depth, Document.OutputSettings out) {\n        accum.append(""<!DOCTYPE html"");\n        if (!StringUtil.isBlank(attr(""publicId"")))\n            accum.append("" PUBLIC \\"""").append(attr(""publicId"")).append(""\\"""");\n        if (!StringUtil.isBlank(attr(""systemId"")))\n            accum.append(\' \').append(attr(""systemId"")).append(""\\"""");\n        accum.append(\'>\');\n    }\n\n    @Override\n    void outerHtmlTail(StringBuilder accum, int depth, Document.OutputSettings out) {\n    }\n}\n\n'}

            Instruction: Given bug report URL and Original files, fix the bug by rewriting the files in orignal files

            STRICTLY follow this format for each file. Do NOT add any extra text, explanations, or quotes. Repeat the format for multiple files.

            ---FILE_START---
            FILENAME: <full_file_name>
            CONTENT:
            <full file content here>
            ---FILE_END---
            
            "
Jsoup,40,"Summary of configuration for Project: Jsoup
--------------------------------------------------------------------------------
    Script dir: /Users/likhithasurakasi/defects4j/framework
      Base dir: /Users/likhithasurakasi/defects4j
    Major root: /Users/likhithasurakasi/defects4j/major
      Repo dir: /Users/likhithasurakasi/defects4j/project_repos
--------------------------------------------------------------------------------
    Project ID: Jsoup
       Program: jsoup
    Build file: /Users/likhithasurakasi/defects4j/framework/projects/Jsoup/Jsoup.build.xml
--------------------------------------------------------------------------------
           Vcs: Vcs::Git
    Repository: /Users/likhithasurakasi/defects4j/project_repos/jsoup.git
     Commit db: /Users/likhithasurakasi/defects4j/framework/projects/Jsoup/active-bugs.csv
Number of bugs: 93
--------------------------------------------------------------------------------

Summary for Bug: Jsoup-40
--------------------------------------------------------------------------------
Revision ID (fixed version):
b033535fe2cf887de8076221a0d614abfcf17d7b
--------------------------------------------------------------------------------
Revision date (fixed version):
2014-09-27 15:34:56 -0700
--------------------------------------------------------------------------------
Bug report id:
460
--------------------------------------------------------------------------------
Bug report url:
https://github.com/jhy/jsoup/issues/460
--------------------------------------------------------------------------------
Root cause in triggering tests:
 - org.jsoup.nodes.DocumentTypeTest::constructorValidationOkWithBlankName
   --> java.lang.IllegalArgumentException: String must not be empty
 - org.jsoup.parser.HtmlParserTest::handlesInvalidDoctypes
   --> java.lang.IllegalArgumentException: String must not be empty
--------------------------------------------------------------------------------
List of modified sources:
 - org.jsoup.nodes.DocumentType
--------------------------------------------------------------------------------
",https://github.com/jhy/jsoup/issues/460,1,1,"
            Bug report URL: https://github.com/jhy/jsoup/issues/460

            Original files:
            {'org.jsoup.nodes.DocumentType.java': 'package org.jsoup.nodes;\n\nimport org.jsoup.helper.StringUtil;\nimport org.jsoup.helper.Validate;\n\n/**\n * A {@code <!DOCTYPE>} node.\n */\npublic class DocumentType extends Node {\n    // todo: quirk mode from publicId and systemId\n\n    /**\n     * Create a new doctype element.\n     * @param name the doctype\'s name\n     * @param publicId the doctype\'s public ID\n     * @param systemId the doctype\'s system ID\n     * @param baseUri the doctype\'s base URI\n     */\n    public DocumentType(String name, String publicId, String systemId, String baseUri) {\n        super(baseUri);\n\n        Validate.notEmpty(name);\n        attr(""name"", name);\n        attr(""publicId"", publicId);\n        attr(""systemId"", systemId);\n    }\n\n    @Override\n    public String nodeName() {\n        return ""#doctype"";\n    }\n\n    @Override\n    void outerHtmlHead(StringBuilder accum, int depth, Document.OutputSettings out) {\n        accum.append(""<!DOCTYPE"");\n        if (!StringUtil.isBlank(attr(""name"")))\n            accum.append("" "").append(attr(""name""));\n        if (!StringUtil.isBlank(attr(""publicId"")))\n            accum.append("" PUBLIC \\"""").append(attr(""publicId"")).append(\'""\');\n        if (!StringUtil.isBlank(attr(""systemId"")))\n            accum.append("" \\"""").append(attr(""systemId"")).append(\'""\');\n        accum.append(\'>\');\n    }\n\n    @Override\n    void outerHtmlTail(StringBuilder accum, int depth, Document.OutputSettings out) {\n    }\n}\n\n'}

            Instruction: Given bug report URL and Original files, fix the bug by rewriting the files in orignal files

            STRICTLY follow this format for each file. Do NOT add any extra text, explanations, or quotes. Repeat the format for multiple files.

            ---FILE_START---
            FILENAME: <full_file_name>
            CONTENT:
            <full file content here>
            ---FILE_END---
            
            "
Jsoup,42,"Summary of configuration for Project: Jsoup
--------------------------------------------------------------------------------
    Script dir: /Users/likhithasurakasi/defects4j/framework
      Base dir: /Users/likhithasurakasi/defects4j
    Major root: /Users/likhithasurakasi/defects4j/major
      Repo dir: /Users/likhithasurakasi/defects4j/project_repos
--------------------------------------------------------------------------------
    Project ID: Jsoup
       Program: jsoup
    Build file: /Users/likhithasurakasi/defects4j/framework/projects/Jsoup/Jsoup.build.xml
--------------------------------------------------------------------------------
           Vcs: Vcs::Git
    Repository: /Users/likhithasurakasi/defects4j/project_repos/jsoup.git
     Commit db: /Users/likhithasurakasi/defects4j/framework/projects/Jsoup/active-bugs.csv
Number of bugs: 93
--------------------------------------------------------------------------------

Summary for Bug: Jsoup-42
--------------------------------------------------------------------------------
Revision ID (fixed version):
c01fcd338d73dc039e6a3a6cd2c449d9c9d41304
--------------------------------------------------------------------------------
Revision date (fixed version):
2015-04-02 19:14:23 -0700
--------------------------------------------------------------------------------
Bug report id:
489
--------------------------------------------------------------------------------
Bug report url:
https://github.com/jhy/jsoup/issues/489
--------------------------------------------------------------------------------
Root cause in triggering tests:
 - org.jsoup.nodes.FormElementTest::createsFormData
   --> junit.framework.AssertionFailedError: expected:<6> but was:<7>
 - org.jsoup.nodes.FormElementTest::usesOnForCheckboxValueIfNoValueSet
   --> junit.framework.AssertionFailedError: expected:<[on]> but was:<[]>
--------------------------------------------------------------------------------
List of modified sources:
 - org.jsoup.nodes.FormElement
--------------------------------------------------------------------------------
",https://github.com/jhy/jsoup/issues/489,1,1,"
            Bug report URL: https://github.com/jhy/jsoup/issues/489

            Original files:
            {'org.jsoup.nodes.FormElement.java': 'package org.jsoup.nodes;\n\nimport org.jsoup.Connection;\nimport org.jsoup.Jsoup;\nimport org.jsoup.helper.HttpConnection;\nimport org.jsoup.helper.Validate;\nimport org.jsoup.parser.Tag;\nimport org.jsoup.select.Elements;\n\nimport java.util.ArrayList;\nimport java.util.List;\n\n/**\n * A HTML Form Element provides ready access to the form fields/controls that are associated with it. It also allows a\n * form to easily be submitted.\n */\npublic class FormElement extends Element {\n    private final Elements elements = new Elements();\n\n    /**\n     * Create a new, standalone form element.\n     *\n     * @param tag        tag of this element\n     * @param baseUri    the base URI\n     * @param attributes initial attributes\n     */\n    public FormElement(Tag tag, String baseUri, Attributes attributes) {\n        super(tag, baseUri, attributes);\n    }\n\n    /**\n     * Get the list of form control elements associated with this form.\n     * @return form controls associated with this element.\n     */\n    public Elements elements() {\n        return elements;\n    }\n\n    /**\n     * Add a form control element to this form.\n     * @param element form control to add\n     * @return this form element, for chaining\n     */\n    public FormElement addElement(Element element) {\n        elements.add(element);\n        return this;\n    }\n\n    /**\n     * Prepare to submit this form. A Connection object is created with the request set up from the form values. You\n     * can then set up other options (like user-agent, timeout, cookies), then execute it.\n     * @return a connection prepared from the values of this form.\n     * @throws IllegalArgumentException if the form\'s absolute action URL cannot be determined. Make sure you pass the\n     * document\'s base URI when parsing.\n     */\n    public Connection submit() {\n        String action = hasAttr(""action"") ? absUrl(""action"") : baseUri();\n        Validate.notEmpty(action, ""Could not determine a form action URL for submit. Ensure you set a base URI when parsing."");\n        Connection.Method method = attr(""method"").toUpperCase().equals(""POST"") ?\n                Connection.Method.POST : Connection.Method.GET;\n\n        Connection con = Jsoup.connect(action)\n                .data(formData())\n                .method(method);\n\n        return con;\n    }\n\n    /**\n     * Get the data that this form submits. The returned list is a copy of the data, and changes to the contents of the\n     * list will not be reflected in the DOM.\n     * @return a list of key vals\n     */\n    public List<Connection.KeyVal> formData() {\n        ArrayList<Connection.KeyVal> data = new ArrayList<Connection.KeyVal>();\n\n        // iterate the form control elements and accumulate their values\n        for (Element el: elements) {\n            if (!el.tag().isFormSubmittable()) continue; // contents are form listable, superset of submitable\n            String name = el.attr(""name"");\n            if (name.length() == 0) continue;\n            String type = el.attr(""type"");\n\n            if (""select"".equals(el.tagName())) {\n                Elements options = el.select(""option[selected]"");\n                boolean set = false;\n                for (Element option: options) {\n                    data.add(HttpConnection.KeyVal.create(name, option.val()));\n                    set = true;\n                }\n                if (!set) {\n                    Element option = el.select(""option"").first();\n                    if (option != null)\n                        data.add(HttpConnection.KeyVal.create(name, option.val()));\n                }\n            } else if (""checkbox"".equalsIgnoreCase(type) || ""radio"".equalsIgnoreCase(type)) {\n                // only add checkbox or radio if they have the checked attribute\n                if (el.hasAttr(""checked"")) {\n                    final String val = el.val();\n                    data.add(HttpConnection.KeyVal.create(name, val));\n                }\n            } else {\n                data.add(HttpConnection.KeyVal.create(name, el.val()));\n            }\n        }\n        return data;\n    }\n\n    @Override\n    public boolean equals(Object o) {\n        return super.equals(o);\n    }\n}\n\n'}

            Instruction: Given bug report URL and Original files, fix the bug by rewriting the files in orignal files

            STRICTLY follow this format for each file. Do NOT add any extra text, explanations, or quotes. Repeat the format for multiple files.

            ---FILE_START---
            FILENAME: <full_file_name>
            CONTENT:
            <full file content here>
            ---FILE_END---
            
            "
Jsoup,44,"Summary of configuration for Project: Jsoup
--------------------------------------------------------------------------------
    Script dir: /Users/likhithasurakasi/defects4j/framework
      Base dir: /Users/likhithasurakasi/defects4j
    Major root: /Users/likhithasurakasi/defects4j/major
      Repo dir: /Users/likhithasurakasi/defects4j/project_repos
--------------------------------------------------------------------------------
    Project ID: Jsoup
       Program: jsoup
    Build file: /Users/likhithasurakasi/defects4j/framework/projects/Jsoup/Jsoup.build.xml
--------------------------------------------------------------------------------
           Vcs: Vcs::Git
    Repository: /Users/likhithasurakasi/defects4j/project_repos/jsoup.git
     Commit db: /Users/likhithasurakasi/defects4j/framework/projects/Jsoup/active-bugs.csv
Number of bugs: 93
--------------------------------------------------------------------------------

Summary for Bug: Jsoup-44
--------------------------------------------------------------------------------
Revision ID (fixed version):
3a7f39c507ed2b6809dc3a8bcc0a28ad19aab2f3
--------------------------------------------------------------------------------
Revision date (fixed version):
2015-07-05 14:58:53 -0700
--------------------------------------------------------------------------------
Bug report id:
552
--------------------------------------------------------------------------------
Bug report url:
https://github.com/jhy/jsoup/issues/552
--------------------------------------------------------------------------------
Root cause in triggering tests:
 - org.jsoup.parser.HtmlParserTest::testInvalidTableContents
   --> junit.framework.AssertionFailedError: Search text did not come after comment
--------------------------------------------------------------------------------
List of modified sources:
 - org.jsoup.parser.TreeBuilder
--------------------------------------------------------------------------------
",https://github.com/jhy/jsoup/issues/552,1,1,"
            Bug report URL: https://github.com/jhy/jsoup/issues/552

            Original files:
            {'org.jsoup.parser.TreeBuilder.java': 'package org.jsoup.parser;\n\nimport org.jsoup.helper.Validate;\nimport org.jsoup.nodes.Attributes;\nimport org.jsoup.nodes.Document;\nimport org.jsoup.nodes.Element;\n\nimport java.util.ArrayList;\n\n/**\n * @author Jonathan Hedley\n */\nabstract class TreeBuilder {\n    CharacterReader reader;\n    Tokeniser tokeniser;\n    protected Document doc; // current doc we are building into\n    protected ArrayList<Element> stack; // the stack of open elements\n    protected String baseUri; // current base uri, for creating new elements\n    protected Token currentToken; // currentToken is used only for error tracking.\n    protected ParseErrorList errors; // null when not tracking errors\n\n    private Token.StartTag start = new Token.StartTag(); // start tag to process\n    private Token.EndTag end  = new Token.EndTag();\n\n    protected void initialiseParse(String input, String baseUri, ParseErrorList errors) {\n        Validate.notNull(input, ""String input must not be null"");\n        Validate.notNull(baseUri, ""BaseURI must not be null"");\n\n        doc = new Document(baseUri);\n        reader = new CharacterReader(input);\n        this.errors = errors;\n        tokeniser = new Tokeniser(reader, errors);\n        stack = new ArrayList<Element>(32);\n        this.baseUri = baseUri;\n    }\n\n    Document parse(String input, String baseUri) {\n        return parse(input, baseUri, ParseErrorList.noTracking());\n    }\n\n    Document parse(String input, String baseUri, ParseErrorList errors) {\n        initialiseParse(input, baseUri, errors);\n        runParser();\n        return doc;\n    }\n\n    protected void runParser() {\n        while (true) {\n            Token token = tokeniser.read();\n            process(token);\n            token.reset();\n\n            if (token.type == Token.TokenType.EOF)\n                break;\n        }\n    }\n\n    protected abstract boolean process(Token token);\n\n    protected boolean processStartTag(String name) {\n        return process(start.reset().name(name));\n    }\n\n    public boolean processStartTag(String name, Attributes attrs) {\n        start.reset();\n        start.nameAttr(name, attrs);\n        return process(start);\n    }\n\n    protected boolean processEndTag(String name) {\n        return process(end.reset().name(name));\n    }\n\n\n    protected Element currentElement() {\n        int size = stack.size();\n        return size > 0 ? stack.get(size-1) : null;\n    }\n}\n\n'}

            Instruction: Given bug report URL and Original files, fix the bug by rewriting the files in orignal files

            STRICTLY follow this format for each file. Do NOT add any extra text, explanations, or quotes. Repeat the format for multiple files.

            ---FILE_START---
            FILENAME: <full_file_name>
            CONTENT:
            <full file content here>
            ---FILE_END---
            
            "
Jsoup,69,"Summary of configuration for Project: Jsoup
--------------------------------------------------------------------------------
    Script dir: /Users/likhithasurakasi/defects4j/framework
      Base dir: /Users/likhithasurakasi/defects4j
    Major root: /Users/likhithasurakasi/defects4j/major
      Repo dir: /Users/likhithasurakasi/defects4j/project_repos
--------------------------------------------------------------------------------
    Project ID: Jsoup
       Program: jsoup
    Build file: /Users/likhithasurakasi/defects4j/framework/projects/Jsoup/Jsoup.build.xml
--------------------------------------------------------------------------------
           Vcs: Vcs::Git
    Repository: /Users/likhithasurakasi/defects4j/project_repos/jsoup.git
     Commit db: /Users/likhithasurakasi/defects4j/framework/projects/Jsoup/active-bugs.csv
Number of bugs: 93
--------------------------------------------------------------------------------

Summary for Bug: Jsoup-69
--------------------------------------------------------------------------------
Revision ID (fixed version):
f75f47397836ba2127f06c8390a87eada369f7cc
--------------------------------------------------------------------------------
Revision date (fixed version):
2017-11-13 00:57:36 +0100
--------------------------------------------------------------------------------
Bug report id:
429
--------------------------------------------------------------------------------
Bug report url:
https://github.com/jhy/jsoup/issues/429
--------------------------------------------------------------------------------
Root cause in triggering tests:
 - org.jsoup.nodes.FormElementTest::removeFormElement
   --> junit.framework.AssertionFailedError: expected:<2> but was:<3>
--------------------------------------------------------------------------------
List of modified sources:
 - org.jsoup.nodes.FormElement
--------------------------------------------------------------------------------
",https://github.com/jhy/jsoup/issues/429,1,1,"
            Bug report URL: https://github.com/jhy/jsoup/issues/429

            Original files:
            {'org.jsoup.nodes.FormElement.java': 'package org.jsoup.nodes;\n\nimport org.jsoup.Connection;\nimport org.jsoup.Jsoup;\nimport org.jsoup.helper.HttpConnection;\nimport org.jsoup.helper.Validate;\nimport org.jsoup.parser.Tag;\nimport org.jsoup.select.Elements;\n\nimport java.util.ArrayList;\nimport java.util.List;\n\n/**\n * A HTML Form Element provides ready access to the form fields/controls that are associated with it. It also allows a\n * form to easily be submitted.\n */\npublic class FormElement extends Element {\n    private final Elements elements = new Elements();\n\n    /**\n     * Create a new, standalone form element.\n     *\n     * @param tag        tag of this element\n     * @param baseUri    the base URI\n     * @param attributes initial attributes\n     */\n    public FormElement(Tag tag, String baseUri, Attributes attributes) {\n        super(tag, baseUri, attributes);\n    }\n\n    /**\n     * Get the list of form control elements associated with this form.\n     * @return form controls associated with this element.\n     */\n    public Elements elements() {\n        return elements;\n    }\n\n    /**\n     * Add a form control element to this form.\n     * @param element form control to add\n     * @return this form element, for chaining\n     */\n    public FormElement addElement(Element element) {\n        elements.add(element);\n        return this;\n    }\n\n\n    /**\n     * Prepare to submit this form. A Connection object is created with the request set up from the form values. You\n     * can then set up other options (like user-agent, timeout, cookies), then execute it.\n     * @return a connection prepared from the values of this form.\n     * @throws IllegalArgumentException if the form\'s absolute action URL cannot be determined. Make sure you pass the\n     * document\'s base URI when parsing.\n     */\n    public Connection submit() {\n        String action = hasAttr(""action"") ? absUrl(""action"") : baseUri();\n        Validate.notEmpty(action, ""Could not determine a form action URL for submit. Ensure you set a base URI when parsing."");\n        Connection.Method method = attr(""method"").toUpperCase().equals(""POST"") ?\n                Connection.Method.POST : Connection.Method.GET;\n\n        return Jsoup.connect(action)\n                .data(formData())\n                .method(method);\n    }\n\n    /**\n     * Get the data that this form submits. The returned list is a copy of the data, and changes to the contents of the\n     * list will not be reflected in the DOM.\n     * @return a list of key vals\n     */\n    public List<Connection.KeyVal> formData() {\n        ArrayList<Connection.KeyVal> data = new ArrayList<>();\n\n        // iterate the form control elements and accumulate their values\n        for (Element el: elements) {\n            if (!el.tag().isFormSubmittable()) continue; // contents are form listable, superset of submitable\n            if (el.hasAttr(""disabled"")) continue; // skip disabled form inputs\n            String name = el.attr(""name"");\n            if (name.length() == 0) continue;\n            String type = el.attr(""type"");\n\n            if (""select"".equals(el.tagName())) {\n                Elements options = el.select(""option[selected]"");\n                boolean set = false;\n                for (Element option: options) {\n                    data.add(HttpConnection.KeyVal.create(name, option.val()));\n                    set = true;\n                }\n                if (!set) {\n                    Element option = el.select(""option"").first();\n                    if (option != null)\n                        data.add(HttpConnection.KeyVal.create(name, option.val()));\n                }\n            } else if (""checkbox"".equalsIgnoreCase(type) || ""radio"".equalsIgnoreCase(type)) {\n                // only add checkbox or radio if they have the checked attribute\n                if (el.hasAttr(""checked"")) {\n                    final String val = el.val().length() >  0 ? el.val() : ""on"";\n                    data.add(HttpConnection.KeyVal.create(name, val));\n                }\n            } else {\n                data.add(HttpConnection.KeyVal.create(name, el.val()));\n            }\n        }\n        return data;\n    }\n}\n\n'}

            Instruction: Given bug report URL and Original files, fix the bug by rewriting the files in orignal files

            STRICTLY follow this format for each file. Do NOT add any extra text, explanations, or quotes. Repeat the format for multiple files.

            ---FILE_START---
            FILENAME: <full_file_name>
            CONTENT:
            <full file content here>
            ---FILE_END---
            
            "
Jsoup,79,"Summary of configuration for Project: Jsoup
--------------------------------------------------------------------------------
    Script dir: /Users/likhithasurakasi/defects4j/framework
      Base dir: /Users/likhithasurakasi/defects4j
    Major root: /Users/likhithasurakasi/defects4j/major
      Repo dir: /Users/likhithasurakasi/defects4j/project_repos
--------------------------------------------------------------------------------
    Project ID: Jsoup
       Program: jsoup
    Build file: /Users/likhithasurakasi/defects4j/framework/projects/Jsoup/Jsoup.build.xml
--------------------------------------------------------------------------------
           Vcs: Vcs::Git
    Repository: /Users/likhithasurakasi/defects4j/project_repos/jsoup.git
     Commit db: /Users/likhithasurakasi/defects4j/framework/projects/Jsoup/active-bugs.csv
Number of bugs: 93
--------------------------------------------------------------------------------

Summary for Bug: Jsoup-79
--------------------------------------------------------------------------------
Revision ID (fixed version):
1028b37a1dfbc5dda7b18cbe692ab168c54fb505
--------------------------------------------------------------------------------
Revision date (fixed version):
2018-04-14 13:43:05 -0700
--------------------------------------------------------------------------------
Bug report id:
1032
--------------------------------------------------------------------------------
Bug report url:
https://github.com/jhy/jsoup/issues/1032
--------------------------------------------------------------------------------
Root cause in triggering tests:
 - org.jsoup.nodes.TextNodeTest::testLeadNodesHaveNoChildren
   --> java.lang.UnsupportedOperationException: Leaf Nodes do not have child nodes.
--------------------------------------------------------------------------------
List of modified sources:
 - org.jsoup.nodes.LeafNode
--------------------------------------------------------------------------------
",https://github.com/jhy/jsoup/issues/1032,1,1,"
            Bug report URL: https://github.com/jhy/jsoup/issues/1032

            Original files:
            {'org.jsoup.nodes.LeafNode.java': 'package org.jsoup.nodes;\n\nimport org.jsoup.helper.Validate;\n\nimport java.util.List;\n\nabstract class LeafNode extends Node {\n\n    Object value; // either a string value, or an attribute map (in the rare case multiple attributes are set)\n\n    protected final boolean hasAttributes() {\n        return value instanceof Attributes;\n    }\n\n    @Override\n    public final Attributes attributes() {\n        ensureAttributes();\n        return (Attributes) value;\n    }\n\n    private void ensureAttributes() {\n        if (!hasAttributes()) {\n            Object coreValue = value;\n            Attributes attributes = new Attributes();\n            value = attributes;\n            if (coreValue != null)\n                attributes.put(nodeName(), (String) coreValue);\n        }\n    }\n\n    String coreValue() {\n        return attr(nodeName());\n    }\n\n    void coreValue(String value) {\n        attr(nodeName(), value);\n    }\n\n    @Override\n    public String attr(String key) {\n        Validate.notNull(key);\n        if (!hasAttributes()) {\n            return key.equals(nodeName()) ? (String) value : EmptyString;\n        }\n        return super.attr(key);\n    }\n\n    @Override\n    public Node attr(String key, String value) {\n        if (!hasAttributes() && key.equals(nodeName())) {\n            this.value = value;\n        } else {\n            ensureAttributes();\n            super.attr(key, value);\n        }\n        return this;\n    }\n\n    @Override\n    public boolean hasAttr(String key) {\n        ensureAttributes();\n        return super.hasAttr(key);\n    }\n\n    @Override\n    public Node removeAttr(String key) {\n        ensureAttributes();\n        return super.removeAttr(key);\n    }\n\n    @Override\n    public String absUrl(String key) {\n        ensureAttributes();\n        return super.absUrl(key);\n    }\n\n    @Override\n    public String baseUri() {\n        return hasParent() ? parent().baseUri() : """";\n    }\n\n    @Override\n    protected void doSetBaseUri(String baseUri) {\n        // noop\n    }\n\n    @Override\n    public int childNodeSize() {\n        return 0;\n    }\n\n    @Override\n    protected List<Node> ensureChildNodes() {\n        throw new UnsupportedOperationException(""Leaf Nodes do not have child nodes."");\n    }\n}\n\n'}

            Instruction: Given bug report URL and Original files, fix the bug by rewriting the files in orignal files

            STRICTLY follow this format for each file. Do NOT add any extra text, explanations, or quotes. Repeat the format for multiple files.

            ---FILE_START---
            FILENAME: <full_file_name>
            CONTENT:
            <full file content here>
            ---FILE_END---
            
            "
Jsoup,86,"Summary of configuration for Project: Jsoup
--------------------------------------------------------------------------------
    Script dir: /Users/likhithasurakasi/defects4j/framework
      Base dir: /Users/likhithasurakasi/defects4j
    Major root: /Users/likhithasurakasi/defects4j/major
      Repo dir: /Users/likhithasurakasi/defects4j/project_repos
--------------------------------------------------------------------------------
    Project ID: Jsoup
       Program: jsoup
    Build file: /Users/likhithasurakasi/defects4j/framework/projects/Jsoup/Jsoup.build.xml
--------------------------------------------------------------------------------
           Vcs: Vcs::Git
    Repository: /Users/likhithasurakasi/defects4j/project_repos/jsoup.git
     Commit db: /Users/likhithasurakasi/defects4j/framework/projects/Jsoup/active-bugs.csv
Number of bugs: 93
--------------------------------------------------------------------------------

Summary for Bug: Jsoup-86
--------------------------------------------------------------------------------
Revision ID (fixed version):
38c13b5ae97c294afb859c49ded903beb7b9b100
--------------------------------------------------------------------------------
Revision date (fixed version):
2018-12-22 18:19:31 -0800
--------------------------------------------------------------------------------
Bug report id:
1139
--------------------------------------------------------------------------------
Bug report url:
https://github.com/jhy/jsoup/issues/1139
--------------------------------------------------------------------------------
Root cause in triggering tests:
 - org.jsoup.parser.XmlTreeBuilderTest::handlesLTinScript
   --> java.lang.IndexOutOfBoundsException: Index: 0, Size: 0
--------------------------------------------------------------------------------
List of modified sources:
 - org.jsoup.nodes.Comment
--------------------------------------------------------------------------------
",https://github.com/jhy/jsoup/issues/1139,1,1,"
            Bug report URL: https://github.com/jhy/jsoup/issues/1139

            Original files:
            {'org.jsoup.nodes.Comment.java': 'package org.jsoup.nodes;\n\nimport org.jsoup.Jsoup;\nimport org.jsoup.parser.Parser;\n\nimport java.io.IOException;\n\n/**\n A comment node.\n\n @author Jonathan Hedley, jonathan@hedley.net */\npublic class Comment extends LeafNode {\n    private static final String COMMENT_KEY = ""comment"";\n\n    /**\n     Create a new comment node.\n     @param data The contents of the comment\n     */\n    public Comment(String data) {\n        value = data;\n    }\n\n    /**\n     Create a new comment node.\n     @param data The contents of the comment\n     @param baseUri base URI not used. This is a leaf node.\n     @deprecated\n     */\n    public Comment(String data, String baseUri) {\n        this(data);\n    }\n\n    public String nodeName() {\n        return ""#comment"";\n    }\n\n    /**\n     Get the contents of the comment.\n     @return comment content\n     */\n    public String getData() {\n        return coreValue();\n    }\n\n\tvoid outerHtmlHead(Appendable accum, int depth, Document.OutputSettings out) throws IOException {\n        if (out.prettyPrint())\n            indent(accum, depth, out);\n        accum\n                .append(""<!--"")\n                .append(getData())\n                .append(""-->"");\n    }\n\n\tvoid outerHtmlTail(Appendable accum, int depth, Document.OutputSettings out) {}\n\n    @Override\n    public String toString() {\n        return outerHtml();\n    }\n\n    /**\n     * Check if this comment looks like an XML Declaration.\n     * @return true if it looks like, maybe, it\'s an XML Declaration.\n     */\n    public boolean isXmlDeclaration() {\n        String data = getData();\n        return (data.length() > 1 && (data.startsWith(""!"") || data.startsWith(""?"")));\n    }\n\n    /**\n     * Attempt to cast this comment to an XML Declaration note.\n     * @return an XML declaration if it could be parsed as one, null otherwise.\n     */\n    public XmlDeclaration asXmlDeclaration() {\n        String data = getData();\n        Document doc = Jsoup.parse(""<"" + data.substring(1, data.length() -1) + "">"", baseUri(), Parser.xmlParser());\n        XmlDeclaration decl = null;\n        if (doc.childNodeSize() > 0) {\n            Element el = doc.child(0);\n            decl = new XmlDeclaration(NodeUtils.parser(doc).settings().normalizeTag(el.tagName()), data.startsWith(""!""));\n            decl.attributes().addAll(el.attributes());\n        }\n        return decl;\n    }\n}\n\n'}

            Instruction: Given bug report URL and Original files, fix the bug by rewriting the files in orignal files

            STRICTLY follow this format for each file. Do NOT add any extra text, explanations, or quotes. Repeat the format for multiple files.

            ---FILE_START---
            FILENAME: <full_file_name>
            CONTENT:
            <full file content here>
            ---FILE_END---
            
            "
Jsoup,93,"Summary of configuration for Project: Jsoup
--------------------------------------------------------------------------------
    Script dir: /Users/likhithasurakasi/defects4j/framework
      Base dir: /Users/likhithasurakasi/defects4j
    Major root: /Users/likhithasurakasi/defects4j/major
      Repo dir: /Users/likhithasurakasi/defects4j/project_repos
--------------------------------------------------------------------------------
    Project ID: Jsoup
       Program: jsoup
    Build file: /Users/likhithasurakasi/defects4j/framework/projects/Jsoup/Jsoup.build.xml
--------------------------------------------------------------------------------
           Vcs: Vcs::Git
    Repository: /Users/likhithasurakasi/defects4j/project_repos/jsoup.git
     Commit db: /Users/likhithasurakasi/defects4j/framework/projects/Jsoup/active-bugs.csv
Number of bugs: 93
--------------------------------------------------------------------------------

Summary for Bug: Jsoup-93
--------------------------------------------------------------------------------
Revision ID (fixed version):
a9439f0c503ac8e0f009a0ec39f8bff1a6271d51
--------------------------------------------------------------------------------
Revision date (fixed version):
2019-07-04 15:54:14 -0700
--------------------------------------------------------------------------------
Bug report id:
1231
--------------------------------------------------------------------------------
Bug report url:
https://github.com/jhy/jsoup/issues/1231
--------------------------------------------------------------------------------
Root cause in triggering tests:
 - org.jsoup.nodes.FormElementTest::createsFormData
   --> junit.framework.AssertionFailedError: expected:<6> but was:<7>
--------------------------------------------------------------------------------
List of modified sources:
 - org.jsoup.nodes.FormElement
--------------------------------------------------------------------------------
",https://github.com/jhy/jsoup/issues/1231,1,1,"
            Bug report URL: https://github.com/jhy/jsoup/issues/1231

            Original files:
            {'org.jsoup.nodes.FormElement.java': 'package org.jsoup.nodes;\n\nimport org.jsoup.Connection;\nimport org.jsoup.Jsoup;\nimport org.jsoup.helper.HttpConnection;\nimport org.jsoup.helper.Validate;\nimport org.jsoup.parser.Tag;\nimport org.jsoup.select.Elements;\n\nimport java.util.ArrayList;\nimport java.util.List;\n\n/**\n * A HTML Form Element provides ready access to the form fields/controls that are associated with it. It also allows a\n * form to easily be submitted.\n */\npublic class FormElement extends Element {\n    private final Elements elements = new Elements();\n\n    /**\n     * Create a new, standalone form element.\n     *\n     * @param tag        tag of this element\n     * @param baseUri    the base URI\n     * @param attributes initial attributes\n     */\n    public FormElement(Tag tag, String baseUri, Attributes attributes) {\n        super(tag, baseUri, attributes);\n    }\n\n    /**\n     * Get the list of form control elements associated with this form.\n     * @return form controls associated with this element.\n     */\n    public Elements elements() {\n        return elements;\n    }\n\n    /**\n     * Add a form control element to this form.\n     * @param element form control to add\n     * @return this form element, for chaining\n     */\n    public FormElement addElement(Element element) {\n        elements.add(element);\n        return this;\n    }\n\n    @Override\n    protected void removeChild(Node out) {\n        super.removeChild(out);\n        elements.remove(out);\n    }\n\n    /**\n     * Prepare to submit this form. A Connection object is created with the request set up from the form values. You\n     * can then set up other options (like user-agent, timeout, cookies), then execute it.\n     * @return a connection prepared from the values of this form.\n     * @throws IllegalArgumentException if the form\'s absolute action URL cannot be determined. Make sure you pass the\n     * document\'s base URI when parsing.\n     */\n    public Connection submit() {\n        String action = hasAttr(""action"") ? absUrl(""action"") : baseUri();\n        Validate.notEmpty(action, ""Could not determine a form action URL for submit. Ensure you set a base URI when parsing."");\n        Connection.Method method = attr(""method"").toUpperCase().equals(""POST"") ?\n                Connection.Method.POST : Connection.Method.GET;\n\n        return Jsoup.connect(action)\n                .data(formData())\n                .method(method);\n    }\n\n    /**\n     * Get the data that this form submits. The returned list is a copy of the data, and changes to the contents of the\n     * list will not be reflected in the DOM.\n     * @return a list of key vals\n     */\n    public List<Connection.KeyVal> formData() {\n        ArrayList<Connection.KeyVal> data = new ArrayList<>();\n\n        // iterate the form control elements and accumulate their values\n        for (Element el: elements) {\n            if (!el.tag().isFormSubmittable()) continue; // contents are form listable, superset of submitable\n            if (el.hasAttr(""disabled"")) continue; // skip disabled form inputs\n            String name = el.attr(""name"");\n            if (name.length() == 0) continue;\n            String type = el.attr(""type"");\n\n\n            if (""select"".equals(el.normalName())) {\n                Elements options = el.select(""option[selected]"");\n                boolean set = false;\n                for (Element option: options) {\n                    data.add(HttpConnection.KeyVal.create(name, option.val()));\n                    set = true;\n                }\n                if (!set) {\n                    Element option = el.select(""option"").first();\n                    if (option != null)\n                        data.add(HttpConnection.KeyVal.create(name, option.val()));\n                }\n            } else if (""checkbox"".equalsIgnoreCase(type) || ""radio"".equalsIgnoreCase(type)) {\n                // only add checkbox or radio if they have the checked attribute\n                if (el.hasAttr(""checked"")) {\n                    final String val = el.val().length() >  0 ? el.val() : ""on"";\n                    data.add(HttpConnection.KeyVal.create(name, val));\n                }\n            } else {\n                data.add(HttpConnection.KeyVal.create(name, el.val()));\n            }\n        }\n        return data;\n    }\n}\n\n'}

            Instruction: Given bug report URL and Original files, fix the bug by rewriting the files in orignal files

            STRICTLY follow this format for each file. Do NOT add any extra text, explanations, or quotes. Repeat the format for multiple files.

            ---FILE_START---
            FILENAME: <full_file_name>
            CONTENT:
            <full file content here>
            ---FILE_END---
            
            "
JxPath,8,"Summary of configuration for Project: JxPath
--------------------------------------------------------------------------------
    Script dir: /Users/likhithasurakasi/defects4j/framework
      Base dir: /Users/likhithasurakasi/defects4j
    Major root: /Users/likhithasurakasi/defects4j/major
      Repo dir: /Users/likhithasurakasi/defects4j/project_repos
--------------------------------------------------------------------------------
    Project ID: JxPath
       Program: commons-jxpath
    Build file: /Users/likhithasurakasi/defects4j/framework/projects/JxPath/JxPath.build.xml
--------------------------------------------------------------------------------
           Vcs: Vcs::Git
    Repository: /Users/likhithasurakasi/defects4j/project_repos/commons-jxpath.git
     Commit db: /Users/likhithasurakasi/defects4j/framework/projects/JxPath/active-bugs.csv
Number of bugs: 22
--------------------------------------------------------------------------------

Summary for Bug: JxPath-8
--------------------------------------------------------------------------------
Revision ID (fixed version):
1befe1b93eec887971e729b89dd4d900319a06b0
--------------------------------------------------------------------------------
Revision date (fixed version):
2007-07-11 16:44:01 +0000
--------------------------------------------------------------------------------
Bug report id:
JXPATH-95
--------------------------------------------------------------------------------
Bug report url:
https://issues.apache.org/jira/browse/JXPATH-95
--------------------------------------------------------------------------------
Root cause in triggering tests:
 - org.apache.commons.jxpath.ri.compiler.CoreOperationTest::testNan
   --> junit.framework.AssertionFailedError: Evaluating <$nan > $nan> expected:<false> but was:<true>
--------------------------------------------------------------------------------
List of modified sources:
 - org.apache.commons.jxpath.ri.compiler.CoreOperationRelationalExpression
--------------------------------------------------------------------------------
",https://issues.apache.org/jira/browse/JXPATH-95,1,1,"
            Bug report URL: https://issues.apache.org/jira/browse/JXPATH-95

            Original files:
            {'org.apache.commons.jxpath.ri.compiler.CoreOperationRelationalExpression.java': '/*\n * Licensed to the Apache Software Foundation (ASF) under one or more\n * contributor license agreements.  See the NOTICE file distributed with\n * this work for additional information regarding copyright ownership.\n * The ASF licenses this file to You under the Apache License, Version 2.0\n * (the ""License""); you may not use this file except in compliance with\n * the License.  You may obtain a copy of the License at\n *\n *     http://www.apache.org/licenses/LICENSE-2.0\n *\n * Unless required by applicable law or agreed to in writing, software\n * distributed under the License is distributed on an ""AS IS"" BASIS,\n * WITHOUT WARRANTIES OR CONDITIONS OF ANY KIND, either express or implied.\n * See the License for the specific language governing permissions and\n * limitations under the License.\n */\npackage org.apache.commons.jxpath.ri.compiler;\n\nimport java.util.Collection;\nimport java.util.HashSet;\nimport java.util.Iterator;\n\nimport org.apache.commons.jxpath.ri.EvalContext;\nimport org.apache.commons.jxpath.ri.InfoSetUtil;\nimport org.apache.commons.jxpath.ri.axes.InitialContext;\nimport org.apache.commons.jxpath.ri.axes.SelfContext;\n\n/**\n * Base implementation of Expression for the operations ""&gt;"", ""&gt;="", ""&lt;"", ""&lt;="".\n * @since JXPath 1.3\n *\n * @author Matt Benson\n * @version $Revision$ $Date$\n */\npublic abstract class CoreOperationRelationalExpression extends CoreOperation {\n\n    protected CoreOperationRelationalExpression(Expression[] args) {\n        super(args);\n    }\n\n    public final Object computeValue(EvalContext context) {\n        return compute(args[0].computeValue(context), args[1]\n                .computeValue(context)) ? Boolean.TRUE : Boolean.FALSE;\n    }\n\n    protected final int getPrecedence() {\n        return 3;\n    }\n\n    protected final boolean isSymmetric() {\n        return false;\n    }\n\n    protected abstract boolean evaluateCompare(int compare);\n\n    private boolean compute(Object left, Object right) {\n        left = reduce(left);\n        right = reduce(right);\n\n        if (left instanceof InitialContext) {\n            ((InitialContext) left).reset();\n        }\n        if (right instanceof InitialContext) {\n            ((InitialContext) right).reset();\n        }\n        if (left instanceof Iterator && right instanceof Iterator) {\n            return findMatch((Iterator) left, (Iterator) right);\n        }\n        if (left instanceof Iterator) {\n            return containsMatch((Iterator) left, right);\n        }\n        if (right instanceof Iterator) {\n            return containsMatch((Iterator) right, left);\n        }\n        double ld = InfoSetUtil.doubleValue(left);\n        double rd = InfoSetUtil.doubleValue(right);\n        return evaluateCompare(ld == rd ? 0 : ld < rd ? -1 : 1);\n    }\n\n    private Object reduce(Object o) {\n        if (o instanceof SelfContext) {\n            o = ((EvalContext) o).getSingleNodePointer();\n        }\n        if (o instanceof Collection) {\n            o = ((Collection) o).iterator();\n        }\n        return o;\n    }\n\n    private boolean containsMatch(Iterator it, Object value) {\n        while (it.hasNext()) {\n            Object element = it.next();\n            if (compute(element, value)) {\n                return true;\n            }\n        }\n        return false;\n    }\n\n    private boolean findMatch(Iterator lit, Iterator rit) {\n        HashSet left = new HashSet();\n        while (lit.hasNext()) {\n            left.add(lit.next());\n        }\n        while (rit.hasNext()) {\n            if (containsMatch(left.iterator(), rit.next())) {\n                return true;\n            }\n        }\n        return false;\n    }\n\n}\n\n'}

            Instruction: Given bug report URL and Original files, fix the bug by rewriting the files in orignal files

            STRICTLY follow this format for each file. Do NOT add any extra text, explanations, or quotes. Repeat the format for multiple files.

            ---FILE_START---
            FILENAME: <full_file_name>
            CONTENT:
            <full file content here>
            ---FILE_END---
            
            "
JxPath,10,"Summary of configuration for Project: JxPath
--------------------------------------------------------------------------------
    Script dir: /Users/likhithasurakasi/defects4j/framework
      Base dir: /Users/likhithasurakasi/defects4j
    Major root: /Users/likhithasurakasi/defects4j/major
      Repo dir: /Users/likhithasurakasi/defects4j/project_repos
--------------------------------------------------------------------------------
    Project ID: JxPath
       Program: commons-jxpath
    Build file: /Users/likhithasurakasi/defects4j/framework/projects/JxPath/JxPath.build.xml
--------------------------------------------------------------------------------
           Vcs: Vcs::Git
    Repository: /Users/likhithasurakasi/defects4j/project_repos/commons-jxpath.git
     Commit db: /Users/likhithasurakasi/defects4j/framework/projects/JxPath/active-bugs.csv
Number of bugs: 22
--------------------------------------------------------------------------------

Summary for Bug: JxPath-10
--------------------------------------------------------------------------------
Revision ID (fixed version):
3b3e58d3d35aaa7e8e35c0856611f4bfc3f291c7
--------------------------------------------------------------------------------
Revision date (fixed version):
2007-07-13 19:43:38 +0000
--------------------------------------------------------------------------------
Bug report id:
JXPATH-93
--------------------------------------------------------------------------------
Bug report url:
https://issues.apache.org/jira/browse/JXPATH-93
--------------------------------------------------------------------------------
Root cause in triggering tests:
 - org.apache.commons.jxpath.ri.compiler.CoreOperationTest::testEmptyNodeSetOperations
   --> junit.framework.AssertionFailedError: Evaluating </idonotexist >= 0> expected:<false> but was:<true>
--------------------------------------------------------------------------------
List of modified sources:
 - org.apache.commons.jxpath.ri.compiler.CoreOperationRelationalExpression
--------------------------------------------------------------------------------
",https://issues.apache.org/jira/browse/JXPATH-93,1,1,"
            Bug report URL: https://issues.apache.org/jira/browse/JXPATH-93

            Original files:
            {'org.apache.commons.jxpath.ri.compiler.CoreOperationRelationalExpression.java': '/*\n * Licensed to the Apache Software Foundation (ASF) under one or more\n * contributor license agreements.  See the NOTICE file distributed with\n * this work for additional information regarding copyright ownership.\n * The ASF licenses this file to You under the Apache License, Version 2.0\n * (the ""License""); you may not use this file except in compliance with\n * the License.  You may obtain a copy of the License at\n *\n *     http://www.apache.org/licenses/LICENSE-2.0\n *\n * Unless required by applicable law or agreed to in writing, software\n * distributed under the License is distributed on an ""AS IS"" BASIS,\n * WITHOUT WARRANTIES OR CONDITIONS OF ANY KIND, either express or implied.\n * See the License for the specific language governing permissions and\n * limitations under the License.\n */\npackage org.apache.commons.jxpath.ri.compiler;\n\nimport java.util.Collection;\nimport java.util.HashSet;\nimport java.util.Iterator;\n\nimport org.apache.commons.jxpath.ri.EvalContext;\nimport org.apache.commons.jxpath.ri.InfoSetUtil;\nimport org.apache.commons.jxpath.ri.axes.InitialContext;\nimport org.apache.commons.jxpath.ri.axes.SelfContext;\n\n/**\n * Base implementation of Expression for the operations ""&gt;"", ""&gt;="", ""&lt;"", ""&lt;="".\n * @since JXPath 1.3\n *\n * @author Matt Benson\n * @version $Revision$ $Date$\n */\npublic abstract class CoreOperationRelationalExpression extends CoreOperation {\n\n    protected CoreOperationRelationalExpression(Expression[] args) {\n        super(args);\n    }\n\n    public final Object computeValue(EvalContext context) {\n        return compute(args[0].computeValue(context), args[1].computeValue(context)) \n                ? Boolean.TRUE : Boolean.FALSE;\n    }\n\n    protected final int getPrecedence() {\n        return 3;\n    }\n\n    protected final boolean isSymmetric() {\n        return false;\n    }\n\n    protected abstract boolean evaluateCompare(int compare);\n\n    private boolean compute(Object left, Object right) {\n        left = reduce(left);\n        right = reduce(right);\n\n        if (left instanceof InitialContext) {\n            ((InitialContext) left).reset();\n        }\n        if (right instanceof InitialContext) {\n            ((InitialContext) right).reset();\n        }\n        if (left instanceof Iterator && right instanceof Iterator) {\n            return findMatch((Iterator) left, (Iterator) right);\n        }\n        if (left instanceof Iterator) {\n            return containsMatch((Iterator) left, right);\n        }\n        if (right instanceof Iterator) {\n            return containsMatch((Iterator) right, left);\n        }\n        double ld = InfoSetUtil.doubleValue(left);\n        if (Double.isNaN(ld)) {\n            return false;\n        }\n        double rd = InfoSetUtil.doubleValue(right);\n        if (Double.isNaN(rd)) {\n            return false;\n        }\n        return evaluateCompare(ld == rd ? 0 : ld < rd ? -1 : 1);\n    }\n\n    private Object reduce(Object o) {\n        if (o instanceof SelfContext) {\n            o = ((EvalContext) o).getSingleNodePointer();\n        }\n        if (o instanceof Collection) {\n            o = ((Collection) o).iterator();\n        }\n        return o;\n    }\n\n    private boolean containsMatch(Iterator it, Object value) {\n        while (it.hasNext()) {\n            Object element = it.next();\n            if (compute(element, value)) {\n                return true;\n            }\n        }\n        return false;\n    }\n\n    private boolean findMatch(Iterator lit, Iterator rit) {\n        HashSet left = new HashSet();\n        while (lit.hasNext()) {\n            left.add(lit.next());\n        }\n        while (rit.hasNext()) {\n            if (containsMatch(left.iterator(), rit.next())) {\n                return true;\n            }\n        }\n        return false;\n    }\n\n}\n\n'}

            Instruction: Given bug report URL and Original files, fix the bug by rewriting the files in orignal files

            STRICTLY follow this format for each file. Do NOT add any extra text, explanations, or quotes. Repeat the format for multiple files.

            ---FILE_START---
            FILENAME: <full_file_name>
            CONTENT:
            <full file content here>
            ---FILE_END---
            
            "
JxPath,15,"Summary of configuration for Project: JxPath
--------------------------------------------------------------------------------
    Script dir: /Users/likhithasurakasi/defects4j/framework
      Base dir: /Users/likhithasurakasi/defects4j
    Major root: /Users/likhithasurakasi/defects4j/major
      Repo dir: /Users/likhithasurakasi/defects4j/project_repos
--------------------------------------------------------------------------------
    Project ID: JxPath
       Program: commons-jxpath
    Build file: /Users/likhithasurakasi/defects4j/framework/projects/JxPath/JxPath.build.xml
--------------------------------------------------------------------------------
           Vcs: Vcs::Git
    Repository: /Users/likhithasurakasi/defects4j/project_repos/commons-jxpath.git
     Commit db: /Users/likhithasurakasi/defects4j/framework/projects/JxPath/active-bugs.csv
Number of bugs: 22
--------------------------------------------------------------------------------

Summary for Bug: JxPath-15
--------------------------------------------------------------------------------
Revision ID (fixed version):
497ed5f8b0bb95ad7a97ea5f0cc517a0420e422f
--------------------------------------------------------------------------------
Revision date (fixed version):
2007-08-27 19:52:56 +0000
--------------------------------------------------------------------------------
Bug report id:
JXPATH-100
--------------------------------------------------------------------------------
Bug report url:
https://issues.apache.org/jira/browse/JXPATH-100
--------------------------------------------------------------------------------
Root cause in triggering tests:
 - org.apache.commons.jxpath.ri.model.dom.DOMModelTest::testUnion
   --> junit.framework.AssertionFailedError: Evaluating </vendor[1]/contact[4] | /vendor[1]/contact[1]> expected:<John> but was:<Jack Black>
 - org.apache.commons.jxpath.ri.model.jdom.JDOMModelTest::testUnion
   --> junit.framework.AssertionFailedError: Evaluating </vendor[1]/contact[4] | /vendor[1]/contact[1]> expected:<John> but was:<Jack Black>
--------------------------------------------------------------------------------
List of modified sources:
 - org.apache.commons.jxpath.ri.axes.UnionContext
--------------------------------------------------------------------------------
",https://issues.apache.org/jira/browse/JXPATH-100,1,1,"
            Bug report URL: https://issues.apache.org/jira/browse/JXPATH-100

            Original files:
            {'org.apache.commons.jxpath.ri.axes.UnionContext.java': '/*\n * Licensed to the Apache Software Foundation (ASF) under one or more\n * contributor license agreements.  See the NOTICE file distributed with\n * this work for additional information regarding copyright ownership.\n * The ASF licenses this file to You under the Apache License, Version 2.0\n * (the ""License""); you may not use this file except in compliance with\n * the License.  You may obtain a copy of the License at\n *\n *     http://www.apache.org/licenses/LICENSE-2.0\n *\n * Unless required by applicable law or agreed to in writing, software\n * distributed under the License is distributed on an ""AS IS"" BASIS,\n * WITHOUT WARRANTIES OR CONDITIONS OF ANY KIND, either express or implied.\n * See the License for the specific language governing permissions and\n * limitations under the License.\n */\npackage org.apache.commons.jxpath.ri.axes;\n\nimport java.util.ArrayList;\n\nimport org.apache.commons.jxpath.BasicNodeSet;\nimport org.apache.commons.jxpath.ri.EvalContext;\nimport org.apache.commons.jxpath.ri.model.NodePointer;\n\n/**\n * EvalContext that represents a union between other contexts - result\n * of a union operation like (a | b)\n *\n * @author Dmitri Plotnikov\n * @version $Revision$ $Date$\n */\npublic class UnionContext extends NodeSetContext {\n    private EvalContext contexts[];\n    private boolean prepared;\n\n    public UnionContext(EvalContext parentContext, EvalContext contexts[]) {\n        super(parentContext, new BasicNodeSet());\n        this.contexts = contexts;\n    }\n\n    public int getDocumentOrder() {\n        return contexts.length > 1 ? 1 : super.getDocumentOrder();\n    }\n\n    public boolean setPosition(int position) {\n        if (!prepared) {\n            prepared = true;\n            BasicNodeSet nodeSet = (BasicNodeSet) getNodeSet();\n            ArrayList pointers = new ArrayList();\n            for (int i = 0; i < contexts.length; i++) {\n                EvalContext ctx = (EvalContext) contexts[i];\n                while (ctx.nextSet()) {\n                    while (ctx.nextNode()) {\n                        NodePointer ptr = ctx.getCurrentNodePointer();\n                        if (!pointers.contains(ptr)) {\n                            nodeSet.add(ptr);\n                            pointers.add(ptr);\n                        }\n                    }\n                }\n            }\n        }\n        return super.setPosition(position);\n    }\n}\n\n'}

            Instruction: Given bug report URL and Original files, fix the bug by rewriting the files in orignal files

            STRICTLY follow this format for each file. Do NOT add any extra text, explanations, or quotes. Repeat the format for multiple files.

            ---FILE_START---
            FILENAME: <full_file_name>
            CONTENT:
            <full file content here>
            ---FILE_END---
            
            "
JxPath,18,"Summary of configuration for Project: JxPath
--------------------------------------------------------------------------------
    Script dir: /Users/likhithasurakasi/defects4j/framework
      Base dir: /Users/likhithasurakasi/defects4j
    Major root: /Users/likhithasurakasi/defects4j/major
      Repo dir: /Users/likhithasurakasi/defects4j/project_repos
--------------------------------------------------------------------------------
    Project ID: JxPath
       Program: commons-jxpath
    Build file: /Users/likhithasurakasi/defects4j/framework/projects/JxPath/JxPath.build.xml
--------------------------------------------------------------------------------
           Vcs: Vcs::Git
    Repository: /Users/likhithasurakasi/defects4j/project_repos/commons-jxpath.git
     Commit db: /Users/likhithasurakasi/defects4j/framework/projects/JxPath/active-bugs.csv
Number of bugs: 22
--------------------------------------------------------------------------------

Summary for Bug: JxPath-18
--------------------------------------------------------------------------------
Revision ID (fixed version):
4882e4423ae7bfb80c65da4aa547ef5aed16a007
--------------------------------------------------------------------------------
Revision date (fixed version):
2008-02-03 03:36:01 +0000
--------------------------------------------------------------------------------
Bug report id:
JXPATH-115
--------------------------------------------------------------------------------
Bug report url:
https://issues.apache.org/jira/browse/JXPATH-115
--------------------------------------------------------------------------------
Root cause in triggering tests:
 - org.apache.commons.jxpath.ri.model.dom.DOMModelTest::testAxisAttribute
   --> junit.framework.AssertionFailedError: Evaluating value iterator <vendor/product/price:amount/attribute::node()> expected:<[10%, 20%]> but was:<[]>
 - org.apache.commons.jxpath.ri.model.jdom.JDOMModelTest::testAxisAttribute
   --> junit.framework.AssertionFailedError: Evaluating value iterator <vendor/product/price:amount/attribute::node()> expected:<[10%, 20%]> but was:<[]>
--------------------------------------------------------------------------------
List of modified sources:
 - org.apache.commons.jxpath.ri.axes.AttributeContext
--------------------------------------------------------------------------------
",https://issues.apache.org/jira/browse/JXPATH-115,1,1,"
            Bug report URL: https://issues.apache.org/jira/browse/JXPATH-115

            Original files:
            {'org.apache.commons.jxpath.ri.axes.AttributeContext.java': '/*\n * Licensed to the Apache Software Foundation (ASF) under one or more\n * contributor license agreements.  See the NOTICE file distributed with\n * this work for additional information regarding copyright ownership.\n * The ASF licenses this file to You under the Apache License, Version 2.0\n * (the ""License""); you may not use this file except in compliance with\n * the License.  You may obtain a copy of the License at\n *\n *     http://www.apache.org/licenses/LICENSE-2.0\n *\n * Unless required by applicable law or agreed to in writing, software\n * distributed under the License is distributed on an ""AS IS"" BASIS,\n * WITHOUT WARRANTIES OR CONDITIONS OF ANY KIND, either express or implied.\n * See the License for the specific language governing permissions and\n * limitations under the License.\n */\npackage org.apache.commons.jxpath.ri.axes;\n\nimport org.apache.commons.jxpath.ri.EvalContext;\nimport org.apache.commons.jxpath.ri.QName;\nimport org.apache.commons.jxpath.ri.compiler.NodeNameTest;\nimport org.apache.commons.jxpath.ri.compiler.NodeTest;\nimport org.apache.commons.jxpath.ri.model.NodeIterator;\nimport org.apache.commons.jxpath.ri.model.NodePointer;\n\n/**\n * EvalContext that walks the ""attribute::"" axis.\n *\n * @author Dmitri Plotnikov\n * @version $Revision$ $Date$\n */\npublic class AttributeContext extends EvalContext {\n\n    private NodeTest nodeTest;\n    private boolean setStarted = false;\n    private NodeIterator iterator;\n    private NodePointer currentNodePointer;\n\n    /**\n     * @param parentContext represents the previous step on the path\n     * @param nodeTest is the name of the attribute we are looking for\n     */\n    public AttributeContext(EvalContext parentContext, NodeTest nodeTest) {\n        super(parentContext);\n        this.nodeTest = nodeTest;\n    }\n\n    public NodePointer getCurrentNodePointer() {\n        return currentNodePointer;\n    }\n\n    public void reset() {\n        setStarted = false;\n        iterator = null;\n        super.reset();\n    }\n\n    public boolean setPosition(int position) {\n        if (position < getCurrentPosition()) {\n            reset();\n        }\n\n        while (getCurrentPosition() < position) {\n            if (!nextNode()) {\n                return false;\n            }\n        }\n        return true;\n    }\n\n    public boolean nextNode() {\n        super.setPosition(getCurrentPosition() + 1);\n        if (!setStarted) {\n            setStarted = true;\n            if (!(nodeTest instanceof NodeNameTest)) {\n                return false;\n            }\n            QName name = ((NodeNameTest) nodeTest).getNodeName();\n            iterator =\n                parentContext.getCurrentNodePointer().attributeIterator(name);\n        }\n        if (iterator == null) {\n            return false;\n        }\n        if (!iterator.setPosition(iterator.getPosition() + 1)) {\n            return false;\n        }\n        currentNodePointer = iterator.getNodePointer();\n        return true;\n    }\n}\n\n'}

            Instruction: Given bug report URL and Original files, fix the bug by rewriting the files in orignal files

            STRICTLY follow this format for each file. Do NOT add any extra text, explanations, or quotes. Repeat the format for multiple files.

            ---FILE_START---
            FILENAME: <full_file_name>
            CONTENT:
            <full file content here>
            ---FILE_END---
            
            "
Lang,4,"Summary of configuration for Project: Lang
--------------------------------------------------------------------------------
    Script dir: /Users/likhithasurakasi/defects4j/framework
      Base dir: /Users/likhithasurakasi/defects4j
    Major root: /Users/likhithasurakasi/defects4j/major
      Repo dir: /Users/likhithasurakasi/defects4j/project_repos
--------------------------------------------------------------------------------
    Project ID: Lang
       Program: commons-lang
    Build file: /Users/likhithasurakasi/defects4j/framework/projects/Lang/Lang.build.xml
--------------------------------------------------------------------------------
           Vcs: Vcs::Git
    Repository: /Users/likhithasurakasi/defects4j/project_repos/commons-lang.git
     Commit db: /Users/likhithasurakasi/defects4j/framework/projects/Lang/active-bugs.csv
Number of bugs: 61
--------------------------------------------------------------------------------

Summary for Bug: Lang-4
--------------------------------------------------------------------------------
Revision ID (fixed version):
0cdc976684efcf478397b68c1d54cefc87bb92c9
--------------------------------------------------------------------------------
Revision date (fixed version):
2013-04-23 06:00:41 +0000
--------------------------------------------------------------------------------
Bug report id:
LANG-882
--------------------------------------------------------------------------------
Bug report url:
https://issues.apache.org/jira/browse/LANG-882
--------------------------------------------------------------------------------
Root cause in triggering tests:
 - org.apache.commons.lang3.text.translate.LookupTranslatorTest::testLang882
   --> junit.framework.AssertionFailedError: Incorrect codepoint consumption expected:<3> but was:<0>
--------------------------------------------------------------------------------
List of modified sources:
 - org.apache.commons.lang3.text.translate.LookupTranslator
--------------------------------------------------------------------------------
",https://issues.apache.org/jira/browse/LANG-882,1,1,"
            Bug report URL: https://issues.apache.org/jira/browse/LANG-882

            Original files:
            {'org.apache.commons.lang3.text.translate.LookupTranslator.java': '/*\n * Licensed to the Apache Software Foundation (ASF) under one or more\n * contributor license agreements.  See the NOTICE file distributed with\n * this work for additional information regarding copyright ownership.\n * The ASF licenses this file to You under the Apache License, Version 2.0\n * (the ""License""); you may not use this file except in compliance with\n * the License.  You may obtain a copy of the License at\n * \n *      http://www.apache.org/licenses/LICENSE-2.0\n * \n * Unless required by applicable law or agreed to in writing, software\n * distributed under the License is distributed on an ""AS IS"" BASIS,\n * WITHOUT WARRANTIES OR CONDITIONS OF ANY KIND, either express or implied.\n * See the License for the specific language governing permissions and\n * limitations under the License.\n */\npackage org.apache.commons.lang3.text.translate;\n\nimport java.io.IOException;\nimport java.io.Writer;\nimport java.util.HashMap;\n\n/**\n * Translates a value using a lookup table.\n *\n * @since 3.0\n * @version $Id$\n */\npublic class LookupTranslator extends CharSequenceTranslator {\n\n    private final HashMap<CharSequence, CharSequence> lookupMap;\n    private final int shortest;\n    private final int longest;\n\n    /**\n     * Define the lookup table to be used in translation\n     *\n     * Note that, as of Lang 3.1, the key to the lookup table is converted to a \n     * java.lang.String, while the value remains as a java.lang.CharSequence. \n     * This is because we need the key to support hashCode and equals(Object), \n     * allowing it to be the key for a HashMap. See LANG-882.\n     *\n     * @param lookup CharSequence[][] table of size [*][2]\n     */\n    public LookupTranslator(final CharSequence[]... lookup) {\n        lookupMap = new HashMap<CharSequence, CharSequence>();\n        int _shortest = Integer.MAX_VALUE;\n        int _longest = 0;\n        if (lookup != null) {\n            for (final CharSequence[] seq : lookup) {\n                this.lookupMap.put(seq[0], seq[1]);\n                final int sz = seq[0].length();\n                if (sz < _shortest) {\n                    _shortest = sz;\n                }\n                if (sz > _longest) {\n                    _longest = sz;\n                }\n            }\n        }\n        shortest = _shortest;\n        longest = _longest;\n    }\n\n    /**\n     * {@inheritDoc}\n     */\n    @Override\n    public int translate(final CharSequence input, final int index, final Writer out) throws IOException {\n        int max = longest;\n        if (index + longest > input.length()) {\n            max = input.length() - index;\n        }\n        // descend so as to get a greedy algorithm\n        for (int i = max; i >= shortest; i--) {\n            final CharSequence subSeq = input.subSequence(index, index + i);\n            final CharSequence result = lookupMap.get(subSeq);\n            if (result != null) {\n                out.write(result.toString());\n                return i;\n            }\n        }\n        return 0;\n    }\n}\n\n'}

            Instruction: Given bug report URL and Original files, fix the bug by rewriting the files in orignal files

            STRICTLY follow this format for each file. Do NOT add any extra text, explanations, or quotes. Repeat the format for multiple files.

            ---FILE_START---
            FILENAME: <full_file_name>
            CONTENT:
            <full file content here>
            ---FILE_END---
            
            "
Lang,19,"Summary of configuration for Project: Lang
--------------------------------------------------------------------------------
    Script dir: /Users/likhithasurakasi/defects4j/framework
      Base dir: /Users/likhithasurakasi/defects4j
    Major root: /Users/likhithasurakasi/defects4j/major
      Repo dir: /Users/likhithasurakasi/defects4j/project_repos
--------------------------------------------------------------------------------
    Project ID: Lang
       Program: commons-lang
    Build file: /Users/likhithasurakasi/defects4j/framework/projects/Lang/Lang.build.xml
--------------------------------------------------------------------------------
           Vcs: Vcs::Git
    Repository: /Users/likhithasurakasi/defects4j/project_repos/commons-lang.git
     Commit db: /Users/likhithasurakasi/defects4j/framework/projects/Lang/active-bugs.csv
Number of bugs: 61
--------------------------------------------------------------------------------

Summary for Bug: Lang-19
--------------------------------------------------------------------------------
Revision ID (fixed version):
8914d7f617f78aae8c85405856283c98d4e43990
--------------------------------------------------------------------------------
Revision date (fixed version):
2011-07-03 07:55:33 +0000
--------------------------------------------------------------------------------
Bug report id:
LANG-710
--------------------------------------------------------------------------------
Bug report url:
https://issues.apache.org/jira/browse/LANG-710
--------------------------------------------------------------------------------
Root cause in triggering tests:
 - org.apache.commons.lang3.text.translate.NumericEntityUnescaperTest::testUnfinishedEntity
   --> java.lang.StringIndexOutOfBoundsException: String index out of range: 19
 - org.apache.commons.lang3.text.translate.NumericEntityUnescaperTest::testOutOfBounds
   --> java.lang.StringIndexOutOfBoundsException: String index out of range: 7
--------------------------------------------------------------------------------
List of modified sources:
 - org.apache.commons.lang3.text.translate.NumericEntityUnescaper
--------------------------------------------------------------------------------
",https://issues.apache.org/jira/browse/LANG-710,1,1,"
            Bug report URL: https://issues.apache.org/jira/browse/LANG-710

            Original files:
            {'org.apache.commons.lang3.text.translate.NumericEntityUnescaper.java': '/*\n * Licensed to the Apache Software Foundation (ASF) under one or more\n * contributor license agreements.  See the NOTICE file distributed with\n * this work for additional information regarding copyright ownership.\n * The ASF licenses this file to You under the Apache License, Version 2.0\n * (the ""License""); you may not use this file except in compliance with\n * the License.  You may obtain a copy of the License at\n * \n *      http://www.apache.org/licenses/LICENSE-2.0\n * \n * Unless required by applicable law or agreed to in writing, software\n * distributed under the License is distributed on an ""AS IS"" BASIS,\n * WITHOUT WARRANTIES OR CONDITIONS OF ANY KIND, either express or implied.\n * See the License for the specific language governing permissions and\n * limitations under the License.\n */\npackage org.apache.commons.lang3.text.translate;\n\nimport java.io.IOException;\nimport java.io.Writer;\n\n/**\n * Translate XML numeric entities of the form &#[xX]?\\d+;? to \n * the specific codepoint.\n *\n * Note that the semi-colon is optional.\n * \n * @since 3.0\n * @version $Id$\n */\npublic class NumericEntityUnescaper extends CharSequenceTranslator {\n\n    /**\n     * {@inheritDoc}\n     */\n    @Override\n    public int translate(CharSequence input, int index, Writer out) throws IOException {\n        int seqEnd = input.length();\n        // Uses -2 to ensure there is something after the &#\n        if(input.charAt(index) == \'&\' && index < seqEnd - 1 && input.charAt(index + 1) == \'#\') {\n            int start = index + 2;\n            boolean isHex = false;\n\n            char firstChar = input.charAt(start);\n            if(firstChar == \'x\' || firstChar == \'X\') {\n                start++;\n                isHex = true;\n\n                // Check there\'s more than just an x after the &#\n            }\n\n            int end = start;\n            // Note that this supports character codes without a ; on the end\n            while(input.charAt(end) != \';\') \n            {\n                end++;\n            }\n\n            int entityValue;\n            try {\n                if(isHex) {\n                    entityValue = Integer.parseInt(input.subSequence(start, end).toString(), 16);\n                } else {\n                    entityValue = Integer.parseInt(input.subSequence(start, end).toString(), 10);\n                }\n            } catch(NumberFormatException nfe) {\n            System.err.println(""FAIL: "" + input.subSequence(start, end) + ""["" + start +""][""+ end +""]"");\n                return 0;\n            }\n\n            if(entityValue > 0xFFFF) {\n                char[] chrs = Character.toChars(entityValue);\n                out.write(chrs[0]);\n                out.write(chrs[1]);\n            } else {\n                out.write(entityValue);\n            }\n\n\n            return 2 + (end - start) + (isHex ? 1 : 0) + 1;\n        }\n        return 0;\n    }\n}\n\n'}

            Instruction: Given bug report URL and Original files, fix the bug by rewriting the files in orignal files

            STRICTLY follow this format for each file. Do NOT add any extra text, explanations, or quotes. Repeat the format for multiple files.

            ---FILE_START---
            FILENAME: <full_file_name>
            CONTENT:
            <full file content here>
            ---FILE_END---
            
            "
Lang,28,"Summary of configuration for Project: Lang
--------------------------------------------------------------------------------
    Script dir: /Users/likhithasurakasi/defects4j/framework
      Base dir: /Users/likhithasurakasi/defects4j
    Major root: /Users/likhithasurakasi/defects4j/major
      Repo dir: /Users/likhithasurakasi/defects4j/project_repos
--------------------------------------------------------------------------------
    Project ID: Lang
       Program: commons-lang
    Build file: /Users/likhithasurakasi/defects4j/framework/projects/Lang/Lang.build.xml
--------------------------------------------------------------------------------
           Vcs: Vcs::Git
    Repository: /Users/likhithasurakasi/defects4j/project_repos/commons-lang.git
     Commit db: /Users/likhithasurakasi/defects4j/framework/projects/Lang/active-bugs.csv
Number of bugs: 61
--------------------------------------------------------------------------------

Summary for Bug: Lang-28
--------------------------------------------------------------------------------
Revision ID (fixed version):
bef3eb6ed060d5ae14da6ce5a1909675b8cf5650
--------------------------------------------------------------------------------
Revision date (fixed version):
2010-06-22 06:34:18 +0000
--------------------------------------------------------------------------------
Bug report id:
LANG-617
--------------------------------------------------------------------------------
Bug report url:
https://issues.apache.org/jira/browse/LANG-617
--------------------------------------------------------------------------------
Root cause in triggering tests:
 - org.apache.commons.lang3.text.translate.NumericEntityUnescaperTest::testSupplementaryUnescaping
   --> junit.framework.ComparisonFailure: Failed to unescape numeric entities supplementary characters expected:<[𐰢]> but was:<[ఢ]>
--------------------------------------------------------------------------------
List of modified sources:
 - org.apache.commons.lang3.text.translate.NumericEntityUnescaper
--------------------------------------------------------------------------------
",https://issues.apache.org/jira/browse/LANG-617,1,1,"
            Bug report URL: https://issues.apache.org/jira/browse/LANG-617

            Original files:
            {'org.apache.commons.lang3.text.translate.NumericEntityUnescaper.java': '/*\n * Licensed to the Apache Software Foundation (ASF) under one or more\n * contributor license agreements.  See the NOTICE file distributed with\n * this work for additional information regarding copyright ownership.\n * The ASF licenses this file to You under the Apache License, Version 2.0\n * (the ""License""); you may not use this file except in compliance with\n * the License.  You may obtain a copy of the License at\n * \n *      http://www.apache.org/licenses/LICENSE-2.0\n * \n * Unless required by applicable law or agreed to in writing, software\n * distributed under the License is distributed on an ""AS IS"" BASIS,\n * WITHOUT WARRANTIES OR CONDITIONS OF ANY KIND, either express or implied.\n * See the License for the specific language governing permissions and\n * limitations under the License.\n */\npackage org.apache.commons.lang3.text.translate;\n\nimport java.io.IOException;\nimport java.io.Writer;\n\n/**\n * Translate XML numeric entities of the form &#[xX]?\\d+; to \n * the specific codepoint.\n * \n * @author Apache Software Foundation\n * @since 3.0\n */\npublic class NumericEntityUnescaper extends CharSequenceTranslator {\n\n    /**\n     * {@inheritDoc}\n     */\n    @Override\n    public int translate(CharSequence input, int index, Writer out) throws IOException {\n        // TODO: Protect from ArrayIndexOutOfBounds\n        if(input.charAt(index) == \'&\' && input.charAt(index + 1) == \'#\') {\n            int start = index + 2;\n            boolean isHex = false;\n\n            char firstChar = input.charAt(start);\n            if(firstChar == \'x\' || firstChar == \'X\') {\n                start++;\n                isHex = true;\n            }\n\n            int end = start;\n            while(input.charAt(end) != \';\') {\n                end++;\n            }\n\n            int entityValue;\n            try {\n                if(isHex) {\n                    entityValue = Integer.parseInt(input.subSequence(start, end).toString(), 16);\n                } else {\n                    entityValue = Integer.parseInt(input.subSequence(start, end).toString(), 10);\n                }\n            } catch(NumberFormatException nfe) {\n                return 0;\n            }\n\n                out.write(entityValue);\n            return 2 + (end - start) + (isHex ? 1 : 0) + 1;\n        }\n        return 0;\n    }\n}\n\n'}

            Instruction: Given bug report URL and Original files, fix the bug by rewriting the files in orignal files

            STRICTLY follow this format for each file. Do NOT add any extra text, explanations, or quotes. Repeat the format for multiple files.

            ---FILE_START---
            FILENAME: <full_file_name>
            CONTENT:
            <full file content here>
            ---FILE_END---
            
            "
Math,70,"Summary of configuration for Project: Math
--------------------------------------------------------------------------------
    Script dir: /Users/likhithasurakasi/defects4j/framework
      Base dir: /Users/likhithasurakasi/defects4j
    Major root: /Users/likhithasurakasi/defects4j/major
      Repo dir: /Users/likhithasurakasi/defects4j/project_repos
--------------------------------------------------------------------------------
    Project ID: Math
       Program: commons-math
    Build file: /Users/likhithasurakasi/defects4j/framework/projects/Math/Math.build.xml
--------------------------------------------------------------------------------
           Vcs: Vcs::Git
    Repository: /Users/likhithasurakasi/defects4j/project_repos/commons-math.git
     Commit db: /Users/likhithasurakasi/defects4j/framework/projects/Math/active-bugs.csv
Number of bugs: 106
--------------------------------------------------------------------------------

Summary for Bug: Math-70
--------------------------------------------------------------------------------
Revision ID (fixed version):
f4a4464beea8118386b84bace4b08e6c16443dab
--------------------------------------------------------------------------------
Revision date (fixed version):
2010-05-03 18:42:27 +0000
--------------------------------------------------------------------------------
Bug report id:
MATH-369
--------------------------------------------------------------------------------
Bug report url:
https://issues.apache.org/jira/browse/MATH-369
--------------------------------------------------------------------------------
Root cause in triggering tests:
 - org.apache.commons.math.analysis.solvers.BisectionSolverTest::testMath369
   --> java.lang.NullPointerException
--------------------------------------------------------------------------------
List of modified sources:
 - org.apache.commons.math.analysis.solvers.BisectionSolver
--------------------------------------------------------------------------------
",https://issues.apache.org/jira/browse/MATH-369,1,1,"
            Bug report URL: https://issues.apache.org/jira/browse/MATH-369

            Original files:
            {'org.apache.commons.math.analysis.solvers.BisectionSolver.java': '/*\n * Licensed to the Apache Software Foundation (ASF) under one or more\n * contributor license agreements.  See the NOTICE file distributed with\n * this work for additional information regarding copyright ownership.\n * The ASF licenses this file to You under the Apache License, Version 2.0\n * (the ""License""); you may not use this file except in compliance with\n * the License.  You may obtain a copy of the License at\n *\n *      http://www.apache.org/licenses/LICENSE-2.0\n *\n * Unless required by applicable law or agreed to in writing, software\n * distributed under the License is distributed on an ""AS IS"" BASIS,\n * WITHOUT WARRANTIES OR CONDITIONS OF ANY KIND, either express or implied.\n * See the License for the specific language governing permissions and\n * limitations under the License.\n */\npackage org.apache.commons.math.analysis.solvers;\n\nimport org.apache.commons.math.FunctionEvaluationException;\nimport org.apache.commons.math.MaxIterationsExceededException;\nimport org.apache.commons.math.analysis.UnivariateRealFunction;\n\n/**\n * Implements the <a href=""http://mathworld.wolfram.com/Bisection.html"">\n * bisection algorithm</a> for finding zeros of univariate real functions.\n * <p>\n * The function should be continuous but not necessarily smooth.</p>\n *\n * @version $Revision$ $Date$\n */\npublic class BisectionSolver extends UnivariateRealSolverImpl {\n\n    /**\n     * Construct a solver for the given function.\n     *\n     * @param f function to solve.\n     * @deprecated as of 2.0 the function to solve is passed as an argument\n     * to the {@link #solve(UnivariateRealFunction, double, double)} or\n     * {@link UnivariateRealSolverImpl#solve(UnivariateRealFunction, double, double, double)}\n     * method.\n     */\n    @Deprecated\n    public BisectionSolver(UnivariateRealFunction f) {\n        super(f, 100, 1E-6);\n    }\n\n    /**\n     * Construct a solver.\n     *\n     */\n    public BisectionSolver() {\n        super(100, 1E-6);\n    }\n\n    /** {@inheritDoc} */\n    @Deprecated\n    public double solve(double min, double max, double initial)\n        throws MaxIterationsExceededException, FunctionEvaluationException {\n        return solve(f, min, max);\n    }\n\n    /** {@inheritDoc} */\n    @Deprecated\n    public double solve(double min, double max)\n        throws MaxIterationsExceededException, FunctionEvaluationException {\n        return solve(f, min, max);\n    }\n\n    /** {@inheritDoc} */\n    public double solve(final UnivariateRealFunction f, double min, double max, double initial)\n        throws MaxIterationsExceededException, FunctionEvaluationException {\n        return solve(min, max);\n    }\n\n    /** {@inheritDoc} */\n    public double solve(final UnivariateRealFunction f, double min, double max)\n        throws MaxIterationsExceededException, FunctionEvaluationException {\n\n        clearResult();\n        verifyInterval(min,max);\n        double m;\n        double fm;\n        double fmin;\n\n        int i = 0;\n        while (i < maximalIterationCount) {\n            m = UnivariateRealSolverUtils.midpoint(min, max);\n           fmin = f.value(min);\n           fm = f.value(m);\n\n            if (fm * fmin > 0.0) {\n                // max and m bracket the root.\n                min = m;\n            } else {\n                // min and m bracket the root.\n                max = m;\n            }\n\n            if (Math.abs(max - min) <= absoluteAccuracy) {\n                m = UnivariateRealSolverUtils.midpoint(min, max);\n                setResult(m, i);\n                return m;\n            }\n            ++i;\n        }\n\n        throw new MaxIterationsExceededException(maximalIterationCount);\n    }\n}\n\n'}

            Instruction: Given bug report URL and Original files, fix the bug by rewriting the files in orignal files

            STRICTLY follow this format for each file. Do NOT add any extra text, explanations, or quotes. Repeat the format for multiple files.

            ---FILE_START---
            FILENAME: <full_file_name>
            CONTENT:
            <full file content here>
            ---FILE_END---
            
            "
Mockito,1,"Summary of configuration for Project: Mockito
--------------------------------------------------------------------------------
    Script dir: /Users/likhithasurakasi/defects4j/framework
      Base dir: /Users/likhithasurakasi/defects4j
    Major root: /Users/likhithasurakasi/defects4j/major
      Repo dir: /Users/likhithasurakasi/defects4j/project_repos
--------------------------------------------------------------------------------
    Project ID: Mockito
       Program: mockito
    Build file: /Users/likhithasurakasi/defects4j/framework/projects/Mockito/Mockito.build.xml
--------------------------------------------------------------------------------
           Vcs: Vcs::Git
    Repository: /Users/likhithasurakasi/defects4j/project_repos/mockito.git
     Commit db: /Users/likhithasurakasi/defects4j/framework/projects/Mockito/active-bugs.csv
Number of bugs: 38
--------------------------------------------------------------------------------

Summary for Bug: Mockito-1
--------------------------------------------------------------------------------
Revision ID (fixed version):
4e9d7607825c3c668fd43f19507bfead566c528c
--------------------------------------------------------------------------------
Revision date (fixed version):
2015-06-04 10:13:46 +0200
--------------------------------------------------------------------------------
Bug report id:
188
--------------------------------------------------------------------------------
Bug report url:
https://github.com/mockito/mockito/issues/188
--------------------------------------------------------------------------------
Root cause in triggering tests:
 - org.mockito.internal.invocation.InvocationMatcherTest::should_capture_arguments_when_args_count_does_NOT_match
   --> java.lang.UnsupportedOperationException
 - org.mockito.internal.util.reflection.FieldInitializerTest::can_instantiate_class_with_parameterized_constructor
   --> java.lang.UnsupportedOperationException
 - org.mockito.internal.util.reflection.ParameterizedConstructorInstantiatorTest::should_report_failure_if_constructor_throws_exception
   --> java.lang.UnsupportedOperationException
 - org.mockito.internal.util.reflection.ParameterizedConstructorInstantiatorTest::should_fail_if_an_argument_instance_type_do_not_match_wanted_type
   --> java.lang.UnsupportedOperationException
 - org.mockito.internal.util.reflection.ParameterizedConstructorInstantiatorTest::should_instantiate_type_with_vararg_constructor
   --> java.lang.UnsupportedOperationException
 - org.mockito.internal.util.reflection.ParameterizedConstructorInstantiatorTest::should_instantiate_type_if_resolver_provide_matching_types
   --> java.lang.UnsupportedOperationException
 - org.mockitousage.basicapi.ResetTest::shouldRemoveAllStubbing
   --> java.lang.UnsupportedOperationException
 - org.mockitousage.basicapi.UsingVarargsTest::shouldVerifyWithNullVarArgArray
   --> java.lang.UnsupportedOperationException
 - org.mockitousage.basicapi.UsingVarargsTest::shouldVerifyWithAnyObject
   --> java.lang.UnsupportedOperationException
 - org.mockitousage.basicapi.UsingVarargsTest::shouldStubBooleanVarargs
   --> java.lang.UnsupportedOperationException
 - org.mockitousage.basicapi.UsingVarargsTest::shouldMatchEasilyEmptyVararg
   --> java.lang.UnsupportedOperationException
 - org.mockitousage.basicapi.UsingVarargsTest::shouldVerifyBooleanVarargs
   --> java.lang.UnsupportedOperationException
 - org.mockitousage.basicapi.UsingVarargsTest::shouldStubCorrectlyWhenMixedVarargsUsed
   --> java.lang.UnsupportedOperationException
 - org.mockitousage.basicapi.UsingVarargsTest::shouldStubStringVarargs
   --> java.lang.UnsupportedOperationException
 - org.mockitousage.basicapi.UsingVarargsTest::shouldStubCorrectlyWhenDoubleStringAndMixedVarargsUsed
   --> java.lang.UnsupportedOperationException
 - org.mockitousage.basicapi.UsingVarargsTest::shouldVerifyStringVarargs
   --> java.lang.UnsupportedOperationException
 - org.mockitousage.basicapi.UsingVarargsTest::shouldVerifyObjectVarargs
   --> java.lang.UnsupportedOperationException
 - org.mockitousage.bugs.VarargsErrorWhenCallingRealMethodTest::shouldNotThrowAnyException
   --> java.lang.UnsupportedOperationException
 - org.mockitousage.bugs.varargs.VarargsAndAnyObjectPicksUpExtraInvocationsTest::shouldVerifyCorrectlyWithAnyVarargs
   --> java.lang.UnsupportedOperationException
 - org.mockitousage.bugs.varargs.VarargsAndAnyObjectPicksUpExtraInvocationsTest::shouldVerifyCorrectlyNumberOfInvocationsUsingAnyVarargAndEqualArgument
   --> java.lang.UnsupportedOperationException
 - org.mockitousage.bugs.varargs.VarargsNotPlayingWithAnyObjectTest::shouldStubUsingAnyVarargs
   --> java.lang.UnsupportedOperationException
 - org.mockitousage.matchers.VerificationAndStubbingUsingMatchersTest::shouldVerifyUsingMatchers
   --> java.lang.UnsupportedOperationException
 - org.mockitousage.stubbing.BasicStubbingTest::test_stub_only_not_verifiable
   --> java.lang.UnsupportedOperationException
 - org.mockitousage.stubbing.BasicStubbingTest::should_evaluate_latest_stubbing_first
   --> java.lang.UnsupportedOperationException
 - org.mockitousage.stubbing.DeprecatedStubbingTest::shouldEvaluateLatestStubbingFirst
   --> java.lang.UnsupportedOperationException
 - org.mockitousage.verification.VerificationInOrderMixedWithOrdiraryVerificationTest::shouldUseEqualsToVerifyMethodVarargs
   --> java.lang.UnsupportedOperationException
--------------------------------------------------------------------------------
List of modified sources:
 - org.mockito.internal.invocation.InvocationMatcher
--------------------------------------------------------------------------------
",https://github.com/mockito/mockito/issues/188,1,1,"
            Bug report URL: https://github.com/mockito/mockito/issues/188

            Original files:
            {}

            Instruction: Given bug report URL and Original files, fix the bug by rewriting the files in orignal files

            STRICTLY follow this format for each file. Do NOT add any extra text, explanations, or quotes. Repeat the format for multiple files.

            ---FILE_START---
            FILENAME: <full_file_name>
            CONTENT:
            <full file content here>
            ---FILE_END---
            
            "
Mockito,2,"Summary of configuration for Project: Mockito
--------------------------------------------------------------------------------
    Script dir: /Users/likhithasurakasi/defects4j/framework
      Base dir: /Users/likhithasurakasi/defects4j
    Major root: /Users/likhithasurakasi/defects4j/major
      Repo dir: /Users/likhithasurakasi/defects4j/project_repos
--------------------------------------------------------------------------------
    Project ID: Mockito
       Program: mockito
    Build file: /Users/likhithasurakasi/defects4j/framework/projects/Mockito/Mockito.build.xml
--------------------------------------------------------------------------------
           Vcs: Vcs::Git
    Repository: /Users/likhithasurakasi/defects4j/project_repos/mockito.git
     Commit db: /Users/likhithasurakasi/defects4j/framework/projects/Mockito/active-bugs.csv
Number of bugs: 38
--------------------------------------------------------------------------------

Summary for Bug: Mockito-2
--------------------------------------------------------------------------------
Revision ID (fixed version):
80452c7a42777513c35fd30c4e12bcd7ee438fb9
--------------------------------------------------------------------------------
Revision date (fixed version):
2015-05-08 21:08:46 +0200
--------------------------------------------------------------------------------
Bug report id:
197
--------------------------------------------------------------------------------
Bug report url:
https://github.com/mockito/mockito/issues/197
--------------------------------------------------------------------------------
Root cause in triggering tests:
 - org.mockito.internal.util.TimerTest::should_throw_friendly_reminder_exception_when_duration_is_negative
   --> junit.framework.AssertionFailedError: It is forbidden to create timer with negative value of timer's duration.
 - org.mockito.verification.NegativeDurationTest::should_throw_exception_when_duration_is_negative_for_timeout_method
   --> junit.framework.AssertionFailedError: It is forbidden to invoke Mockito.timeout() with negative value.
 - org.mockito.verification.NegativeDurationTest::should_throw_exception_when_duration_is_negative_for_after_method
   --> junit.framework.AssertionFailedError: It is forbidden to invoke Mockito.after() with negative value.
--------------------------------------------------------------------------------
List of modified sources:
 - org.mockito.internal.util.Timer
--------------------------------------------------------------------------------
",https://github.com/mockito/mockito/issues/197,1,1,"
            Bug report URL: https://github.com/mockito/mockito/issues/197

            Original files:
            {}

            Instruction: Given bug report URL and Original files, fix the bug by rewriting the files in orignal files

            STRICTLY follow this format for each file. Do NOT add any extra text, explanations, or quotes. Repeat the format for multiple files.

            ---FILE_START---
            FILENAME: <full_file_name>
            CONTENT:
            <full file content here>
            ---FILE_END---
            
            "
Mockito,3,"Summary of configuration for Project: Mockito
--------------------------------------------------------------------------------
    Script dir: /Users/likhithasurakasi/defects4j/framework
      Base dir: /Users/likhithasurakasi/defects4j
    Major root: /Users/likhithasurakasi/defects4j/major
      Repo dir: /Users/likhithasurakasi/defects4j/project_repos
--------------------------------------------------------------------------------
    Project ID: Mockito
       Program: mockito
    Build file: /Users/likhithasurakasi/defects4j/framework/projects/Mockito/Mockito.build.xml
--------------------------------------------------------------------------------
           Vcs: Vcs::Git
    Repository: /Users/likhithasurakasi/defects4j/project_repos/mockito.git
     Commit db: /Users/likhithasurakasi/defects4j/framework/projects/Mockito/active-bugs.csv
Number of bugs: 38
--------------------------------------------------------------------------------

Summary for Bug: Mockito-3
--------------------------------------------------------------------------------
Revision ID (fixed version):
3eec7451d6c83c280743c39b39c77a179abb30f9
--------------------------------------------------------------------------------
Revision date (fixed version):
2015-06-04 10:19:14 +0200
--------------------------------------------------------------------------------
Bug report id:
188
--------------------------------------------------------------------------------
Bug report url:
https://github.com/mockito/mockito/issues/188
--------------------------------------------------------------------------------
Root cause in triggering tests:
 - org.mockito.internal.invocation.InvocationMatcherTest::should_capture_varargs_as_vararg
   --> junit.framework.AssertionFailedError: expected:<[['a', 'b']]> but was:<[[1]]>
 - org.mockitousage.bugs.varargs.VarargsAndAnyObjectPicksUpExtraInvocationsTest::shouldVerifyCorrectlyNumberOfInvocationsWithVarargs
   --> java.lang.ArrayIndexOutOfBoundsException: 2
 - org.mockitousage.bugs.varargs.VarargsNotPlayingWithAnyObjectTest::shouldMatchAnyVararg
   --> java.lang.ArrayIndexOutOfBoundsException: 1
 - org.mockitousage.matchers.CapturingArgumentsTest::should_capture_all_vararg
   --> junit.framework.AssertionFailedError: expected:<[['a', 'b', 'c', 'again ?!']]> but was:<[[42, 42]]>
 - org.mockitousage.matchers.CapturingArgumentsTest::captures_correctly_when_captor_used_multiple_times
   --> java.lang.ArrayIndexOutOfBoundsException: 2
 - org.mockitousage.matchers.CapturingArgumentsTest::should_capture_vararg
   --> junit.framework.AssertionFailedError: expected:<[['a', 'b', 'c']]> but was:<[[42]]>
 - org.mockitousage.matchers.CapturingArgumentsTest::captures_correctly_when_captor_used_on_pure_vararg_method
   --> java.lang.ArrayIndexOutOfBoundsException: 1
 - org.mockitousage.matchers.CapturingArgumentsTest::should_capture_byte_vararg_by_creating_captor_with_primitive_wrapper
   --> java.lang.ClassCastException: [B cannot be cast to java.lang.Byte
 - org.mockitousage.matchers.CapturingArgumentsTest::should_capture_byte_vararg_by_creating_captor_with_primitive
   --> java.lang.ClassCastException: [B cannot be cast to java.lang.Byte
--------------------------------------------------------------------------------
List of modified sources:
 - org.mockito.internal.invocation.InvocationMatcher
--------------------------------------------------------------------------------
",https://github.com/mockito/mockito/issues/188,1,1,"
            Bug report URL: https://github.com/mockito/mockito/issues/188

            Original files:
            {}

            Instruction: Given bug report URL and Original files, fix the bug by rewriting the files in orignal files

            STRICTLY follow this format for each file. Do NOT add any extra text, explanations, or quotes. Repeat the format for multiple files.

            ---FILE_START---
            FILENAME: <full_file_name>
            CONTENT:
            <full file content here>
            ---FILE_END---
            
            "
Mockito,4,"Summary of configuration for Project: Mockito
--------------------------------------------------------------------------------
    Script dir: /Users/likhithasurakasi/defects4j/framework
      Base dir: /Users/likhithasurakasi/defects4j
    Major root: /Users/likhithasurakasi/defects4j/major
      Repo dir: /Users/likhithasurakasi/defects4j/project_repos
--------------------------------------------------------------------------------
    Project ID: Mockito
       Program: mockito
    Build file: /Users/likhithasurakasi/defects4j/framework/projects/Mockito/Mockito.build.xml
--------------------------------------------------------------------------------
           Vcs: Vcs::Git
    Repository: /Users/likhithasurakasi/defects4j/project_repos/mockito.git
     Commit db: /Users/likhithasurakasi/defects4j/framework/projects/Mockito/active-bugs.csv
Number of bugs: 38
--------------------------------------------------------------------------------

Summary for Bug: Mockito-4
--------------------------------------------------------------------------------
Revision ID (fixed version):
42b391d4209024292b6101048389570e4ec36b2a
--------------------------------------------------------------------------------
Revision date (fixed version):
2015-04-19 18:50:25 +0200
--------------------------------------------------------------------------------
Bug report id:
187
--------------------------------------------------------------------------------
Bug report url:
https://github.com/mockito/mockito/issues/187
--------------------------------------------------------------------------------
Root cause in triggering tests:
 - org.mockito.exceptions.ReporterTest::can_use_print_mock_name_even_when_mock_bogus_default_answer_and_when_reporting_no_more_interaction_wanted_in_order
   --> java.lang.Exception: Unexpected exception, expected<org.mockito.exceptions.verification.VerificationInOrderFailure> but was<java.lang.ClassCastException>
 - org.mockito.exceptions.ReporterTest::can_use_print_mock_name_even_when_mock_bogus_default_answer_and_when_reporting_injection_failure
   --> java.lang.Exception: Unexpected exception, expected<org.mockito.exceptions.base.MockitoException> but was<java.lang.NullPointerException>
 - org.mockito.exceptions.ReporterTest::can_use_mock_name_even_when_mock_bogus_default_answer_and_when_reporting_no_more_interaction_wanted
   --> java.lang.Exception: Unexpected exception, expected<org.mockito.exceptions.verification.NoInteractionsWanted> but was<java.lang.ClassCastException>
 - org.mockitousage.bugs.ClassCastExOnVerifyZeroInteractionsTest::should_not_throw_a_ClassCastException
   --> java.lang.Exception: Unexpected exception, expected<org.mockito.exceptions.verification.NoInteractionsWanted> but was<java.lang.ClassCastException>
--------------------------------------------------------------------------------
List of modified sources:
 - org.mockito.exceptions.Reporter
--------------------------------------------------------------------------------
",https://github.com/mockito/mockito/issues/187,1,1,"
            Bug report URL: https://github.com/mockito/mockito/issues/187

            Original files:
            {}

            Instruction: Given bug report URL and Original files, fix the bug by rewriting the files in orignal files

            STRICTLY follow this format for each file. Do NOT add any extra text, explanations, or quotes. Repeat the format for multiple files.

            ---FILE_START---
            FILENAME: <full_file_name>
            CONTENT:
            <full file content here>
            ---FILE_END---
            
            "
Mockito,5,"Summary of configuration for Project: Mockito
--------------------------------------------------------------------------------
    Script dir: /Users/likhithasurakasi/defects4j/framework
      Base dir: /Users/likhithasurakasi/defects4j
    Major root: /Users/likhithasurakasi/defects4j/major
      Repo dir: /Users/likhithasurakasi/defects4j/project_repos
--------------------------------------------------------------------------------
    Project ID: Mockito
       Program: mockito
    Build file: /Users/likhithasurakasi/defects4j/framework/projects/Mockito/Mockito.build.xml
--------------------------------------------------------------------------------
           Vcs: Vcs::Git
    Repository: /Users/likhithasurakasi/defects4j/project_repos/mockito.git
     Commit db: /Users/likhithasurakasi/defects4j/framework/projects/Mockito/active-bugs.csv
Number of bugs: 38
--------------------------------------------------------------------------------

Summary for Bug: Mockito-5
--------------------------------------------------------------------------------
Revision ID (fixed version):
42a24dde02923185db3f79ae57e7819f7d70af55
--------------------------------------------------------------------------------
Revision date (fixed version):
2015-01-20 21:24:00 +0100
--------------------------------------------------------------------------------
Bug report id:
152
--------------------------------------------------------------------------------
Bug report url:
https://github.com/mockito/mockito/issues/152
--------------------------------------------------------------------------------
Root cause in triggering tests:
 - org.mockitointegration.NoJUnitDependenciesTest::pure_mockito_should_not_depend_JUnit
   --> junit.framework.AssertionFailedError: 'org.mockito.internal.verification.VerificationOverTimeImpl' has some dependency to JUnit
--------------------------------------------------------------------------------
List of modified sources:
 - org.mockito.internal.verification.VerificationOverTimeImpl
--------------------------------------------------------------------------------
",https://github.com/mockito/mockito/issues/152,1,1,"
            Bug report URL: https://github.com/mockito/mockito/issues/152

            Original files:
            {}

            Instruction: Given bug report URL and Original files, fix the bug by rewriting the files in orignal files

            STRICTLY follow this format for each file. Do NOT add any extra text, explanations, or quotes. Repeat the format for multiple files.

            ---FILE_START---
            FILENAME: <full_file_name>
            CONTENT:
            <full file content here>
            ---FILE_END---
            
            "
Mockito,6,"Summary of configuration for Project: Mockito
--------------------------------------------------------------------------------
    Script dir: /Users/likhithasurakasi/defects4j/framework
      Base dir: /Users/likhithasurakasi/defects4j
    Major root: /Users/likhithasurakasi/defects4j/major
      Repo dir: /Users/likhithasurakasi/defects4j/project_repos
--------------------------------------------------------------------------------
    Project ID: Mockito
       Program: mockito
    Build file: /Users/likhithasurakasi/defects4j/framework/projects/Mockito/Mockito.build.xml
--------------------------------------------------------------------------------
           Vcs: Vcs::Git
    Repository: /Users/likhithasurakasi/defects4j/project_repos/mockito.git
     Commit db: /Users/likhithasurakasi/defects4j/framework/projects/Mockito/active-bugs.csv
Number of bugs: 38
--------------------------------------------------------------------------------

Summary for Bug: Mockito-6
--------------------------------------------------------------------------------
Revision ID (fixed version):
dc205824dbc289acbcde919e430176ad72da847f
--------------------------------------------------------------------------------
Revision date (fixed version):
2015-01-02 14:51:26 +0100
--------------------------------------------------------------------------------
Bug report id:
134
--------------------------------------------------------------------------------
Bug report url:
https://github.com/mockito/mockito/issues/134
--------------------------------------------------------------------------------
Root cause in triggering tests:
 - org.mockitousage.matchers.AnyXMatchersAcceptNullsTest::shouldNotAcceptNullInAllAnyPrimitiveWrapperMatchers
   --> junit.framework.ComparisonFailure: expected:<null> but was:<0>
 - org.mockitousage.matchers.AnyXMatchersAcceptNullsTest::shouldNotAcceptNullInAnyXMatchers
   --> junit.framework.ComparisonFailure: expected:<null> but was:<0>
 - org.mockitousage.matchers.MatchersTest::anyStringMatcher
   --> junit.framework.ComparisonFailure: expected:<null> but was:<matched>
 - org.mockitousage.matchers.NewMatchersTest::shouldAllowAnyCollection
   --> junit.framework.ComparisonFailure: expected:<null> but was:<matched>
 - org.mockitousage.matchers.NewMatchersTest::shouldAllowAnyList
   --> junit.framework.ComparisonFailure: expected:<null> but was:<matched>
 - org.mockitousage.matchers.NewMatchersTest::shouldAllowAnyMap
   --> junit.framework.ComparisonFailure: expected:<null> but was:<matched>
 - org.mockitousage.matchers.NewMatchersTest::shouldAllowAnySet
   --> junit.framework.ComparisonFailure: expected:<null> but was:<matched>
--------------------------------------------------------------------------------
List of modified sources:
 - org.mockito.Matchers
--------------------------------------------------------------------------------
",https://github.com/mockito/mockito/issues/134,1,1,"
            Bug report URL: https://github.com/mockito/mockito/issues/134

            Original files:
            {}

            Instruction: Given bug report URL and Original files, fix the bug by rewriting the files in orignal files

            STRICTLY follow this format for each file. Do NOT add any extra text, explanations, or quotes. Repeat the format for multiple files.

            ---FILE_START---
            FILENAME: <full_file_name>
            CONTENT:
            <full file content here>
            ---FILE_END---
            
            "
Mockito,7,"Summary of configuration for Project: Mockito
--------------------------------------------------------------------------------
    Script dir: /Users/likhithasurakasi/defects4j/framework
      Base dir: /Users/likhithasurakasi/defects4j
    Major root: /Users/likhithasurakasi/defects4j/major
      Repo dir: /Users/likhithasurakasi/defects4j/project_repos
--------------------------------------------------------------------------------
    Project ID: Mockito
       Program: mockito
    Build file: /Users/likhithasurakasi/defects4j/framework/projects/Mockito/Mockito.build.xml
--------------------------------------------------------------------------------
           Vcs: Vcs::Git
    Repository: /Users/likhithasurakasi/defects4j/project_repos/mockito.git
     Commit db: /Users/likhithasurakasi/defects4j/framework/projects/Mockito/active-bugs.csv
Number of bugs: 38
--------------------------------------------------------------------------------

Summary for Bug: Mockito-7
--------------------------------------------------------------------------------
Revision ID (fixed version):
0aaa36ce6924ca87f88e3723771413b42b80dc5a
--------------------------------------------------------------------------------
Revision date (fixed version):
2014-12-31 17:39:04 +0100
--------------------------------------------------------------------------------
Bug report id:
128
--------------------------------------------------------------------------------
Bug report url:
https://github.com/mockito/mockito/issues/128
--------------------------------------------------------------------------------
Root cause in triggering tests:
 - org.mockitousage.bugs.deepstubs.DeepStubFailingWhenGenricNestedAsRawTypeTest::discoverDeepMockingOfGenerics
   --> org.mockito.exceptions.base.MockitoException: Raw extraction not supported for : 'null'
--------------------------------------------------------------------------------
List of modified sources:
 - org.mockito.internal.util.reflection.GenericMetadataSupport
--------------------------------------------------------------------------------
",https://github.com/mockito/mockito/issues/128,1,1,"
            Bug report URL: https://github.com/mockito/mockito/issues/128

            Original files:
            {}

            Instruction: Given bug report URL and Original files, fix the bug by rewriting the files in orignal files

            STRICTLY follow this format for each file. Do NOT add any extra text, explanations, or quotes. Repeat the format for multiple files.

            ---FILE_START---
            FILENAME: <full_file_name>
            CONTENT:
            <full file content here>
            ---FILE_END---
            
            "
Mockito,8,"Summary of configuration for Project: Mockito
--------------------------------------------------------------------------------
    Script dir: /Users/likhithasurakasi/defects4j/framework
      Base dir: /Users/likhithasurakasi/defects4j
    Major root: /Users/likhithasurakasi/defects4j/major
      Repo dir: /Users/likhithasurakasi/defects4j/project_repos
--------------------------------------------------------------------------------
    Project ID: Mockito
       Program: mockito
    Build file: /Users/likhithasurakasi/defects4j/framework/projects/Mockito/Mockito.build.xml
--------------------------------------------------------------------------------
           Vcs: Vcs::Git
    Repository: /Users/likhithasurakasi/defects4j/project_repos/mockito.git
     Commit db: /Users/likhithasurakasi/defects4j/framework/projects/Mockito/active-bugs.csv
Number of bugs: 38
--------------------------------------------------------------------------------

Summary for Bug: Mockito-8
--------------------------------------------------------------------------------
Revision ID (fixed version):
5a03bf5d0c9aedac9cfbf074833167c1eca6439f
--------------------------------------------------------------------------------
Revision date (fixed version):
2014-12-29 22:59:47 +0100
--------------------------------------------------------------------------------
Bug report id:
114
--------------------------------------------------------------------------------
Bug report url:
https://github.com/mockito/mockito/issues/114
--------------------------------------------------------------------------------
Root cause in triggering tests:
 - org.mockito.internal.util.reflection.GenericMetadataSupportTest::typeVariable_of_self_type
   --> java.lang.StackOverflowError
--------------------------------------------------------------------------------
List of modified sources:
 - org.mockito.internal.util.reflection.GenericMetadataSupport
--------------------------------------------------------------------------------
",https://github.com/mockito/mockito/issues/114,1,1,"
            Bug report URL: https://github.com/mockito/mockito/issues/114

            Original files:
            {}

            Instruction: Given bug report URL and Original files, fix the bug by rewriting the files in orignal files

            STRICTLY follow this format for each file. Do NOT add any extra text, explanations, or quotes. Repeat the format for multiple files.

            ---FILE_START---
            FILENAME: <full_file_name>
            CONTENT:
            <full file content here>
            ---FILE_END---
            
            "
Mockito,9,"Summary of configuration for Project: Mockito
--------------------------------------------------------------------------------
    Script dir: /Users/likhithasurakasi/defects4j/framework
      Base dir: /Users/likhithasurakasi/defects4j
    Major root: /Users/likhithasurakasi/defects4j/major
      Repo dir: /Users/likhithasurakasi/defects4j/project_repos
--------------------------------------------------------------------------------
    Project ID: Mockito
       Program: mockito
    Build file: /Users/likhithasurakasi/defects4j/framework/projects/Mockito/Mockito.build.xml
--------------------------------------------------------------------------------
           Vcs: Vcs::Git
    Repository: /Users/likhithasurakasi/defects4j/project_repos/mockito.git
     Commit db: /Users/likhithasurakasi/defects4j/framework/projects/Mockito/active-bugs.csv
Number of bugs: 38
--------------------------------------------------------------------------------

Summary for Bug: Mockito-9
--------------------------------------------------------------------------------
Revision ID (fixed version):
31f908029b8cd9b1f32bed3a41651b30ebb47b9f
--------------------------------------------------------------------------------
Revision date (fixed version):
2014-11-22 22:13:29 +0100
--------------------------------------------------------------------------------
Bug report id:
122
--------------------------------------------------------------------------------
Bug report url:
https://github.com/mockito/mockito/issues/122
--------------------------------------------------------------------------------
Root cause in triggering tests:
 - org.mockitousage.constructor.CreatingMocksWithConstructorTest::abstractMethodStubbed
   --> org.mockito.exceptions.base.MockitoException: 
 - org.mockitousage.constructor.CreatingMocksWithConstructorTest::testCallsRealInterfaceMethod
   --> org.mockito.exceptions.base.MockitoException: 
 - org.mockitousage.constructor.CreatingMocksWithConstructorTest::abstractMethodReturnsDefault
   --> org.mockito.exceptions.base.MockitoException: 
--------------------------------------------------------------------------------
List of modified sources:
 - org.mockito.internal.stubbing.answers.CallsRealMethods
--------------------------------------------------------------------------------
",https://github.com/mockito/mockito/issues/122,1,1,"
            Bug report URL: https://github.com/mockito/mockito/issues/122

            Original files:
            {}

            Instruction: Given bug report URL and Original files, fix the bug by rewriting the files in orignal files

            STRICTLY follow this format for each file. Do NOT add any extra text, explanations, or quotes. Repeat the format for multiple files.

            ---FILE_START---
            FILENAME: <full_file_name>
            CONTENT:
            <full file content here>
            ---FILE_END---
            
            "
Mockito,10,"Summary of configuration for Project: Mockito
--------------------------------------------------------------------------------
    Script dir: /Users/likhithasurakasi/defects4j/framework
      Base dir: /Users/likhithasurakasi/defects4j
    Major root: /Users/likhithasurakasi/defects4j/major
      Repo dir: /Users/likhithasurakasi/defects4j/project_repos
--------------------------------------------------------------------------------
    Project ID: Mockito
       Program: mockito
    Build file: /Users/likhithasurakasi/defects4j/framework/projects/Mockito/Mockito.build.xml
--------------------------------------------------------------------------------
           Vcs: Vcs::Git
    Repository: /Users/likhithasurakasi/defects4j/project_repos/mockito.git
     Commit db: /Users/likhithasurakasi/defects4j/framework/projects/Mockito/active-bugs.csv
Number of bugs: 38
--------------------------------------------------------------------------------

Summary for Bug: Mockito-10
--------------------------------------------------------------------------------
Revision ID (fixed version):
1beeae39ac9f79d6a0db285dec311b78025ac062
--------------------------------------------------------------------------------
Revision date (fixed version):
2014-10-10 02:44:43 +0200
--------------------------------------------------------------------------------
Bug report id:
99
--------------------------------------------------------------------------------
Bug report url:
https://github.com/mockito/mockito/issues/99
--------------------------------------------------------------------------------
Root cause in triggering tests:
 - org.mockitousage.bugs.DeepStubsWronglyReportsSerializationProblemsTest::should_not_raise_a_mockito_exception_about_serialization_when_accessing_deep_stub
   --> org.mockito.exceptions.base.MockitoException: 
--------------------------------------------------------------------------------
List of modified sources:
 - org.mockito.internal.stubbing.defaultanswers.ReturnsDeepStubs
--------------------------------------------------------------------------------
",https://github.com/mockito/mockito/issues/99,1,1,"
            Bug report URL: https://github.com/mockito/mockito/issues/99

            Original files:
            {}

            Instruction: Given bug report URL and Original files, fix the bug by rewriting the files in orignal files

            STRICTLY follow this format for each file. Do NOT add any extra text, explanations, or quotes. Repeat the format for multiple files.

            ---FILE_START---
            FILENAME: <full_file_name>
            CONTENT:
            <full file content here>
            ---FILE_END---
            
            "
Mockito,11,"Summary of configuration for Project: Mockito
--------------------------------------------------------------------------------
    Script dir: /Users/likhithasurakasi/defects4j/framework
      Base dir: /Users/likhithasurakasi/defects4j
    Major root: /Users/likhithasurakasi/defects4j/major
      Repo dir: /Users/likhithasurakasi/defects4j/project_repos
--------------------------------------------------------------------------------
    Project ID: Mockito
       Program: mockito
    Build file: /Users/likhithasurakasi/defects4j/framework/projects/Mockito/Mockito.build.xml
--------------------------------------------------------------------------------
           Vcs: Vcs::Git
    Repository: /Users/likhithasurakasi/defects4j/project_repos/mockito.git
     Commit db: /Users/likhithasurakasi/defects4j/framework/projects/Mockito/active-bugs.csv
Number of bugs: 38
--------------------------------------------------------------------------------

Summary for Bug: Mockito-11
--------------------------------------------------------------------------------
Revision ID (fixed version):
1802cf79c482f2df29abb3d6735bcf0b16cedb7d
--------------------------------------------------------------------------------
Revision date (fixed version):
2014-09-26 16:01:47 +0200
--------------------------------------------------------------------------------
Bug report id:
87
--------------------------------------------------------------------------------
Bug report url:
https://github.com/mockito/mockito/issues/87
--------------------------------------------------------------------------------
Root cause in triggering tests:
 - org.mockito.internal.creation.DelegatingMethodTest::equals_should_return_true_when_equal
   --> junit.framework.AssertionFailedError
 - org.mockito.internal.creation.DelegatingMethodTest::equals_should_return_true_when_self
   --> junit.framework.AssertionFailedError
--------------------------------------------------------------------------------
List of modified sources:
 - org.mockito.internal.creation.DelegatingMethod
--------------------------------------------------------------------------------
",https://github.com/mockito/mockito/issues/87,1,1,"
            Bug report URL: https://github.com/mockito/mockito/issues/87

            Original files:
            {}

            Instruction: Given bug report URL and Original files, fix the bug by rewriting the files in orignal files

            STRICTLY follow this format for each file. Do NOT add any extra text, explanations, or quotes. Repeat the format for multiple files.

            ---FILE_START---
            FILENAME: <full_file_name>
            CONTENT:
            <full file content here>
            ---FILE_END---
            
            "
Mockito,12,"Summary of configuration for Project: Mockito
--------------------------------------------------------------------------------
    Script dir: /Users/likhithasurakasi/defects4j/framework
      Base dir: /Users/likhithasurakasi/defects4j
    Major root: /Users/likhithasurakasi/defects4j/major
      Repo dir: /Users/likhithasurakasi/defects4j/project_repos
--------------------------------------------------------------------------------
    Project ID: Mockito
       Program: mockito
    Build file: /Users/likhithasurakasi/defects4j/framework/projects/Mockito/Mockito.build.xml
--------------------------------------------------------------------------------
           Vcs: Vcs::Git
    Repository: /Users/likhithasurakasi/defects4j/project_repos/mockito.git
     Commit db: /Users/likhithasurakasi/defects4j/framework/projects/Mockito/active-bugs.csv
Number of bugs: 38
--------------------------------------------------------------------------------

Summary for Bug: Mockito-12
--------------------------------------------------------------------------------
Revision ID (fixed version):
7a647a702c8af81ccf5d37b09c11529c6c0cb1b7
--------------------------------------------------------------------------------
Revision date (fixed version):
2010-05-16 16:21:00 +0000
--------------------------------------------------------------------------------
Bug report id:
188
--------------------------------------------------------------------------------
Bug report url:
https://code.google.com/archive/p/mockito/issues/188
--------------------------------------------------------------------------------
Root cause in triggering tests:
 - org.mockito.internal.util.reflection.GenericMasterTest::shouldDealWithNestedGenerics
   --> java.lang.ClassCastException: sun.reflect.generics.reflectiveObjects.ParameterizedTypeImpl cannot be cast to java.lang.Class
 - org.mockitousage.annotation.CaptorAnnotationBasicTest::shouldUseAnnotatedCaptor
   --> java.lang.ClassCastException: sun.reflect.generics.reflectiveObjects.ParameterizedTypeImpl cannot be cast to java.lang.Class
 - org.mockitousage.annotation.CaptorAnnotationBasicTest::shouldUseCaptorInOrdinaryWay
   --> java.lang.ClassCastException: sun.reflect.generics.reflectiveObjects.ParameterizedTypeImpl cannot be cast to java.lang.Class
 - org.mockitousage.annotation.CaptorAnnotationBasicTest::shouldCaptureGenericList
   --> java.lang.ClassCastException: sun.reflect.generics.reflectiveObjects.ParameterizedTypeImpl cannot be cast to java.lang.Class
 - org.mockitousage.annotation.CaptorAnnotationBasicTest::shouldUseGenericlessAnnotatedCaptor
   --> java.lang.ClassCastException: sun.reflect.generics.reflectiveObjects.ParameterizedTypeImpl cannot be cast to java.lang.Class
 - org.mockitousage.annotation.CaptorAnnotationTest::shouldScreamWhenWrongTypeForCaptor
   --> java.lang.ClassCastException: sun.reflect.generics.reflectiveObjects.ParameterizedTypeImpl cannot be cast to java.lang.Class
 - org.mockitousage.annotation.CaptorAnnotationTest::testNormalUsage
   --> java.lang.ClassCastException: sun.reflect.generics.reflectiveObjects.ParameterizedTypeImpl cannot be cast to java.lang.Class
 - org.mockitousage.annotation.CaptorAnnotationTest::shouldScreamWhenMoreThanOneMockitoAnnotaton
   --> java.lang.ClassCastException: sun.reflect.generics.reflectiveObjects.ParameterizedTypeImpl cannot be cast to java.lang.Class
 - org.mockitousage.annotation.CaptorAnnotationTest::shouldScreamWhenInitializingCaptorsForNullClass
   --> java.lang.ClassCastException: sun.reflect.generics.reflectiveObjects.ParameterizedTypeImpl cannot be cast to java.lang.Class
 - org.mockitousage.annotation.CaptorAnnotationTest::shouldLookForAnnotatedCaptorsInSuperClasses
   --> java.lang.ClassCastException: sun.reflect.generics.reflectiveObjects.ParameterizedTypeImpl cannot be cast to java.lang.Class
--------------------------------------------------------------------------------
List of modified sources:
 - org.mockito.internal.util.reflection.GenericMaster
--------------------------------------------------------------------------------
",https://code.google.com/archive/p/mockito/issues/188,1,1,"
            Bug report URL: https://code.google.com/archive/p/mockito/issues/188

            Original files:
            {}

            Instruction: Given bug report URL and Original files, fix the bug by rewriting the files in orignal files

            STRICTLY follow this format for each file. Do NOT add any extra text, explanations, or quotes. Repeat the format for multiple files.

            ---FILE_START---
            FILENAME: <full_file_name>
            CONTENT:
            <full file content here>
            ---FILE_END---
            
            "
Mockito,13,"Summary of configuration for Project: Mockito
--------------------------------------------------------------------------------
    Script dir: /Users/likhithasurakasi/defects4j/framework
      Base dir: /Users/likhithasurakasi/defects4j
    Major root: /Users/likhithasurakasi/defects4j/major
      Repo dir: /Users/likhithasurakasi/defects4j/project_repos
--------------------------------------------------------------------------------
    Project ID: Mockito
       Program: mockito
    Build file: /Users/likhithasurakasi/defects4j/framework/projects/Mockito/Mockito.build.xml
--------------------------------------------------------------------------------
           Vcs: Vcs::Git
    Repository: /Users/likhithasurakasi/defects4j/project_repos/mockito.git
     Commit db: /Users/likhithasurakasi/defects4j/framework/projects/Mockito/active-bugs.csv
Number of bugs: 38
--------------------------------------------------------------------------------

Summary for Bug: Mockito-13
--------------------------------------------------------------------------------
Revision ID (fixed version):
2037361bea014c9ac87393eb96a95374dff46182
--------------------------------------------------------------------------------
Revision date (fixed version):
2010-05-11 19:01:47 +0000
--------------------------------------------------------------------------------
Bug report id:
138
--------------------------------------------------------------------------------
Bug report url:
https://code.google.com/archive/p/mockito/issues/138
--------------------------------------------------------------------------------
Root cause in triggering tests:
 - org.mockitousage.bugs.VerifyingWithAnExtraCallToADifferentMockTest::shouldAllowVerifyingWhenOtherMockCallIsInTheSameLine
   --> junit.framework.AssertionFailedError
--------------------------------------------------------------------------------
List of modified sources:
 - org.mockito.internal.MockHandler
--------------------------------------------------------------------------------
",https://code.google.com/archive/p/mockito/issues/138,1,1,"
            Bug report URL: https://code.google.com/archive/p/mockito/issues/138

            Original files:
            {}

            Instruction: Given bug report URL and Original files, fix the bug by rewriting the files in orignal files

            STRICTLY follow this format for each file. Do NOT add any extra text, explanations, or quotes. Repeat the format for multiple files.

            ---FILE_START---
            FILENAME: <full_file_name>
            CONTENT:
            <full file content here>
            ---FILE_END---
            
            "
Mockito,14,"Summary of configuration for Project: Mockito
--------------------------------------------------------------------------------
    Script dir: /Users/likhithasurakasi/defects4j/framework
      Base dir: /Users/likhithasurakasi/defects4j
    Major root: /Users/likhithasurakasi/defects4j/major
      Repo dir: /Users/likhithasurakasi/defects4j/project_repos
--------------------------------------------------------------------------------
    Project ID: Mockito
       Program: mockito
    Build file: /Users/likhithasurakasi/defects4j/framework/projects/Mockito/Mockito.build.xml
--------------------------------------------------------------------------------
           Vcs: Vcs::Git
    Repository: /Users/likhithasurakasi/defects4j/project_repos/mockito.git
     Commit db: /Users/likhithasurakasi/defects4j/framework/projects/Mockito/active-bugs.csv
Number of bugs: 38
--------------------------------------------------------------------------------

Summary for Bug: Mockito-14
--------------------------------------------------------------------------------
Revision ID (fixed version):
9b2cf8072ece7c7629eff6037853b3e14ab5f524
--------------------------------------------------------------------------------
Revision date (fixed version):
2010-03-17 20:18:21 +0000
--------------------------------------------------------------------------------
Bug report id:
138
--------------------------------------------------------------------------------
Bug report url:
https://code.google.com/archive/p/mockito/issues/138
--------------------------------------------------------------------------------
Root cause in triggering tests:
 - org.mockitousage.bugs.VerifyingWithAnExtraCallToADifferentMockTest::shouldAllowVerifyingWhenOtherMockCallIsInTheSameLine
   --> junit.framework.AssertionFailedError: 
--------------------------------------------------------------------------------
List of modified sources:
 - org.mockito.internal.MockHandler
 - org.mockito.internal.MockitoCore
--------------------------------------------------------------------------------
",https://code.google.com/archive/p/mockito/issues/138,1,2,"
            Bug report URL: https://code.google.com/archive/p/mockito/issues/138

            Original files:
            {}

            Instruction: Given bug report URL and Original files, fix the bug by rewriting the files in orignal files

            STRICTLY follow this format for each file. Do NOT add any extra text, explanations, or quotes. Repeat the format for multiple files.

            ---FILE_START---
            FILENAME: <full_file_name>
            CONTENT:
            <full file content here>
            ---FILE_END---
            
            "
Mockito,15,"Summary of configuration for Project: Mockito
--------------------------------------------------------------------------------
    Script dir: /Users/likhithasurakasi/defects4j/framework
      Base dir: /Users/likhithasurakasi/defects4j
    Major root: /Users/likhithasurakasi/defects4j/major
      Repo dir: /Users/likhithasurakasi/defects4j/project_repos
--------------------------------------------------------------------------------
    Project ID: Mockito
       Program: mockito
    Build file: /Users/likhithasurakasi/defects4j/framework/projects/Mockito/Mockito.build.xml
--------------------------------------------------------------------------------
           Vcs: Vcs::Git
    Repository: /Users/likhithasurakasi/defects4j/project_repos/mockito.git
     Commit db: /Users/likhithasurakasi/defects4j/framework/projects/Mockito/active-bugs.csv
Number of bugs: 38
--------------------------------------------------------------------------------

Summary for Bug: Mockito-15
--------------------------------------------------------------------------------
Revision ID (fixed version):
81a380951402d2a158af115ed616ab36e94793b8
--------------------------------------------------------------------------------
Revision date (fixed version):
2010-11-03 12:36:41 +0100
--------------------------------------------------------------------------------
Bug report id:
211
--------------------------------------------------------------------------------
Bug report url:
https://code.google.com/archive/p/mockito/issues/211
--------------------------------------------------------------------------------
Root cause in triggering tests:
 - org.mockitousage.bugs.InjectMocksShouldTryPropertySettersFirstBeforeFieldAccessTest::shouldInjectUsingPropertySetterIfAvailable
   --> junit.framework.AssertionFailedError
--------------------------------------------------------------------------------
List of modified sources:
 - org.mockito.internal.configuration.injection.FinalMockCandidateFilter
--------------------------------------------------------------------------------
",https://code.google.com/archive/p/mockito/issues/211,1,1,"
            Bug report URL: https://code.google.com/archive/p/mockito/issues/211

            Original files:
            {}

            Instruction: Given bug report URL and Original files, fix the bug by rewriting the files in orignal files

            STRICTLY follow this format for each file. Do NOT add any extra text, explanations, or quotes. Repeat the format for multiple files.

            ---FILE_START---
            FILENAME: <full_file_name>
            CONTENT:
            <full file content here>
            ---FILE_END---
            
            "
Mockito,16,"Summary of configuration for Project: Mockito
--------------------------------------------------------------------------------
    Script dir: /Users/likhithasurakasi/defects4j/framework
      Base dir: /Users/likhithasurakasi/defects4j
    Major root: /Users/likhithasurakasi/defects4j/major
      Repo dir: /Users/likhithasurakasi/defects4j/project_repos
--------------------------------------------------------------------------------
    Project ID: Mockito
       Program: mockito
    Build file: /Users/likhithasurakasi/defects4j/framework/projects/Mockito/Mockito.build.xml
--------------------------------------------------------------------------------
           Vcs: Vcs::Git
    Repository: /Users/likhithasurakasi/defects4j/project_repos/mockito.git
     Commit db: /Users/likhithasurakasi/defects4j/framework/projects/Mockito/active-bugs.csv
Number of bugs: 38
--------------------------------------------------------------------------------

Summary for Bug: Mockito-16
--------------------------------------------------------------------------------
Revision ID (fixed version):
620f8faed0ad132961aae3a8671120e0929ce828
--------------------------------------------------------------------------------
Revision date (fixed version):
2009-11-22 14:35:32 +0000
--------------------------------------------------------------------------------
Bug report id:
151
--------------------------------------------------------------------------------
Bug report url:
https://code.google.com/archive/p/mockito/issues/151
--------------------------------------------------------------------------------
Root cause in triggering tests:
 - org.mockitousage.bugs.StubbingMocksThatAreConfiguredToReturnMocksTest::shouldAllowStubbingMocksConfiguredWithRETURNS_MOCKS
   --> org.mockito.exceptions.misusing.MissingMethodInvocationException: 
--------------------------------------------------------------------------------
List of modified sources:
 - org.mockito.internal.MockitoCore
 - org.mockito.Mockito
--------------------------------------------------------------------------------
",https://code.google.com/archive/p/mockito/issues/151,1,2,"
            Bug report URL: https://code.google.com/archive/p/mockito/issues/151

            Original files:
            {}

            Instruction: Given bug report URL and Original files, fix the bug by rewriting the files in orignal files

            STRICTLY follow this format for each file. Do NOT add any extra text, explanations, or quotes. Repeat the format for multiple files.

            ---FILE_START---
            FILENAME: <full_file_name>
            CONTENT:
            <full file content here>
            ---FILE_END---
            
            "
Mockito,17,"Summary of configuration for Project: Mockito
--------------------------------------------------------------------------------
    Script dir: /Users/likhithasurakasi/defects4j/framework
      Base dir: /Users/likhithasurakasi/defects4j
    Major root: /Users/likhithasurakasi/defects4j/major
      Repo dir: /Users/likhithasurakasi/defects4j/project_repos
--------------------------------------------------------------------------------
    Project ID: Mockito
       Program: mockito
    Build file: /Users/likhithasurakasi/defects4j/framework/projects/Mockito/Mockito.build.xml
--------------------------------------------------------------------------------
           Vcs: Vcs::Git
    Repository: /Users/likhithasurakasi/defects4j/project_repos/mockito.git
     Commit db: /Users/likhithasurakasi/defects4j/framework/projects/Mockito/active-bugs.csv
Number of bugs: 38
--------------------------------------------------------------------------------

Summary for Bug: Mockito-17
--------------------------------------------------------------------------------
Revision ID (fixed version):
77cb2037314dd024eb53ffe2e9e06304088a2d53
--------------------------------------------------------------------------------
Revision date (fixed version):
2009-11-21 23:04:52 +0000
--------------------------------------------------------------------------------
Bug report id:
152
--------------------------------------------------------------------------------
Bug report url:
https://code.google.com/archive/p/mockito/issues/152
--------------------------------------------------------------------------------
Root cause in triggering tests:
 - org.mockitousage.basicapi.MocksSerializationTest::shouldBeSerializeAndHaveExtraInterfaces
   --> java.io.NotSerializableException: org.mockitousage.IMethods$$EnhancerByMockitoWithCGLIB$$a155cf16
--------------------------------------------------------------------------------
List of modified sources:
 - org.mockito.internal.creation.MockSettingsImpl
 - org.mockito.internal.util.MockUtil
--------------------------------------------------------------------------------
",https://code.google.com/archive/p/mockito/issues/152,1,2,"
            Bug report URL: https://code.google.com/archive/p/mockito/issues/152

            Original files:
            {}

            Instruction: Given bug report URL and Original files, fix the bug by rewriting the files in orignal files

            STRICTLY follow this format for each file. Do NOT add any extra text, explanations, or quotes. Repeat the format for multiple files.

            ---FILE_START---
            FILENAME: <full_file_name>
            CONTENT:
            <full file content here>
            ---FILE_END---
            
            "
Mockito,18,"Summary of configuration for Project: Mockito
--------------------------------------------------------------------------------
    Script dir: /Users/likhithasurakasi/defects4j/framework
      Base dir: /Users/likhithasurakasi/defects4j
    Major root: /Users/likhithasurakasi/defects4j/major
      Repo dir: /Users/likhithasurakasi/defects4j/project_repos
--------------------------------------------------------------------------------
    Project ID: Mockito
       Program: mockito
    Build file: /Users/likhithasurakasi/defects4j/framework/projects/Mockito/Mockito.build.xml
--------------------------------------------------------------------------------
           Vcs: Vcs::Git
    Repository: /Users/likhithasurakasi/defects4j/project_repos/mockito.git
     Commit db: /Users/likhithasurakasi/defects4j/framework/projects/Mockito/active-bugs.csv
Number of bugs: 38
--------------------------------------------------------------------------------

Summary for Bug: Mockito-18
--------------------------------------------------------------------------------
Revision ID (fixed version):
8ceb04ad7317d8db24476b3b5f56ec9f658bc43a
--------------------------------------------------------------------------------
Revision date (fixed version):
2015-06-03 17:16:21 +0200
--------------------------------------------------------------------------------
Bug report id:
210
--------------------------------------------------------------------------------
Bug report url:
https://github.com/mockito/mockito/issues/210
--------------------------------------------------------------------------------
Root cause in triggering tests:
 - org.mockito.internal.stubbing.defaultanswers.ReturnsEmptyValuesTest::should_return_empty_iterable
   --> java.lang.NullPointerException
--------------------------------------------------------------------------------
List of modified sources:
 - org.mockito.internal.stubbing.defaultanswers.ReturnsEmptyValues
--------------------------------------------------------------------------------
",https://github.com/mockito/mockito/issues/210,1,1,"
            Bug report URL: https://github.com/mockito/mockito/issues/210

            Original files:
            {}

            Instruction: Given bug report URL and Original files, fix the bug by rewriting the files in orignal files

            STRICTLY follow this format for each file. Do NOT add any extra text, explanations, or quotes. Repeat the format for multiple files.

            ---FILE_START---
            FILENAME: <full_file_name>
            CONTENT:
            <full file content here>
            ---FILE_END---
            
            "
Mockito,19,"Summary of configuration for Project: Mockito
--------------------------------------------------------------------------------
    Script dir: /Users/likhithasurakasi/defects4j/framework
      Base dir: /Users/likhithasurakasi/defects4j
    Major root: /Users/likhithasurakasi/defects4j/major
      Repo dir: /Users/likhithasurakasi/defects4j/project_repos
--------------------------------------------------------------------------------
    Project ID: Mockito
       Program: mockito
    Build file: /Users/likhithasurakasi/defects4j/framework/projects/Mockito/Mockito.build.xml
--------------------------------------------------------------------------------
           Vcs: Vcs::Git
    Repository: /Users/likhithasurakasi/defects4j/project_repos/mockito.git
     Commit db: /Users/likhithasurakasi/defects4j/framework/projects/Mockito/active-bugs.csv
Number of bugs: 38
--------------------------------------------------------------------------------

Summary for Bug: Mockito-19
--------------------------------------------------------------------------------
Revision ID (fixed version):
110ffa80070bf54ab8efabdaaa27b193a93d6128
--------------------------------------------------------------------------------
Revision date (fixed version):
2015-06-03 00:52:12 +0200
--------------------------------------------------------------------------------
Bug report id:
205
--------------------------------------------------------------------------------
Bug report url:
https://github.com/mockito/mockito/issues/205
--------------------------------------------------------------------------------
Root cause in triggering tests:
 - org.mockitousage.annotation.MockInjectionUsingSetterOrPropertyTest::shouldInsertFieldWithCorrectNameWhenMultipleTypesAvailable
   --> junit.framework.AssertionFailedError: Expected: <null> but was: candidate2
--------------------------------------------------------------------------------
List of modified sources:
 - org.mockito.internal.configuration.injection.filter.FinalMockCandidateFilter
 - org.mockito.internal.configuration.injection.filter.MockCandidateFilter
 - org.mockito.internal.configuration.injection.filter.NameBasedCandidateFilter
 - org.mockito.internal.configuration.injection.filter.TypeBasedCandidateFilter
 - org.mockito.internal.configuration.injection.PropertyAndSetterInjection
--------------------------------------------------------------------------------
",https://github.com/mockito/mockito/issues/205,1,5,"
            Bug report URL: https://github.com/mockito/mockito/issues/205

            Original files:
            {}

            Instruction: Given bug report URL and Original files, fix the bug by rewriting the files in orignal files

            STRICTLY follow this format for each file. Do NOT add any extra text, explanations, or quotes. Repeat the format for multiple files.

            ---FILE_START---
            FILENAME: <full_file_name>
            CONTENT:
            <full file content here>
            ---FILE_END---
            
            "
Mockito,20,"Summary of configuration for Project: Mockito
--------------------------------------------------------------------------------
    Script dir: /Users/likhithasurakasi/defects4j/framework
      Base dir: /Users/likhithasurakasi/defects4j
    Major root: /Users/likhithasurakasi/defects4j/major
      Repo dir: /Users/likhithasurakasi/defects4j/project_repos
--------------------------------------------------------------------------------
    Project ID: Mockito
       Program: mockito
    Build file: /Users/likhithasurakasi/defects4j/framework/projects/Mockito/Mockito.build.xml
--------------------------------------------------------------------------------
           Vcs: Vcs::Git
    Repository: /Users/likhithasurakasi/defects4j/project_repos/mockito.git
     Commit db: /Users/likhithasurakasi/defects4j/framework/projects/Mockito/active-bugs.csv
Number of bugs: 38
--------------------------------------------------------------------------------

Summary for Bug: Mockito-20
--------------------------------------------------------------------------------
Revision ID (fixed version):
7616cd17d5e1dc7c3dee080c6969183821d4797a
--------------------------------------------------------------------------------
Revision date (fixed version):
2015-02-16 00:10:52 +0100
--------------------------------------------------------------------------------
Bug report id:
92
--------------------------------------------------------------------------------
Bug report url:
https://github.com/mockito/mockito/issues/92
--------------------------------------------------------------------------------
Root cause in triggering tests:
 - org.mockitousage.annotation.SpyAnnotationTest::should_spy_inner_class
   --> junit.framework.ComparisonFailure: expected:<[inner] strength> but was:<[null] strength>
 - org.mockitousage.annotation.SpyAnnotationTest::should_report_when_constructor_is_explosive
   --> junit.framework.AssertionFailedError
 - org.mockitousage.constructor.CreatingMocksWithConstructorTest::can_spy_abstract_classes
   --> junit.framework.ComparisonFailure: expected:<hey!> but was:<null>
 - org.mockitousage.constructor.CreatingMocksWithConstructorTest::exception_message_when_constructor_not_found
   --> junit.framework.AssertionFailedError
 - org.mockitousage.constructor.CreatingMocksWithConstructorTest::can_create_mock_with_constructor
   --> junit.framework.ComparisonFailure: expected:<hey!> but was:<null>
 - org.mockitousage.constructor.CreatingMocksWithConstructorTest::can_mock_inner_classes
   --> junit.framework.ComparisonFailure: expected:<hey!> but was:<null>
 - org.mockitousage.constructor.CreatingMocksWithConstructorTest::mocking_inner_classes_with_wrong_outer_instance
   --> junit.framework.AssertionFailedError
 - org.mockitousage.constructor.CreatingMocksWithConstructorTest::can_mock_abstract_classes
   --> junit.framework.ComparisonFailure: expected:<hey!> but was:<null>
--------------------------------------------------------------------------------
List of modified sources:
 - org.mockito.internal.creation.bytebuddy.ByteBuddyMockMaker
--------------------------------------------------------------------------------
",https://github.com/mockito/mockito/issues/92,1,1,"
            Bug report URL: https://github.com/mockito/mockito/issues/92

            Original files:
            {}

            Instruction: Given bug report URL and Original files, fix the bug by rewriting the files in orignal files

            STRICTLY follow this format for each file. Do NOT add any extra text, explanations, or quotes. Repeat the format for multiple files.

            ---FILE_START---
            FILENAME: <full_file_name>
            CONTENT:
            <full file content here>
            ---FILE_END---
            
            "
Mockito,21,"Summary of configuration for Project: Mockito
--------------------------------------------------------------------------------
    Script dir: /Users/likhithasurakasi/defects4j/framework
      Base dir: /Users/likhithasurakasi/defects4j
    Major root: /Users/likhithasurakasi/defects4j/major
      Repo dir: /Users/likhithasurakasi/defects4j/project_repos
--------------------------------------------------------------------------------
    Project ID: Mockito
       Program: mockito
    Build file: /Users/likhithasurakasi/defects4j/framework/projects/Mockito/Mockito.build.xml
--------------------------------------------------------------------------------
           Vcs: Vcs::Git
    Repository: /Users/likhithasurakasi/defects4j/project_repos/mockito.git
     Commit db: /Users/likhithasurakasi/defects4j/framework/projects/Mockito/active-bugs.csv
Number of bugs: 38
--------------------------------------------------------------------------------

Summary for Bug: Mockito-21
--------------------------------------------------------------------------------
Revision ID (fixed version):
8912aa176ea8414c2fc57df0d9b030b918630e9f
--------------------------------------------------------------------------------
Revision date (fixed version):
2014-11-17 00:42:03 +0100
--------------------------------------------------------------------------------
Bug report id:
92
--------------------------------------------------------------------------------
Bug report url:
https://github.com/mockito/mockito/issues/92
--------------------------------------------------------------------------------
Root cause in triggering tests:
 - org.mockito.internal.creation.instance.ConstructorInstantiatorTest::creates_instances_of_inner_classes
   --> org.mockito.internal.creation.instance.InstantationException: Unable to create mock instance of 'SomeInnerClass'.
--------------------------------------------------------------------------------
List of modified sources:
 - org.mockito.internal.creation.instance.ConstructorInstantiator
--------------------------------------------------------------------------------
",https://github.com/mockito/mockito/issues/92,1,1,"
            Bug report URL: https://github.com/mockito/mockito/issues/92

            Original files:
            {}

            Instruction: Given bug report URL and Original files, fix the bug by rewriting the files in orignal files

            STRICTLY follow this format for each file. Do NOT add any extra text, explanations, or quotes. Repeat the format for multiple files.

            ---FILE_START---
            FILENAME: <full_file_name>
            CONTENT:
            <full file content here>
            ---FILE_END---
            
            "
Mockito,22,"Summary of configuration for Project: Mockito
--------------------------------------------------------------------------------
    Script dir: /Users/likhithasurakasi/defects4j/framework
      Base dir: /Users/likhithasurakasi/defects4j
    Major root: /Users/likhithasurakasi/defects4j/major
      Repo dir: /Users/likhithasurakasi/defects4j/project_repos
--------------------------------------------------------------------------------
    Project ID: Mockito
       Program: mockito
    Build file: /Users/likhithasurakasi/defects4j/framework/projects/Mockito/Mockito.build.xml
--------------------------------------------------------------------------------
           Vcs: Vcs::Git
    Repository: /Users/likhithasurakasi/defects4j/project_repos/mockito.git
     Commit db: /Users/likhithasurakasi/defects4j/framework/projects/Mockito/active-bugs.csv
Number of bugs: 38
--------------------------------------------------------------------------------

Summary for Bug: Mockito-22
--------------------------------------------------------------------------------
Revision ID (fixed version):
d0c872e4b0837aef1e1635bf5f15d33c3d8d9698
--------------------------------------------------------------------------------
Revision date (fixed version):
2014-04-12 16:09:33 +0200
--------------------------------------------------------------------------------
Bug report id:
484
--------------------------------------------------------------------------------
Bug report url:
https://code.google.com/archive/p/mockito/issues/484
--------------------------------------------------------------------------------
Root cause in triggering tests:
 - org.mockito.internal.matchers.EqualityTest::shouldKnowIfObjectsAreEqual
   --> java.lang.RuntimeException
--------------------------------------------------------------------------------
List of modified sources:
 - org.mockito.internal.matchers.Equality
--------------------------------------------------------------------------------
",https://code.google.com/archive/p/mockito/issues/484,1,1,"
            Bug report URL: https://code.google.com/archive/p/mockito/issues/484

            Original files:
            {}

            Instruction: Given bug report URL and Original files, fix the bug by rewriting the files in orignal files

            STRICTLY follow this format for each file. Do NOT add any extra text, explanations, or quotes. Repeat the format for multiple files.

            ---FILE_START---
            FILENAME: <full_file_name>
            CONTENT:
            <full file content here>
            ---FILE_END---
            
            "
Mockito,23,"Summary of configuration for Project: Mockito
--------------------------------------------------------------------------------
    Script dir: /Users/likhithasurakasi/defects4j/framework
      Base dir: /Users/likhithasurakasi/defects4j
    Major root: /Users/likhithasurakasi/defects4j/major
      Repo dir: /Users/likhithasurakasi/defects4j/project_repos
--------------------------------------------------------------------------------
    Project ID: Mockito
       Program: mockito
    Build file: /Users/likhithasurakasi/defects4j/framework/projects/Mockito/Mockito.build.xml
--------------------------------------------------------------------------------
           Vcs: Vcs::Git
    Repository: /Users/likhithasurakasi/defects4j/project_repos/mockito.git
     Commit db: /Users/likhithasurakasi/defects4j/framework/projects/Mockito/active-bugs.csv
Number of bugs: 38
--------------------------------------------------------------------------------

Summary for Bug: Mockito-23
--------------------------------------------------------------------------------
Revision ID (fixed version):
82935114a09390cbab0c6b6df9b6fd6788bf55d9
--------------------------------------------------------------------------------
Revision date (fixed version):
2014-01-16 09:37:53 -0800
--------------------------------------------------------------------------------
Bug report id:
399
--------------------------------------------------------------------------------
Bug report url:
https://code.google.com/archive/p/mockito/issues/399
--------------------------------------------------------------------------------
Root cause in triggering tests:
 - org.mockitousage.stubbing.DeepStubsSerializableTest::should_serialize_and_deserialize_mock_created_by_deep_stubs
   --> java.io.NotSerializableException: org.mockito.internal.stubbing.defaultanswers.ReturnsDeepStubs$2
--------------------------------------------------------------------------------
List of modified sources:
 - org.mockito.internal.stubbing.defaultanswers.ReturnsDeepStubs
--------------------------------------------------------------------------------
",https://code.google.com/archive/p/mockito/issues/399,1,1,"
            Bug report URL: https://code.google.com/archive/p/mockito/issues/399

            Original files:
            {}

            Instruction: Given bug report URL and Original files, fix the bug by rewriting the files in orignal files

            STRICTLY follow this format for each file. Do NOT add any extra text, explanations, or quotes. Repeat the format for multiple files.

            ---FILE_START---
            FILENAME: <full_file_name>
            CONTENT:
            <full file content here>
            ---FILE_END---
            
            "
Mockito,24,"Summary of configuration for Project: Mockito
--------------------------------------------------------------------------------
    Script dir: /Users/likhithasurakasi/defects4j/framework
      Base dir: /Users/likhithasurakasi/defects4j
    Major root: /Users/likhithasurakasi/defects4j/major
      Repo dir: /Users/likhithasurakasi/defects4j/project_repos
--------------------------------------------------------------------------------
    Project ID: Mockito
       Program: mockito
    Build file: /Users/likhithasurakasi/defects4j/framework/projects/Mockito/Mockito.build.xml
--------------------------------------------------------------------------------
           Vcs: Vcs::Git
    Repository: /Users/likhithasurakasi/defects4j/project_repos/mockito.git
     Commit db: /Users/likhithasurakasi/defects4j/framework/projects/Mockito/active-bugs.csv
Number of bugs: 38
--------------------------------------------------------------------------------

Summary for Bug: Mockito-24
--------------------------------------------------------------------------------
Revision ID (fixed version):
c17169c2cbb0b3d055d64ec2c4859122ca919c42
--------------------------------------------------------------------------------
Revision date (fixed version):
2014-01-08 13:13:43 -0800
--------------------------------------------------------------------------------
Bug report id:
467
--------------------------------------------------------------------------------
Bug report url:
https://code.google.com/archive/p/mockito/issues/467
--------------------------------------------------------------------------------
Root cause in triggering tests:
 - org.mockito.internal.stubbing.defaultanswers.ReturnsEmptyValuesTest::should_return_zero_if_mock_is_compared_to_itself
   --> junit.framework.AssertionFailedError: expected:<0> but was:<1>
 - org.mockitousage.bugs.ShouldMocksCompareToBeConsistentWithEqualsTest::should_compare_to_be_consistent_with_equals_when_comparing_the_same_reference
   --> junit.framework.AssertionFailedError: expected:<1> but was:<2>
--------------------------------------------------------------------------------
List of modified sources:
 - org.mockito.internal.stubbing.defaultanswers.ReturnsEmptyValues
--------------------------------------------------------------------------------
",https://code.google.com/archive/p/mockito/issues/467,1,1,"
            Bug report URL: https://code.google.com/archive/p/mockito/issues/467

            Original files:
            {}

            Instruction: Given bug report URL and Original files, fix the bug by rewriting the files in orignal files

            STRICTLY follow this format for each file. Do NOT add any extra text, explanations, or quotes. Repeat the format for multiple files.

            ---FILE_START---
            FILENAME: <full_file_name>
            CONTENT:
            <full file content here>
            ---FILE_END---
            
            "
Mockito,25,"Summary of configuration for Project: Mockito
--------------------------------------------------------------------------------
    Script dir: /Users/likhithasurakasi/defects4j/framework
      Base dir: /Users/likhithasurakasi/defects4j
    Major root: /Users/likhithasurakasi/defects4j/major
      Repo dir: /Users/likhithasurakasi/defects4j/project_repos
--------------------------------------------------------------------------------
    Project ID: Mockito
       Program: mockito
    Build file: /Users/likhithasurakasi/defects4j/framework/projects/Mockito/Mockito.build.xml
--------------------------------------------------------------------------------
           Vcs: Vcs::Git
    Repository: /Users/likhithasurakasi/defects4j/project_repos/mockito.git
     Commit db: /Users/likhithasurakasi/defects4j/framework/projects/Mockito/active-bugs.csv
Number of bugs: 38
--------------------------------------------------------------------------------

Summary for Bug: Mockito-25
--------------------------------------------------------------------------------
Revision ID (fixed version):
a6ccf070a267e0a165b8efaaefa8938e787bb6a0
--------------------------------------------------------------------------------
Revision date (fixed version):
2012-10-25 21:49:58 +0200
--------------------------------------------------------------------------------
Bug report id:
230
--------------------------------------------------------------------------------
Bug report url:
https://code.google.com/archive/p/mockito/issues/230
--------------------------------------------------------------------------------
Root cause in triggering tests:
 - org.mockito.internal.stubbing.defaultanswers.ReturnsGenericDeepStubsTest::will_return_default_value_on_non_mockable_nested_generic
   --> java.lang.ClassCastException: org.mockito.internal.creation.jmock.ClassImposterizer$ClassWithSuperclassToWorkAroundCglibBug$$EnhancerByMockitoWithCGLIB$$2f702d3d cannot be cast to java.lang.String
 - org.mockito.internal.stubbing.defaultanswers.ReturnsGenericDeepStubsTest::can_create_mock_from_multiple_type_variable_bounds_when_return_type_of_parameterized_method_is_a_typevar_that_is_referencing_a_typevar_on_class
   --> java.lang.ClassCastException: $java.lang.Comparable$$EnhancerByMockitoWithCGLIB$$5139a9fd cannot be cast to java.lang.Cloneable
 - org.mockito.internal.stubbing.defaultanswers.ReturnsGenericDeepStubsTest::can_create_mock_from_return_types_declared_with_a_bounded_wildcard
   --> java.lang.ClassCastException: org.mockito.internal.creation.jmock.ClassImposterizer$ClassWithSuperclassToWorkAroundCglibBug$$EnhancerByMockitoWithCGLIB$$2f702d3d cannot be cast to java.lang.Number
 - org.mockito.internal.stubbing.defaultanswers.ReturnsGenericDeepStubsTest::can_create_mock_from_multiple_type_variable_bounds_when_return_type_of_parameterized_method_is_a_parameterizedtype_that_is_referencing_a_typevar_on_class
   --> java.lang.ClassCastException: org.mockito.internal.creation.jmock.ClassImposterizer$ClassWithSuperclassToWorkAroundCglibBug$$EnhancerByMockitoWithCGLIB$$2f702d3d cannot be cast to java.lang.Cloneable
 - org.mockito.internal.stubbing.defaultanswers.ReturnsGenericDeepStubsTest::generic_deep_mock_frenzy__look_at_these_chained_calls
   --> java.lang.ClassCastException: org.mockito.internal.creation.jmock.ClassImposterizer$ClassWithSuperclassToWorkAroundCglibBug$$EnhancerByMockitoWithCGLIB$$2f702d3d cannot be cast to java.util.Map$Entry
 - org.mockito.internal.stubbing.defaultanswers.ReturnsGenericDeepStubsTest::can_create_mock_from_multiple_type_variable_bounds_when_method_return_type_is_referencing_a_typevar_on_class
   --> java.lang.ClassCastException: $java.lang.Comparable$$EnhancerByMockitoWithCGLIB$$5139a9fd cannot be cast to java.lang.Cloneable
--------------------------------------------------------------------------------
List of modified sources:
 - org.mockito.internal.stubbing.defaultanswers.ReturnsDeepStubs
--------------------------------------------------------------------------------
",https://code.google.com/archive/p/mockito/issues/230,1,1,"
            Bug report URL: https://code.google.com/archive/p/mockito/issues/230

            Original files:
            {}

            Instruction: Given bug report URL and Original files, fix the bug by rewriting the files in orignal files

            STRICTLY follow this format for each file. Do NOT add any extra text, explanations, or quotes. Repeat the format for multiple files.

            ---FILE_START---
            FILENAME: <full_file_name>
            CONTENT:
            <full file content here>
            ---FILE_END---
            
            "
Mockito,26,"Summary of configuration for Project: Mockito
--------------------------------------------------------------------------------
    Script dir: /Users/likhithasurakasi/defects4j/framework
      Base dir: /Users/likhithasurakasi/defects4j
    Major root: /Users/likhithasurakasi/defects4j/major
      Repo dir: /Users/likhithasurakasi/defects4j/project_repos
--------------------------------------------------------------------------------
    Project ID: Mockito
       Program: mockito
    Build file: /Users/likhithasurakasi/defects4j/framework/projects/Mockito/Mockito.build.xml
--------------------------------------------------------------------------------
           Vcs: Vcs::Git
    Repository: /Users/likhithasurakasi/defects4j/project_repos/mockito.git
     Commit db: /Users/likhithasurakasi/defects4j/framework/projects/Mockito/active-bugs.csv
Number of bugs: 38
--------------------------------------------------------------------------------

Summary for Bug: Mockito-26
--------------------------------------------------------------------------------
Revision ID (fixed version):
af44738c7de74f24e37ea0c1242e73b07c3f4362
--------------------------------------------------------------------------------
Revision date (fixed version):
2012-06-30 15:06:31 +0200
--------------------------------------------------------------------------------
Bug report id:
352
--------------------------------------------------------------------------------
Bug report url:
https://code.google.com/archive/p/mockito/issues/352
--------------------------------------------------------------------------------
Root cause in triggering tests:
 - org.mockito.internal.progress.HandyReturnValuesTest::should_default_values_for_primitive
   --> java.lang.ClassCastException: java.lang.Integer cannot be cast to java.lang.Double
 - org.mockito.internal.stubbing.defaultanswers.ReturnsEmptyValuesTest::should_return_primitive
   --> junit.framework.AssertionFailedError: expected:<0.0> but was:<0>
 - org.mockito.internal.stubbing.defaultanswers.ReturnsMocksTest::should_return_the_usual_default_values_for_primitives
   --> junit.framework.AssertionFailedError: expected:<0.0> but was:<0>
 - org.mockito.internal.stubbing.defaultanswers.ReturnsSmartNullsTest::should_return_the_usual_default_values_for_primitives
   --> junit.framework.AssertionFailedError: expected:<0.0> but was:<0>
--------------------------------------------------------------------------------
List of modified sources:
 - org.mockito.internal.util.Primitives
--------------------------------------------------------------------------------
",https://code.google.com/archive/p/mockito/issues/352,1,1,"
            Bug report URL: https://code.google.com/archive/p/mockito/issues/352

            Original files:
            {}

            Instruction: Given bug report URL and Original files, fix the bug by rewriting the files in orignal files

            STRICTLY follow this format for each file. Do NOT add any extra text, explanations, or quotes. Repeat the format for multiple files.

            ---FILE_START---
            FILENAME: <full_file_name>
            CONTENT:
            <full file content here>
            ---FILE_END---
            
            "
Mockito,27,"Summary of configuration for Project: Mockito
--------------------------------------------------------------------------------
    Script dir: /Users/likhithasurakasi/defects4j/framework
      Base dir: /Users/likhithasurakasi/defects4j
    Major root: /Users/likhithasurakasi/defects4j/major
      Repo dir: /Users/likhithasurakasi/defects4j/project_repos
--------------------------------------------------------------------------------
    Project ID: Mockito
       Program: mockito
    Build file: /Users/likhithasurakasi/defects4j/framework/projects/Mockito/Mockito.build.xml
--------------------------------------------------------------------------------
           Vcs: Vcs::Git
    Repository: /Users/likhithasurakasi/defects4j/project_repos/mockito.git
     Commit db: /Users/likhithasurakasi/defects4j/framework/projects/Mockito/active-bugs.csv
Number of bugs: 38
--------------------------------------------------------------------------------

Summary for Bug: Mockito-27
--------------------------------------------------------------------------------
Revision ID (fixed version):
a8ec4fa290bc1cdde060218d6bb811ac1fa6da6f
--------------------------------------------------------------------------------
Revision date (fixed version):
2011-10-01 17:09:50 +0200
--------------------------------------------------------------------------------
Bug report id:
282
--------------------------------------------------------------------------------
Bug report url:
https://code.google.com/archive/p/mockito/issues/282
--------------------------------------------------------------------------------
Root cause in triggering tests:
 - org.mockitousage.bugs.ListenersLostOnResetMockTest::listener
   --> junit.framework.AssertionFailedError: 
--------------------------------------------------------------------------------
List of modified sources:
 - org.mockito.internal.util.MockUtil
--------------------------------------------------------------------------------
",https://code.google.com/archive/p/mockito/issues/282,1,1,"
            Bug report URL: https://code.google.com/archive/p/mockito/issues/282

            Original files:
            {}

            Instruction: Given bug report URL and Original files, fix the bug by rewriting the files in orignal files

            STRICTLY follow this format for each file. Do NOT add any extra text, explanations, or quotes. Repeat the format for multiple files.

            ---FILE_START---
            FILENAME: <full_file_name>
            CONTENT:
            <full file content here>
            ---FILE_END---
            
            "
Mockito,28,"Summary of configuration for Project: Mockito
--------------------------------------------------------------------------------
    Script dir: /Users/likhithasurakasi/defects4j/framework
      Base dir: /Users/likhithasurakasi/defects4j
    Major root: /Users/likhithasurakasi/defects4j/major
      Repo dir: /Users/likhithasurakasi/defects4j/project_repos
--------------------------------------------------------------------------------
    Project ID: Mockito
       Program: mockito
    Build file: /Users/likhithasurakasi/defects4j/framework/projects/Mockito/Mockito.build.xml
--------------------------------------------------------------------------------
           Vcs: Vcs::Git
    Repository: /Users/likhithasurakasi/defects4j/project_repos/mockito.git
     Commit db: /Users/likhithasurakasi/defects4j/framework/projects/Mockito/active-bugs.csv
Number of bugs: 38
--------------------------------------------------------------------------------

Summary for Bug: Mockito-28
--------------------------------------------------------------------------------
Revision ID (fixed version):
0464f5657dc8c76a4ff209a2cf7fd6312885cdc3
--------------------------------------------------------------------------------
Revision date (fixed version):
2010-12-20 20:11:06 +0100
--------------------------------------------------------------------------------
Bug report id:
236
--------------------------------------------------------------------------------
Bug report url:
https://code.google.com/archive/p/mockito/issues/236
--------------------------------------------------------------------------------
Root cause in triggering tests:
 - org.mockitousage.bugs.InjectionByTypeShouldFirstLookForExactTypeThenAncestorTest::mock_should_be_injected_once_and_in_the_best_matching_type
   --> junit.framework.AssertionFailedError: expected same:<java.lang.Object@1a6aecec> was not:<mockedBean>
--------------------------------------------------------------------------------
List of modified sources:
 - org.mockito.internal.configuration.DefaultInjectionEngine
--------------------------------------------------------------------------------
",https://code.google.com/archive/p/mockito/issues/236,1,1,"
            Bug report URL: https://code.google.com/archive/p/mockito/issues/236

            Original files:
            {}

            Instruction: Given bug report URL and Original files, fix the bug by rewriting the files in orignal files

            STRICTLY follow this format for each file. Do NOT add any extra text, explanations, or quotes. Repeat the format for multiple files.

            ---FILE_START---
            FILENAME: <full_file_name>
            CONTENT:
            <full file content here>
            ---FILE_END---
            
            "
Mockito,29,"Summary of configuration for Project: Mockito
--------------------------------------------------------------------------------
    Script dir: /Users/likhithasurakasi/defects4j/framework
      Base dir: /Users/likhithasurakasi/defects4j
    Major root: /Users/likhithasurakasi/defects4j/major
      Repo dir: /Users/likhithasurakasi/defects4j/project_repos
--------------------------------------------------------------------------------
    Project ID: Mockito
       Program: mockito
    Build file: /Users/likhithasurakasi/defects4j/framework/projects/Mockito/Mockito.build.xml
--------------------------------------------------------------------------------
           Vcs: Vcs::Git
    Repository: /Users/likhithasurakasi/defects4j/project_repos/mockito.git
     Commit db: /Users/likhithasurakasi/defects4j/framework/projects/Mockito/active-bugs.csv
Number of bugs: 38
--------------------------------------------------------------------------------

Summary for Bug: Mockito-29
--------------------------------------------------------------------------------
Revision ID (fixed version):
918f0a5aed6454b307004b6c9c86afc8e96353ff
--------------------------------------------------------------------------------
Revision date (fixed version):
2010-11-18 17:54:14 +0100
--------------------------------------------------------------------------------
Bug report id:
229
--------------------------------------------------------------------------------
Bug report url:
https://code.google.com/archive/p/mockito/issues/229
--------------------------------------------------------------------------------
Root cause in triggering tests:
 - org.mockitousage.bugs.NPEWithCertainMatchersTest::shouldNotThrowNPEWhenNullPassedToSame
   --> java.lang.Exception: Unexpected exception, expected<java.lang.AssertionError> but was<java.lang.NullPointerException>
--------------------------------------------------------------------------------
List of modified sources:
 - org.mockito.internal.matchers.Same
--------------------------------------------------------------------------------
",https://code.google.com/archive/p/mockito/issues/229,1,1,"
            Bug report URL: https://code.google.com/archive/p/mockito/issues/229

            Original files:
            {}

            Instruction: Given bug report URL and Original files, fix the bug by rewriting the files in orignal files

            STRICTLY follow this format for each file. Do NOT add any extra text, explanations, or quotes. Repeat the format for multiple files.

            ---FILE_START---
            FILENAME: <full_file_name>
            CONTENT:
            <full file content here>
            ---FILE_END---
            
            "
Mockito,30,"Summary of configuration for Project: Mockito
--------------------------------------------------------------------------------
    Script dir: /Users/likhithasurakasi/defects4j/framework
      Base dir: /Users/likhithasurakasi/defects4j
    Major root: /Users/likhithasurakasi/defects4j/major
      Repo dir: /Users/likhithasurakasi/defects4j/project_repos
--------------------------------------------------------------------------------
    Project ID: Mockito
       Program: mockito
    Build file: /Users/likhithasurakasi/defects4j/framework/projects/Mockito/Mockito.build.xml
--------------------------------------------------------------------------------
           Vcs: Vcs::Git
    Repository: /Users/likhithasurakasi/defects4j/project_repos/mockito.git
     Commit db: /Users/likhithasurakasi/defects4j/framework/projects/Mockito/active-bugs.csv
Number of bugs: 38
--------------------------------------------------------------------------------

Summary for Bug: Mockito-30
--------------------------------------------------------------------------------
Revision ID (fixed version):
3c924f80a4db3692a13341f0da4517052ab77a2a
--------------------------------------------------------------------------------
Revision date (fixed version):
2010-11-05 18:55:32 -0200
--------------------------------------------------------------------------------
Bug report id:
225
--------------------------------------------------------------------------------
Bug report url:
https://code.google.com/archive/p/mockito/issues/225
--------------------------------------------------------------------------------
Root cause in triggering tests:
 - org.mockito.internal.stubbing.defaultanswers.ReturnsSmartNullsTest::shouldPrintTheParametersOnSmartNullPointerExceptionMessage
   --> junit.framework.AssertionFailedError: Exception message should include oompa and lumpa, but was: 
--------------------------------------------------------------------------------
List of modified sources:
 - org.mockito.exceptions.Reporter
 - org.mockito.internal.stubbing.defaultanswers.ReturnsSmartNulls
--------------------------------------------------------------------------------
",https://code.google.com/archive/p/mockito/issues/225,1,2,"
            Bug report URL: https://code.google.com/archive/p/mockito/issues/225

            Original files:
            {}

            Instruction: Given bug report URL and Original files, fix the bug by rewriting the files in orignal files

            STRICTLY follow this format for each file. Do NOT add any extra text, explanations, or quotes. Repeat the format for multiple files.

            ---FILE_START---
            FILENAME: <full_file_name>
            CONTENT:
            <full file content here>
            ---FILE_END---
            
            "
Mockito,31,"Summary of configuration for Project: Mockito
--------------------------------------------------------------------------------
    Script dir: /Users/likhithasurakasi/defects4j/framework
      Base dir: /Users/likhithasurakasi/defects4j
    Major root: /Users/likhithasurakasi/defects4j/major
      Repo dir: /Users/likhithasurakasi/defects4j/project_repos
--------------------------------------------------------------------------------
    Project ID: Mockito
       Program: mockito
    Build file: /Users/likhithasurakasi/defects4j/framework/projects/Mockito/Mockito.build.xml
--------------------------------------------------------------------------------
           Vcs: Vcs::Git
    Repository: /Users/likhithasurakasi/defects4j/project_repos/mockito.git
     Commit db: /Users/likhithasurakasi/defects4j/framework/projects/Mockito/active-bugs.csv
Number of bugs: 38
--------------------------------------------------------------------------------

Summary for Bug: Mockito-31
--------------------------------------------------------------------------------
Revision ID (fixed version):
62b6bdf44baeee172b2b1684835fb995bad2a47d
--------------------------------------------------------------------------------
Revision date (fixed version):
2010-11-05 18:33:46 -0200
--------------------------------------------------------------------------------
Bug report id:
225
--------------------------------------------------------------------------------
Bug report url:
https://code.google.com/archive/p/mockito/issues/225
--------------------------------------------------------------------------------
Root cause in triggering tests:
 - org.mockito.internal.stubbing.defaultanswers.ReturnsSmartNullsTest::shouldPrintTheParametersWhenCallingAMethodWithArgs
   --> junit.framework.ComparisonFailure: expected:<... unstubbed withArgs([oompa, lumpa]) method on mock> but was:<... unstubbed withArgs([]) method on mock>
--------------------------------------------------------------------------------
List of modified sources:
 - org.mockito.internal.stubbing.defaultanswers.ReturnsSmartNulls
--------------------------------------------------------------------------------
",https://code.google.com/archive/p/mockito/issues/225,1,1,"
            Bug report URL: https://code.google.com/archive/p/mockito/issues/225

            Original files:
            {}

            Instruction: Given bug report URL and Original files, fix the bug by rewriting the files in orignal files

            STRICTLY follow this format for each file. Do NOT add any extra text, explanations, or quotes. Repeat the format for multiple files.

            ---FILE_START---
            FILENAME: <full_file_name>
            CONTENT:
            <full file content here>
            ---FILE_END---
            
            "
Mockito,32,"Summary of configuration for Project: Mockito
--------------------------------------------------------------------------------
    Script dir: /Users/likhithasurakasi/defects4j/framework
      Base dir: /Users/likhithasurakasi/defects4j
    Major root: /Users/likhithasurakasi/defects4j/major
      Repo dir: /Users/likhithasurakasi/defects4j/project_repos
--------------------------------------------------------------------------------
    Project ID: Mockito
       Program: mockito
    Build file: /Users/likhithasurakasi/defects4j/framework/projects/Mockito/Mockito.build.xml
--------------------------------------------------------------------------------
           Vcs: Vcs::Git
    Repository: /Users/likhithasurakasi/defects4j/project_repos/mockito.git
     Commit db: /Users/likhithasurakasi/defects4j/framework/projects/Mockito/active-bugs.csv
Number of bugs: 38
--------------------------------------------------------------------------------

Summary for Bug: Mockito-32
--------------------------------------------------------------------------------
Revision ID (fixed version):
4f7060cc54bb50292ccfbf3b9fca27f0282abf51
--------------------------------------------------------------------------------
Revision date (fixed version):
2010-09-02 18:23:03 +0000
--------------------------------------------------------------------------------
Bug report id:
216
--------------------------------------------------------------------------------
Bug report url:
https://code.google.com/archive/p/mockito/issues/216
--------------------------------------------------------------------------------
Root cause in triggering tests:
 - org.mockitousage.bugs.SpyShouldHaveNiceNameTest::shouldPrintNiceName
   --> junit.framework.AssertionFailedError: <'
--------------------------------------------------------------------------------
List of modified sources:
 - org.mockito.internal.configuration.SpyAnnotationEngine
--------------------------------------------------------------------------------
",https://code.google.com/archive/p/mockito/issues/216,1,1,"
            Bug report URL: https://code.google.com/archive/p/mockito/issues/216

            Original files:
            {}

            Instruction: Given bug report URL and Original files, fix the bug by rewriting the files in orignal files

            STRICTLY follow this format for each file. Do NOT add any extra text, explanations, or quotes. Repeat the format for multiple files.

            ---FILE_START---
            FILENAME: <full_file_name>
            CONTENT:
            <full file content here>
            ---FILE_END---
            
            "
Mockito,33,"Summary of configuration for Project: Mockito
--------------------------------------------------------------------------------
    Script dir: /Users/likhithasurakasi/defects4j/framework
      Base dir: /Users/likhithasurakasi/defects4j
    Major root: /Users/likhithasurakasi/defects4j/major
      Repo dir: /Users/likhithasurakasi/defects4j/project_repos
--------------------------------------------------------------------------------
    Project ID: Mockito
       Program: mockito
    Build file: /Users/likhithasurakasi/defects4j/framework/projects/Mockito/Mockito.build.xml
--------------------------------------------------------------------------------
           Vcs: Vcs::Git
    Repository: /Users/likhithasurakasi/defects4j/project_repos/mockito.git
     Commit db: /Users/likhithasurakasi/defects4j/framework/projects/Mockito/active-bugs.csv
Number of bugs: 38
--------------------------------------------------------------------------------

Summary for Bug: Mockito-33
--------------------------------------------------------------------------------
Revision ID (fixed version):
5cb37751c0aba81d025dc5fe4f2f9a3bf86cc958
--------------------------------------------------------------------------------
Revision date (fixed version):
2010-06-22 05:32:13 +0000
--------------------------------------------------------------------------------
Bug report id:
200
--------------------------------------------------------------------------------
Bug report url:
https://code.google.com/archive/p/mockito/issues/200
--------------------------------------------------------------------------------
Root cause in triggering tests:
 - org.mockitousage.bugs.InheritedGenericsPolimorphicCallTest::shouldStubbingWork
   --> junit.framework.AssertionFailedError
 - org.mockitousage.bugs.InheritedGenericsPolimorphicCallTest::shouldVerificationWorks
   --> junit.framework.AssertionFailedError: 
--------------------------------------------------------------------------------
List of modified sources:
 - org.mockito.internal.invocation.InvocationMatcher
--------------------------------------------------------------------------------
",https://code.google.com/archive/p/mockito/issues/200,1,1,"
            Bug report URL: https://code.google.com/archive/p/mockito/issues/200

            Original files:
            {}

            Instruction: Given bug report URL and Original files, fix the bug by rewriting the files in orignal files

            STRICTLY follow this format for each file. Do NOT add any extra text, explanations, or quotes. Repeat the format for multiple files.

            ---FILE_START---
            FILENAME: <full_file_name>
            CONTENT:
            <full file content here>
            ---FILE_END---
            
            "
Mockito,34,"Summary of configuration for Project: Mockito
--------------------------------------------------------------------------------
    Script dir: /Users/likhithasurakasi/defects4j/framework
      Base dir: /Users/likhithasurakasi/defects4j
    Major root: /Users/likhithasurakasi/defects4j/major
      Repo dir: /Users/likhithasurakasi/defects4j/project_repos
--------------------------------------------------------------------------------
    Project ID: Mockito
       Program: mockito
    Build file: /Users/likhithasurakasi/defects4j/framework/projects/Mockito/Mockito.build.xml
--------------------------------------------------------------------------------
           Vcs: Vcs::Git
    Repository: /Users/likhithasurakasi/defects4j/project_repos/mockito.git
     Commit db: /Users/likhithasurakasi/defects4j/framework/projects/Mockito/active-bugs.csv
Number of bugs: 38
--------------------------------------------------------------------------------

Summary for Bug: Mockito-34
--------------------------------------------------------------------------------
Revision ID (fixed version):
e8cebe01abae49a09aadd6a26c6f7e2f90e5e772
--------------------------------------------------------------------------------
Revision date (fixed version):
2009-12-11 20:30:44 +0000
--------------------------------------------------------------------------------
Bug report id:
157
--------------------------------------------------------------------------------
Bug report url:
https://code.google.com/archive/p/mockito/issues/157
--------------------------------------------------------------------------------
Root cause in triggering tests:
 - org.mockito.internal.invocation.InvocationMatcherTest::shouldMatchCaptureArgumentsWhenArgsCountDoesNOTMatch
   --> java.lang.ArrayIndexOutOfBoundsException: 0
 - org.mockitousage.basicapi.UsingVarargsTest::shouldMatchEasilyEmptyVararg
   --> java.lang.ArrayIndexOutOfBoundsException: 0
--------------------------------------------------------------------------------
List of modified sources:
 - org.mockito.internal.invocation.InvocationMatcher
--------------------------------------------------------------------------------
",https://code.google.com/archive/p/mockito/issues/157,1,1,"
            Bug report URL: https://code.google.com/archive/p/mockito/issues/157

            Original files:
            {}

            Instruction: Given bug report URL and Original files, fix the bug by rewriting the files in orignal files

            STRICTLY follow this format for each file. Do NOT add any extra text, explanations, or quotes. Repeat the format for multiple files.

            ---FILE_START---
            FILENAME: <full_file_name>
            CONTENT:
            <full file content here>
            ---FILE_END---
            
            "
Mockito,35,"Summary of configuration for Project: Mockito
--------------------------------------------------------------------------------
    Script dir: /Users/likhithasurakasi/defects4j/framework
      Base dir: /Users/likhithasurakasi/defects4j
    Major root: /Users/likhithasurakasi/defects4j/major
      Repo dir: /Users/likhithasurakasi/defects4j/project_repos
--------------------------------------------------------------------------------
    Project ID: Mockito
       Program: mockito
    Build file: /Users/likhithasurakasi/defects4j/framework/projects/Mockito/Mockito.build.xml
--------------------------------------------------------------------------------
           Vcs: Vcs::Git
    Repository: /Users/likhithasurakasi/defects4j/project_repos/mockito.git
     Commit db: /Users/likhithasurakasi/defects4j/framework/projects/Mockito/active-bugs.csv
Number of bugs: 38
--------------------------------------------------------------------------------

Summary for Bug: Mockito-35
--------------------------------------------------------------------------------
Revision ID (fixed version):
27a2f515197d4688c4df82afb791bf8ce20a5504
--------------------------------------------------------------------------------
Revision date (fixed version):
2009-11-09 22:36:06 +0000
--------------------------------------------------------------------------------
Bug report id:
98
--------------------------------------------------------------------------------
Bug report url:
https://code.google.com/archive/p/mockito/issues/98
--------------------------------------------------------------------------------
Root cause in triggering tests:
 - org.mockitousage.bugs.NPEWithCertainMatchersTest::shouldNotThrowNPEWhenIntPassed
   --> java.lang.NullPointerException
 - org.mockitousage.bugs.NPEWithCertainMatchersTest::shouldNotThrowNPEWhenIntegerPassed
   --> java.lang.NullPointerException
 - org.mockitousage.bugs.NPEWithCertainMatchersTest::shouldNotThrowNPEWhenIntegerPassedToEq
   --> java.lang.NullPointerException
 - org.mockitousage.bugs.NPEWithCertainMatchersTest::shouldNotThrowNPEWhenIntegerPassedToSame
   --> java.lang.NullPointerException
--------------------------------------------------------------------------------
List of modified sources:
 - org.mockito.Matchers
--------------------------------------------------------------------------------
",https://code.google.com/archive/p/mockito/issues/98,1,1,"
            Bug report URL: https://code.google.com/archive/p/mockito/issues/98

            Original files:
            {}

            Instruction: Given bug report URL and Original files, fix the bug by rewriting the files in orignal files

            STRICTLY follow this format for each file. Do NOT add any extra text, explanations, or quotes. Repeat the format for multiple files.

            ---FILE_START---
            FILENAME: <full_file_name>
            CONTENT:
            <full file content here>
            ---FILE_END---
            
            "
Mockito,36,"Summary of configuration for Project: Mockito
--------------------------------------------------------------------------------
    Script dir: /Users/likhithasurakasi/defects4j/framework
      Base dir: /Users/likhithasurakasi/defects4j
    Major root: /Users/likhithasurakasi/defects4j/major
      Repo dir: /Users/likhithasurakasi/defects4j/project_repos
--------------------------------------------------------------------------------
    Project ID: Mockito
       Program: mockito
    Build file: /Users/likhithasurakasi/defects4j/framework/projects/Mockito/Mockito.build.xml
--------------------------------------------------------------------------------
           Vcs: Vcs::Git
    Repository: /Users/likhithasurakasi/defects4j/project_repos/mockito.git
     Commit db: /Users/likhithasurakasi/defects4j/framework/projects/Mockito/active-bugs.csv
Number of bugs: 38
--------------------------------------------------------------------------------

Summary for Bug: Mockito-36
--------------------------------------------------------------------------------
Revision ID (fixed version):
84c142f56fe971ed52ecfe42b42bc0aa7bef8354
--------------------------------------------------------------------------------
Revision date (fixed version):
2009-11-08 20:07:50 +0000
--------------------------------------------------------------------------------
Bug report id:
140
--------------------------------------------------------------------------------
Bug report url:
https://code.google.com/archive/p/mockito/issues/140
--------------------------------------------------------------------------------
Root cause in triggering tests:
 - org.mockito.internal.invocation.InvocationTest::shouldScreamWhenCallingRealMethodOnInterface
   --> java.lang.NullPointerException
 - org.mockitousage.spies.SpyingOnInterfacesTest::shouldFailInRuntimeWhenCallingRealMethodOnInterface
   --> java.lang.NoSuchMethodError: java.lang.Object.get(I)Ljava/lang/Object;
--------------------------------------------------------------------------------
List of modified sources:
 - org.mockito.internal.invocation.Invocation
--------------------------------------------------------------------------------
",https://code.google.com/archive/p/mockito/issues/140,1,1,"
            Bug report URL: https://code.google.com/archive/p/mockito/issues/140

            Original files:
            {}

            Instruction: Given bug report URL and Original files, fix the bug by rewriting the files in orignal files

            STRICTLY follow this format for each file. Do NOT add any extra text, explanations, or quotes. Repeat the format for multiple files.

            ---FILE_START---
            FILENAME: <full_file_name>
            CONTENT:
            <full file content here>
            ---FILE_END---
            
            "
Mockito,37,"Summary of configuration for Project: Mockito
--------------------------------------------------------------------------------
    Script dir: /Users/likhithasurakasi/defects4j/framework
      Base dir: /Users/likhithasurakasi/defects4j
    Major root: /Users/likhithasurakasi/defects4j/major
      Repo dir: /Users/likhithasurakasi/defects4j/project_repos
--------------------------------------------------------------------------------
    Project ID: Mockito
       Program: mockito
    Build file: /Users/likhithasurakasi/defects4j/framework/projects/Mockito/Mockito.build.xml
--------------------------------------------------------------------------------
           Vcs: Vcs::Git
    Repository: /Users/likhithasurakasi/defects4j/project_repos/mockito.git
     Commit db: /Users/likhithasurakasi/defects4j/framework/projects/Mockito/active-bugs.csv
Number of bugs: 38
--------------------------------------------------------------------------------

Summary for Bug: Mockito-37
--------------------------------------------------------------------------------
Revision ID (fixed version):
c0222c2dbfbd2b053961a46e4c2a3973aec55a75
--------------------------------------------------------------------------------
Revision date (fixed version):
2009-11-08 19:32:25 +0000
--------------------------------------------------------------------------------
Bug report id:
140
--------------------------------------------------------------------------------
Bug report url:
https://code.google.com/archive/p/mockito/issues/140
--------------------------------------------------------------------------------
Root cause in triggering tests:
 - org.mockito.internal.stubbing.answers.AnswersValidatorTest::shouldFailWhenCallingRealMethodOnIterface
   --> junit.framework.AssertionFailedError
 - org.mockitousage.spies.SpyingOnInterfacesTest::shouldFailFastWhenCallingRealMethodOnInterface
   --> junit.framework.AssertionFailedError
--------------------------------------------------------------------------------
List of modified sources:
 - org.mockito.internal.stubbing.answers.AnswersValidator
--------------------------------------------------------------------------------
",https://code.google.com/archive/p/mockito/issues/140,1,1,"
            Bug report URL: https://code.google.com/archive/p/mockito/issues/140

            Original files:
            {}

            Instruction: Given bug report URL and Original files, fix the bug by rewriting the files in orignal files

            STRICTLY follow this format for each file. Do NOT add any extra text, explanations, or quotes. Repeat the format for multiple files.

            ---FILE_START---
            FILENAME: <full_file_name>
            CONTENT:
            <full file content here>
            ---FILE_END---
            
            "
Mockito,38,"Summary of configuration for Project: Mockito
--------------------------------------------------------------------------------
    Script dir: /Users/likhithasurakasi/defects4j/framework
      Base dir: /Users/likhithasurakasi/defects4j
    Major root: /Users/likhithasurakasi/defects4j/major
      Repo dir: /Users/likhithasurakasi/defects4j/project_repos
--------------------------------------------------------------------------------
    Project ID: Mockito
       Program: mockito
    Build file: /Users/likhithasurakasi/defects4j/framework/projects/Mockito/Mockito.build.xml
--------------------------------------------------------------------------------
           Vcs: Vcs::Git
    Repository: /Users/likhithasurakasi/defects4j/project_repos/mockito.git
     Commit db: /Users/likhithasurakasi/defects4j/framework/projects/Mockito/active-bugs.csv
Number of bugs: 38
--------------------------------------------------------------------------------

Summary for Bug: Mockito-38
--------------------------------------------------------------------------------
Revision ID (fixed version):
c1f2c4e6b5bab4cfc004f22999e11e8ac140d377
--------------------------------------------------------------------------------
Revision date (fixed version):
2009-07-09 11:23:58 +0000
--------------------------------------------------------------------------------
Bug report id:
79
--------------------------------------------------------------------------------
Bug report url:
https://code.google.com/archive/p/mockito/issues/79
--------------------------------------------------------------------------------
Root cause in triggering tests:
 - org.mockito.internal.verification.argumentmatching.ArgumentMatchingToolTest::shouldWorkFineWhenGivenArgIsNull
   --> java.lang.NullPointerException
 - org.mockitousage.bugs.ActualInvocationHasNullArgumentNPEBugTest::shouldAllowPassingNullArgument
   --> java.lang.NullPointerException
--------------------------------------------------------------------------------
List of modified sources:
 - org.mockito.internal.verification.argumentmatching.ArgumentMatchingTool
--------------------------------------------------------------------------------
",https://code.google.com/archive/p/mockito/issues/79,1,1,"
            Bug report URL: https://code.google.com/archive/p/mockito/issues/79

            Original files:
            {}

            Instruction: Given bug report URL and Original files, fix the bug by rewriting the files in orignal files

            STRICTLY follow this format for each file. Do NOT add any extra text, explanations, or quotes. Repeat the format for multiple files.

            ---FILE_START---
            FILENAME: <full_file_name>
            CONTENT:
            <full file content here>
            ---FILE_END---
            
            "
